date,price_usd,volume_usd
2014-01-01,752.404550,25911022.968100
2014-01-02,784.954921,36219312.924172
2014-01-03,807.222939,34865512.992539
2014-01-04,828.602063,33036042.128719
2014-01-05,902.487380,67448205.718140
2014-01-06,914.459961,76835643.872674
2014-01-07,803.351796,78033477.489979
2014-01-08,820.690010,53588332.201297
2014-01-09,831.334750,50168741.432868
2014-01-10,853.298855,25163378.616015
2014-01-11,889.555837,36419938.681789
2014-01-12,845.191332,31432593.693668
2014-01-13,822.877012,38582689.365215
2014-01-14,815.293603,16672656.691945
2014-01-15,841.089857,24060294.849279
2014-01-16,815.854800,15891950.037636
2014-01-17,792.829506,34641225.586040
2014-01-18,809.783528,13773271.058802
2014-01-19,838.428475,20868754.567872
2014-01-20,828.885217,22440609.841855
2014-01-21,823.817964,16137492.305007
2014-01-22,818.976386,14978977.248337
2014-01-23,810.922425,10947752.919040
2014-01-24,781.042514,28930968.466811
2014-01-25,804.403241,20371035.764474
2014-01-26,814.499381,30859411.155521
2014-01-27,742.701375,42391034.757463
2014-01-28,790.176402,38199354.215315
2014-01-29,793.384425,15965746.185308
2014-01-30,799.474480,23605994.619594
2014-01-31,803.237599,13872339.039544
2014-02-01,813.219549,15866999.178663
2014-02-02,814.490870,8540023.696885
2014-02-03,806.997428,10402698.755026
2014-02-04,800.078232,14507346.944461
2014-02-05,784.473693,19039934.861135
2014-02-06,763.569382,52244867.036811
2014-02-07,711.571273,122179726.785176
2014-02-08,677.682301,36236450.386398
2014-02-09,687.406055,35256685.578965
2014-02-10,685.457499,103891813.571764
2014-02-11,671.899692,65579722.342958
2014-02-12,653.765781,33289814.450931
2014-02-13,612.918415,46573943.673593
2014-02-14,668.788603,108390786.974902
2014-02-15,654.377060,42970106.299921
2014-02-16,623.250322,59755775.150332
2014-02-17,631.334596,45024680.785214
2014-02-18,627.271761,33547582.462492
2014-02-19,623.540137,21447775.997171
2014-02-20,563.768561,57866325.576647
2014-02-21,580.324316,46183611.505870
2014-02-22,607.124633,35139619.413371
2014-02-23,610.082324,37487135.682319
2014-02-24,542.266651,72647008.984145
2014-02-25,533.707644,107719098.589747
2014-02-26,587.578588,51472944.138007
2014-02-27,585.393926,17798301.520963
2014-02-28,551.294770,22476338.396608
2014-03-01,567.534235,13168250.679040
2014-03-02,558.527707,5690358.219516
2014-03-03,676.505733,75627275.785295
2014-03-04,674.511399,38065481.862435
2014-03-05,670.338851,14921525.182766
2014-03-06,667.712834,12376195.564251
2014-03-07,631.770295,25710143.726566
2014-03-08,621.524114,13267149.323362
2014-03-09,640.578889,11682254.496300
2014-03-10,628.151241,16173243.063458
2014-03-11,633.733838,8585385.834531
2014-03-12,634.646824,13663622.301166
2014-03-13,643.432101,6972241.712724
2014-03-14,628.308590,9617092.446879
2014-03-15,636.218650,2915633.349057
2014-03-16,634.168901,3585019.409249
2014-03-17,622.760209,8702117.175058
2014-03-18,614.309514,15041990.865847
2014-03-19,610.511203,7538781.575632
2014-03-20,586.607596,12289369.348981
2014-03-21,569.694518,25282531.562506
2014-03-22,564.700027,12046636.399227
2014-03-23,558.958862,6465605.713132
2014-03-24,585.023251,13954999.361253
2014-03-25,583.771189,8228569.465718
2014-03-26,579.243850,11322230.772406
2014-03-27,483.164013,49462003.934258
2014-03-28,498.661329,36890312.358504
2014-03-29,489.517024,6445949.852832
2014-03-30,458.966328,27754449.625973
2014-03-31,455.355354,20844995.480823
2014-04-01,479.008466,21888236.292413
2014-04-02,439.011493,30356800.603351
2014-04-03,449.441152,23685218.806357
2014-04-04,449.719870,12262802.733714
2014-04-05,461.675331,5373647.444328
2014-04-06,458.633481,4105020.585101
2014-04-07,448.655275,6657746.346231
2014-04-08,452.803099,5458398.045103
2014-04-09,442.837985,6119143.942184
2014-04-10,366.911866,39633278.962733
2014-04-11,421.943528,33479914.177778
2014-04-12,424.274213,9807872.900149
2014-04-13,416.362322,9396735.111817
2014-04-14,461.108247,30332372.883984
2014-04-15,521.615300,30653618.927584
2014-04-16,531.481847,33808705.921562
2014-04-17,499.837552,20804099.812785
2014-04-18,483.020014,11071740.098316
2014-04-19,504.365595,10497153.026751
2014-04-20,501.557184,6047499.434334
2014-04-21,498.084530,9094724.221065
2014-04-22,489.503510,6683976.744579
2014-04-23,490.632968,5706518.224373
2014-04-24,503.291801,7291479.096018
2014-04-25,466.426171,31225809.566181
2014-04-26,459.226710,8530526.790926
2014-04-27,438.709364,8435459.317666
2014-04-28,441.547805,15653115.924627
2014-04-29,447.709931,10625370.985867
2014-04-30,448.875716,8821638.429370
2014-05-01,460.194698,7532805.233303
2014-05-02,452.239780,6235248.042641
2014-05-03,438.978588,7311108.161026
2014-05-04,436.675399,4588784.039535
2014-05-05,432.338179,6596299.250584
2014-05-06,430.128205,7231016.334058
2014-05-07,442.182876,11797434.590087
2014-05-08,440.402763,5114434.657917
2014-05-09,452.698000,6073735.712924
2014-05-10,456.755846,4192074.001401
2014-05-11,439.114476,9383812.485661
2014-05-12,441.280956,4156294.438791
2014-05-13,439.005775,4249689.972305
2014-05-14,444.848206,5021077.270155
2014-05-15,446.961559,4163606.392433
2014-05-16,448.742154,3308416.593428
2014-05-17,449.222289,1997948.245106
2014-05-18,446.962641,2064774.825954
2014-05-19,447.404857,3658576.435200
2014-05-20,490.335648,26934114.939174
2014-05-21,493.933492,8693314.658055
2014-05-22,526.814288,20415911.994875
2014-05-23,523.699320,22493047.474190
2014-05-24,527.691243,6568832.074772
2014-05-25,573.312459,32521965.519991
2014-05-26,584.847975,18588221.070989
2014-05-27,573.928269,24382081.706279
2014-05-28,579.189319,11211076.108202
2014-05-29,570.349311,10216598.799099
2014-05-30,620.846361,30078842.881534
2014-05-31,627.892421,11667261.204590
2014-06-01,630.074954,40782335.928512
2014-06-02,663.505724,29254845.466326
2014-06-03,672.387897,24841564.743066
2014-06-04,643.887369,31515499.686688
2014-06-05,661.503558,15362968.806454
2014-06-06,650.133316,9231172.460230
2014-06-07,656.800272,8901670.734696
2014-06-08,657.819975,4617003.254439
2014-06-09,648.336322,10196812.967200
2014-06-10,650.936610,9958250.266537
2014-06-11,631.489022,15734183.891216
2014-06-12,591.975077,35696705.315594
2014-06-13,597.045000,23058125.285635
2014-06-14,575.559462,26679759.598328
2014-06-15,589.724646,15128591.581263
2014-06-16,590.567482,17354059.773430
2014-06-17,609.080003,11002056.394714
2014-06-18,607.629796,9470812.999295
2014-06-19,595.751477,7363771.039045
2014-06-20,591.531523,11074640.539841
2014-06-21,592.764350,5728367.298579
2014-06-22,599.634634,6538850.750819
2014-06-23,589.552300,7839011.598437
2014-06-24,579.973719,8643369.673125
2014-06-25,562.236780,11929757.858915
2014-06-26,580.749230,7458936.936183
2014-06-27,600.638305,11767441.588746
2014-06-28,594.390304,6346602.088107
2014-06-29,600.840518,3427242.524197
2014-06-30,638.946114,26721606.394575
2014-07-01,642.956597,21693148.869216
2014-07-02,651.298348,10621164.033082
2014-07-03,646.413389,8552524.862279
2014-07-04,630.635503,11452709.156085
2014-07-05,630.468342,4193749.432437
2014-07-06,634.672674,5178776.157458
2014-07-07,622.854979,9965049.164938
2014-07-08,624.894331,4338531.017787
2014-07-09,621.939092,5081222.486265
2014-07-10,616.522850,9568487.361556
2014-07-11,634.494378,8119244.253801
2014-07-12,636.923958,5886418.802583
2014-07-13,629.875750,5238279.628990
2014-07-14,619.197459,6102461.349971
2014-07-15,621.934601,5785948.109616
2014-07-16,616.351882,6800208.383023
2014-07-17,624.259275,6882769.492008
2014-07-18,630.750140,7790848.402190
2014-07-19,629.173364,3022760.499575
2014-07-20,625.248676,2513127.279711
2014-07-21,621.305331,5187660.404779
2014-07-22,619.823264,4413368.961123
2014-07-23,619.772817,5055517.413754
2014-07-24,602.879646,14239444.588038
2014-07-25,601.578514,6563153.824216
2014-07-26,594.702607,5820777.395048
2014-07-27,591.575444,4804176.547868
2014-07-28,587.493005,14668502.281953
2014-07-29,584.112393,6166878.277210
2014-07-30,562.914625,11974207.728409
2014-07-31,581.975562,14500685.150705
2014-08-01,596.506759,14683385.773056
2014-08-02,589.757262,4653457.407476
2014-08-03,586.753737,4161455.704098
2014-08-04,587.608335,6277955.035670
2014-08-05,581.881989,8273475.513974
2014-08-06,582.248371,8607172.476790
2014-08-07,586.046634,7892706.472404
2014-08-08,589.024413,6508276.276450
2014-08-09,588.978521,2878784.186282
2014-08-10,589.373502,4066860.884203
2014-08-11,573.441484,10436186.797929
2014-08-12,568.307520,9978094.109998
2014-08-13,548.370175,27147757.428432
2014-08-14,505.107500,36842516.668239
2014-08-15,500.323060,20466759.323804
2014-08-16,521.747963,16044980.195560
2014-08-17,497.764659,13995880.518822
2014-08-18,468.957918,35779871.233657
2014-08-19,486.794351,22959877.303230
2014-08-20,515.120354,28524753.785140
2014-08-21,519.307852,20162654.456191
2014-08-22,516.159369,16019933.207391
2014-08-23,497.125759,10787968.245562
2014-08-24,508.430742,6926949.312815
2014-08-25,501.610287,8232488.478972
2014-08-26,511.852322,11167087.522998
2014-08-27,510.162324,9768964.615340
2014-08-28,506.285152,7787447.365833
2014-08-29,508.866572,7527568.508704
2014-08-30,501.275723,5246827.644254
2014-08-31,478.511425,14741701.959673
2014-09-01,474.541490,9657092.057865
2014-09-02,474.430671,9481459.243268
2014-09-03,473.959203,4933558.301477
2014-09-04,489.555201,11701691.136774
2014-09-05,478.749783,6112208.489196
2014-09-06,480.642492,2911157.046019
2014-09-07,478.365501,3024008.009139
2014-09-08,468.975496,15815178.694098
2014-09-09,473.512027,10037207.442346
2014-09-10,477.778418,11583919.985886
2014-09-11,477.270682,7377521.050283
2014-09-12,473.997282,5774123.057844
2014-09-13,477.960974,7707644.506804
2014-09-14,475.648064,4399728.057284
2014-09-15,472.655630,6826509.898002
2014-09-16,464.177755,6909125.367263
2014-09-17,456.339891,11961580.812249
2014-09-18,426.880107,29729670.258177
2014-09-19,393.893891,28559984.972858
2014-09-20,411.041343,23384116.542328
2014-09-21,400.404531,15423671.767001
2014-09-22,400.881622,9823135.714743
2014-09-23,438.491801,31004572.664028
2014-09-24,423.700092,14358400.964862
2014-09-25,409.537750,14279328.907417
2014-09-26,405.298252,10379433.372234
2014-09-27,400.599335,6007876.137645
2014-09-28,375.549990,15296913.035567
2014-09-29,373.064558,17647169.481164
2014-09-30,389.264040,13719222.906725
2014-10-01,382.909366,10229170.562387
2014-10-02,372.525699,9464143.605913
2014-10-03,357.665714,16550236.119092
2014-10-04,328.826113,24808100.541221
2014-10-05,322.826262,48099528.874127
2014-10-06,326.803533,43136270.974402
2014-10-07,333.570195,18477428.672367
2014-10-08,354.407334,23141182.072403
2014-10-09,361.716425,42609455.188705
2014-10-10,358.890391,20412939.512134
2014-10-11,361.908377,10654465.873021
2014-10-12,377.871244,14219719.765760
2014-10-13,391.994209,28555638.608675
2014-10-14,400.880592,31651261.436198
2014-10-15,394.625880,21098690.329354
2014-10-16,382.321476,22330890.738035
2014-10-17,382.200790,10484373.072142
2014-10-18,391.293177,8670779.868220
2014-10-19,388.684498,4246521.743619
2014-10-20,381.190859,13185795.144754
2014-10-21,385.204634,10635923.223804
2014-10-22,380.778763,8286692.601150
2014-10-23,357.344793,22597737.534956
2014-10-24,357.488434,12720531.506845
2014-10-25,345.811247,15182037.199123
2014-10-26,353.081956,9224189.438414
2014-10-27,350.015712,9922614.283249
2014-10-28,354.653805,5306998.164488
2014-10-29,333.599350,15246708.477542
2014-10-30,344.609382,25721707.693577
2014-10-31,337.182913,10276912.957318
2014-11-01,324.371315,14164678.361006
2014-11-02,324.248567,6747470.459498
2014-11-03,325.361866,9732519.638128
2014-11-04,329.657704,12022760.234450
2014-11-05,338.805765,15817336.326433
2014-11-06,349.689912,15031083.451682
2014-11-07,342.133288,10394357.948807
2014-11-08,345.716333,4760848.294789
2014-11-09,363.610052,18306397.140982
2014-11-10,365.502254,21182150.340508
2014-11-11,367.825467,7433740.237350
2014-11-12,422.591420,64495368.998340
2014-11-13,421.914472,88788091.907628
2014-11-14,398.388883,35046120.800628
2014-11-15,377.993841,24315365.100169
2014-11-16,390.205823,14567246.074597
2014-11-17,387.501032,31650743.847233
2014-11-18,373.864565,22239686.245843
2014-11-19,377.613398,11664814.850575
2014-11-20,356.181265,15916205.912153
2014-11-21,350.748859,19985345.990217
2014-11-22,352.455515,9229339.968358
2014-11-23,367.773242,9405577.172894
2014-11-24,376.994224,25771889.667410
2014-11-25,376.755630,19502803.301773
2014-11-26,367.530208,14953367.802991
2014-11-27,369.530227,6616648.962027
2014-11-28,377.896932,19213640.389226
2014-11-29,376.076335,12535375.564219
2014-11-30,378.690397,7817007.504296
2014-12-01,379.111979,9078425.028669
2014-12-02,382.946796,8608492.069726
2014-12-03,375.916019,10617263.500795
2014-12-04,368.845568,11551209.279553
2014-12-05,378.428330,11687436.754173
2014-12-06,375.137951,5362558.472879
2014-12-07,376.639793,3551356.145651
2014-12-08,363.215677,13263118.000986
2014-12-09,351.106838,22379031.593534
2014-12-10,347.881394,8175307.234304
2014-12-11,348.593006,21012379.448153
2014-12-12,353.190613,8487521.040636
2014-12-13,349.242945,5891016.142052
2014-12-14,356.079722,6475774.111575
2014-12-15,347.095181,8119206.273734
2014-12-16,328.613320,20019868.398054
2014-12-17,320.297613,22419662.303159
2014-12-18,313.511651,25465105.275387
2014-12-19,318.242889,15131133.647828
2014-12-20,330.065758,13159576.814713
2014-12-21,320.992670,8555824.778890
2014-12-22,331.842584,12986789.452506
2014-12-23,336.084129,8863837.842401
2014-12-24,323.032298,8083373.129344
2014-12-25,318.996144,5226310.515340
2014-12-26,329.210342,8184340.626906
2014-12-27,315.968444,9989574.170637
2014-12-28,317.010480,5722565.761836
2014-12-29,313.065532,6489540.310119
2014-12-30,310.442004,7358169.699649
2014-12-31,320.662287,7020092.013768
2015-01-01,314.776472,3603247.135450
2015-01-02,315.942732,3287344.948737
2015-01-03,285.647310,22534237.803012
2015-01-04,263.334575,35897507.431289
2015-01-05,275.003852,18947301.078637
2015-01-06,287.549521,12131710.996622
2015-01-07,297.535565,11297603.003985
2015-01-08,284.342392,11703050.871638
2015-01-09,292.501115,12940253.380350
2015-01-10,276.230532,17049851.992234
2015-01-11,268.755515,11000125.257647
2015-01-12,268.617232,9921595.309935
2015-01-13,224.108118,54155527.492486
2015-01-14,175.637641,81450210.894648
2015-01-15,212.341011,60850293.763897
2015-01-16,207.595205,27281700.964668
2015-01-17,199.824837,15375696.233259
2015-01-18,211.132518,19644398.465356
2015-01-19,216.894695,11342026.961747
2015-01-20,211.919854,15998623.111689
2015-01-21,227.904210,20129703.507797
2015-01-22,233.647383,22158272.422423
2015-01-23,233.132852,14712969.399689
2015-01-24,249.082124,15180829.392874
2015-01-25,254.517941,23849444.317740
2015-01-26,273.952245,82213165.493454
2015-01-27,264.753805,30033873.188365
2015-01-28,235.735840,32513823.219679
2015-01-29,233.957373,24241456.347305
2015-01-30,228.896190,19867177.939342
2015-01-31,217.332156,18062621.621707
2015-02-01,227.111301,19931370.450109
2015-02-02,240.092420,19815203.975297
2015-02-03,227.775696,28049691.936905
2015-02-04,226.781134,17258380.936475
2015-02-05,217.011151,14250640.108271
2015-02-06,222.724969,13007744.826169
2015-02-07,228.647127,12264565.841922
2015-02-08,224.035989,10761445.521888
2015-02-09,220.768494,18078302.830765
2015-02-10,220.888154,10590883.107216
2015-02-11,219.495860,9978079.295072
2015-02-12,222.583228,8592650.002810
2015-02-13,236.555364,26836189.601810
2015-02-14,257.627696,31166468.122742
2015-02-15,234.445803,39905942.257111
2015-02-16,235.086127,18543508.159772
2015-02-17,243.905794,18853276.273874
2015-02-18,235.995232,16821184.346504
2015-02-19,241.872254,11152144.161063
2015-02-20,245.530775,14309770.090541
2015-02-21,245.596003,6980720.767727
2015-02-22,236.690668,13041854.736408
2015-02-23,239.066018,10969815.155627
2015-02-24,239.869262,8694545.566364
2015-02-25,238.236111,7091595.092190
2015-02-26,237.044402,8937559.587748
2015-02-27,255.116774,31449065.288765
2015-02-28,254.948449,8684510.003711
2015-03-01,260.651331,18478055.989429
2015-03-02,276.322614,30489659.487135
2015-03-03,282.705901,36873056.189723
2015-03-04,273.447537,31263839.213226
2015-03-05,276.268809,26803834.102671
2015-03-06,273.318115,17550230.459730
2015-03-07,276.403357,10548602.217865
2015-03-08,275.338034,7264034.840708
2015-03-09,290.130059,28170780.602250
2015-03-10,292.320383,32621924.325175
2015-03-11,296.693329,14862128.401019
2015-03-12,295.800345,15763687.374680
2015-03-13,285.911026,22176800.392406
2015-03-14,283.608306,11922458.978950
2015-03-15,287.270142,6751751.137120
2015-03-16,291.392118,13029220.108952
2015-03-17,285.248397,12345090.227530
2015-03-18,257.286160,38755069.301755
2015-03-19,262.092948,31697092.971295
2015-03-20,262.966492,9374356.962045
2015-03-21,261.184297,7832534.373525
2015-03-22,268.899416,9099617.427769
2015-03-23,266.777993,14297180.686588
2015-03-24,246.835083,27789038.803369
2015-03-25,246.719137,21801890.475210
2015-03-26,249.532994,14985685.867992
2015-03-27,247.378898,10664513.335697
2015-03-28,253.231614,8321115.294459
2015-03-29,242.967614,12802070.351328
2015-03-30,248.336935,14302534.450482
2015-03-31,244.712486,11479623.762128
2015-04-01,247.185819,11895192.367979
2015-04-02,253.630070,13013814.712578
2015-04-03,254.833164,12341333.103286
2015-04-04,253.945849,5185490.769620
2015-04-05,261.112136,10115834.676503
2015-04-06,256.367387,10500590.409894
2015-04-07,254.831898,8205299.874466
2015-04-08,245.825210,17881540.016559
2015-04-09,243.860636,12499298.804177
2015-04-10,235.871901,16709507.902600
2015-04-11,237.409068,8273583.359575
2015-04-12,237.141042,5145953.344275
2015-04-13,225.505636,18967826.839153
2015-04-14,219.757237,17931690.719710
2015-04-15,223.313908,11113852.672299
2015-04-16,228.493815,12709751.299220
2015-04-17,222.785060,10823799.324637
2015-04-18,223.398044,5725026.410506
2015-04-19,223.284135,7310154.267574
2015-04-20,224.894904,9128127.010680
2015-04-21,234.939357,13855471.616315
2015-04-22,233.822419,11229006.877496
2015-04-23,235.933294,7537602.016364
2015-04-24,231.458592,10095497.464725
2015-04-25,226.445993,6527386.088439
2015-04-26,220.503407,15279136.890175
2015-04-27,227.325990,15776002.467617
2015-04-28,225.549369,9059002.527547
2015-04-29,225.669288,7838767.597043
2015-04-30,236.327976,18045164.364711
2015-05-01,232.746583,9337695.912695
2015-05-02,235.540077,5519639.918967
2015-05-03,240.464249,8214419.571179
2015-05-04,238.976661,11513914.078096
2015-05-05,236.023383,12000145.553647
2015-05-06,229.481219,16547130.066473
2015-05-07,237.130687,12959212.355665
2015-05-08,244.383473,13830832.392422
2015-05-09,242.705950,8424705.207902
2015-05-10,240.731484,6077152.472234
2015-05-11,242.249837,9501272.587625
2015-05-12,242.209092,8100570.703433
2015-05-13,236.550266,12994272.702860
2015-05-14,236.948917,10187911.943997
2015-05-15,237.484502,6739932.806505
2015-05-16,235.812134,3724656.548560
2015-05-17,236.963683,3740258.614040
2015-05-18,232.883850,8395183.050579
2015-05-19,231.974447,5738486.427388
2015-05-20,234.190306,7521684.351915
2015-05-21,235.553822,6387901.845863
2015-05-22,240.323204,11472070.305485
2015-05-23,238.963282,4669642.555345
2015-05-24,240.711758,4044225.311948
2015-05-25,237.003543,5408509.619308
2015-05-26,236.796261,7205679.508326
2015-05-27,237.203596,7056485.616653
2015-05-28,236.956882,5214635.795997
2015-05-29,236.646527,6276119.349626
2015-05-30,232.788770,6963882.825301
2015-05-31,229.450548,6206247.936248
2015-06-01,223.282702,14459572.412436
2015-06-02,225.320801,9296243.120180
2015-06-03,225.213063,8503911.245917
2015-06-04,223.540077,6393308.005430
2015-06-05,224.731072,8877949.831689
2015-06-06,225.160513,3722899.215028
2015-06-07,223.411686,6118724.806433
2015-06-08,228.774291,12159634.468240
2015-06-09,229.370530,8987834.067621
2015-06-10,228.588487,6654595.337214
2015-06-11,229.584412,6307552.556508
2015-06-12,229.811219,6311072.403257
2015-06-13,233.015345,5605790.632379
2015-06-14,232.507109,4296416.466532
2015-06-15,236.790963,10271691.382879
2015-06-16,251.432677,23505767.772150
2015-06-17,247.969318,22740163.193068
2015-06-18,249.012480,14686504.960930
2015-06-19,244.803484,11384868.269046
2015-06-20,245.582513,9620494.190874
2015-06-21,244.300260,4330892.954103
2015-06-22,247.017892,9046789.805035
2015-06-23,244.184763,7327172.108032
2015-06-24,240.451545,8480387.866792
2015-06-25,242.347858,6529106.538259
2015-06-26,242.967997,7173806.336428
2015-06-27,251.529327,9936954.189591
2015-06-28,249.058286,8248466.659331
2015-06-29,256.650222,18814963.685739
2015-06-30,263.854357,25634210.836035
2015-07-01,258.042648,14359179.256663
2015-07-02,254.747113,11200330.850893
2015-07-03,256.087043,8864135.113841
2015-07-04,260.509240,7088118.970994
2015-07-05,271.302458,25174529.069203
2015-07-06,269.137940,29477223.191356
2015-07-07,266.469919,14849425.320441
2015-07-08,270.576143,20385199.497236
2015-07-09,269.680305,16468420.540172
2015-07-10,285.558781,49285538.120754
2015-07-11,293.917454,21821570.000562
2015-07-12,311.481880,36067232.930970
2015-07-13,292.649224,41274235.056208
2015-07-14,287.740951,15465218.480718
2015-07-15,285.922885,14773584.560331
2015-07-16,278.532749,28588518.231651
2015-07-17,280.064725,15532187.759298
2015-07-18,277.354635,10166235.382302
2015-07-19,275.281989,6373468.782822
2015-07-20,279.114393,9963985.438757
2015-07-21,276.652413,10644073.724076
2015-07-22,277.764369,9273427.962591
2015-07-23,276.811629,7052220.788941
2015-07-24,289.305976,19225566.392281
2015-07-25,289.507640,9198047.453161
2015-07-26,293.314843,7671576.055351
2015-07-27,294.426762,17130198.605902
2015-07-28,295.410125,11903497.103534
2015-07-29,289.855836,12720067.804347
2015-07-30,288.236261,10704479.517454
2015-07-31,284.597324,12022717.221953
2015-08-01,281.668846,9131950.615070
2015-08-02,282.423006,7869796.713368
2015-08-03,282.185052,10170049.110772
2015-08-04,285.286617,9853571.759455
2015-08-05,282.338887,8298647.521347
2015-08-06,278.995749,8645095.883869
2015-08-07,279.488715,11415150.621562
2015-08-08,261.450276,18874394.727419
2015-08-09,266.342020,12270101.241687
2015-08-10,264.928825,10362104.664093
2015-08-11,271.421736,11422530.750113
2015-08-12,268.143868,13347177.957321
2015-08-13,264.691628,13987824.550710
2015-08-14,266.355942,14067685.497670
2015-08-15,261.936837,9850567.917994
2015-08-16,258.930817,16299943.061971
2015-08-17,258.009398,11154575.051235
2015-08-18,217.885883,33151433.102097
2015-08-19,227.218252,33098044.997005
2015-08-20,235.523883,17710370.009662
2015-08-21,232.800618,11519641.376518
2015-08-22,230.639173,13690523.865924
2015-08-23,228.673074,10040844.022486
2015-08-24,211.955918,30512365.348310
2015-08-25,222.655039,36226428.836006
2015-08-26,226.116700,18734365.827130
2015-08-27,224.939877,11495278.825790
2015-08-28,232.170808,18490041.852516
2015-08-29,229.826200,9442158.028945
2015-08-30,229.019572,10024433.435035
2015-08-31,230.689466,12054053.057474
2015-09-01,227.955570,13390298.208918
2015-09-02,229.502181,11859277.255276
2015-09-03,227.107122,11033762.441999
2015-09-04,231.177563,11761817.940877
2015-09-05,235.903006,12254182.556689
2015-09-06,240.805472,16564372.149466
2015-09-07,240.633616,11580633.693512
2015-09-08,244.174953,16070199.192349
2015-09-09,238.722463,14463986.918219
2015-09-10,238.750477,12587570.240794
2015-09-11,240.845008,11566160.684138
2015-09-12,236.351832,10260676.406643
2015-09-13,230.548837,11037703.733835
2015-09-14,230.948794,11746644.046622
2015-09-15,230.398590,10658200.268832
2015-09-16,229.043286,11525339.316753
2015-09-17,233.202698,11493904.497391
2015-09-18,233.175131,10943360.721570
2015-09-19,232.241568,6416966.923556
2015-09-20,231.362324,6819533.440922
2015-09-21,226.773448,10575627.049376
2015-09-22,230.626305,14638025.534932
2015-09-23,230.132438,8318861.175849
2015-09-24,234.319868,15086510.807435
2015-09-25,235.538222,12257069.575586
2015-09-26,234.591814,7555683.505110
2015-09-27,233.243310,7226480.383279
2015-09-28,240.017265,13752208.940687
2015-09-29,237.336234,12010543.806594
2015-09-30,236.739848,10593252.467721
2015-10-01,238.229814,11144214.633357
2015-10-02,237.937007,10726138.579282
2015-10-03,239.735898,9323814.518819
2015-10-04,239.516925,6896455.678312
2015-10-05,240.961214,13129372.502450
2015-10-06,246.940498,16802520.470441
2015-10-07,243.734487,13462426.128846
2015-10-08,243.029633,9474162.971739
2015-10-09,244.448887,8045985.302085
2015-10-10,245.955924,8210861.579849
2015-10-11,248.528165,8812396.670924
2015-10-12,246.093637,8302167.359169
2015-10-13,250.471301,16953048.450182
2015-10-14,253.142326,16015044.665918
2015-10-15,254.693015,14119472.792130
2015-10-16,262.737363,22698774.531727
2015-10-17,271.930939,27923512.093179
2015-10-18,263.481677,13143069.150340
2015-10-19,264.362728,13252084.281464
2015-10-20,270.832212,17214711.734119
2015-10-21,268.040218,14286113.799574
2015-10-22,275.414956,24083853.462317
2015-10-23,278.612778,16638513.552200
2015-10-24,283.611143,14620929.772942
2015-10-25,286.049693,29799013.750031
2015-10-26,286.703383,17857116.043168
2015-10-27,295.562914,28889388.586404
2015-10-28,304.442097,33413557.928706
2015-10-29,314.879462,40557515.716010
2015-10-30,328.492321,53953571.174190
2015-10-31,314.119508,38169562.097584
2015-11-01,329.854228,21608268.490791
2015-11-02,364.616628,61968106.288309
2015-11-03,400.923105,138448316.230064
2015-11-04,405.481681,225903360.417949
2015-11-05,384.341223,119796930.775385
2015-11-06,372.975418,79971576.261443
2015-11-07,386.504551,32592900.373502
2015-11-08,372.400130,30964257.733615
2015-11-09,380.495644,38312375.566234
2015-11-10,337.830502,66809521.910014
2015-11-11,308.922186,73783329.552166
2015-11-12,337.522989,48186420.405283
2015-11-13,337.278958,31766557.162689
2015-11-14,333.047117,24340555.847263
2015-11-15,319.928022,29245209.978467
2015-11-16,331.132725,28063415.306692
2015-11-17,335.849786,31922532.482063
2015-11-18,335.744505,25352924.610258
2015-11-19,326.232146,25919385.571058
2015-11-20,321.940475,29269605.089537
2015-11-21,325.905231,13653655.071701
2015-11-22,323.716966,9798476.480453
2015-11-23,323.012556,12590437.636923
2015-11-24,319.961357,13798184.480570
2015-11-25,328.960457,21892810.410922
2015-11-26,356.255293,64509306.070534
2015-11-27,359.268824,29637546.064359
2015-11-28,356.567323,18132860.723759
2015-11-29,371.707613,21189965.512005
2015-11-30,377.389840,41562599.603145
2015-12-01,362.532376,35696746.678008
2015-12-02,359.222404,29326102.471956
2015-12-03,361.210068,30118740.470866
2015-12-04,363.241632,16908389.193708
2015-12-05,389.362959,37100895.669653
2015-12-06,393.319130,48184044.097667
2015-12-07,395.346588,34392205.704264
2015-12-08,413.798660,31755198.720828
2015-12-09,417.632671,53692430.597402
2015-12-10,415.729924,27036140.302657
2015-12-11,453.861480,71039603.047879
2015-12-12,435.855722,94459449.665458
2015-12-13,434.403466,31080633.215220
2015-12-14,442.991690,105428279.229027
2015-12-15,464.617872,47226244.379924
2015-12-16,454.142492,74097992.318548
2015-12-17,456.240135,23105129.250923
2015-12-18,463.175770,34988583.668475
2015-12-19,461.399908,28920410.540137
2015-12-20,442.153990,48277212.057131
2015-12-21,437.640129,51056953.670495
2015-12-22,435.268379,28958759.437275
2015-12-23,442.665727,25537914.582093
2015-12-24,455.878713,30157219.917034
2015-12-25,455.718826,21346663.114118
2015-12-26,418.221532,88441623.609898
2015-12-27,422.705895,31185122.156714
2015-12-28,421.052880,31690209.203556
2015-12-29,431.340021,28950099.630206
2015-12-30,426.043647,27973921.316431
2015-12-31,429.677153,28097244.704344
2016-01-01,434.678006,21092962.174871
2016-01-02,434.439877,16724215.996164
2016-01-03,430.136180,23556114.478697
2016-01-04,433.448971,22647157.193902
2016-01-05,432.669503,19330753.655290
2016-01-06,430.677870,20064647.535370
2016-01-07,459.208940,58260290.300906
2016-01-08,454.134424,36581378.236282
2016-01-09,449.845216,17766296.393455
2016-01-10,448.580216,20364378.002849
2016-01-11,449.033059,24165694.401905
2016-01-12,441.768157,27072392.754549
2016-01-13,432.310645,34472494.599055
2016-01-14,429.823225,19404148.347469
2016-01-15,367.823200,102766677.902611
2016-01-16,388.071205,65870989.631031
2016-01-17,382.482086,27472171.067496
2016-01-18,384.865167,27180307.137982
2016-01-19,378.161725,23300969.967021
2016-01-20,420.622924,71158519.330215
2016-01-21,409.298460,34360672.259787
2016-01-22,381.046459,55251402.568906
2016-01-23,386.370603,32700172.876164
2016-01-24,403.446927,33322057.706638
2016-01-25,391.986097,34217980.408780
2016-01-26,391.142935,34887154.136621
2016-01-27,394.627530,24383522.613330
2016-01-28,378.900996,33548294.595698
2016-01-29,378.999995,53684877.978299
2016-01-30,377.262779,17182574.911635
2016-01-31,366.341688,22760716.249432
2016-02-01,371.223435,29379272.288556
2016-02-02,372.927631,20377017.717057
2016-02-03,368.098207,22151474.664427
2016-02-04,389.723081,37323460.835736
2016-02-05,384.398414,23625366.520659
2016-02-06,374.631556,30660544.628435
2016-02-07,375.153918,19899213.602155
2016-02-08,370.814350,26786097.270173
2016-02-09,373.511613,27342936.988256
2016-02-10,379.082612,50502198.772620
2016-02-11,377.639165,41688148.416727
2016-02-12,382.294456,36212210.412082
2016-02-13,389.598432,35013672.065679
2016-02-14,406.150669,38783218.396471
2016-02-15,399.267619,42320337.577366
2016-02-16,407.035309,37181661.559730
2016-02-17,415.324113,48072673.355816
2016-02-18,421.289663,43452598.702455
2016-02-19,419.626529,26751798.657321
2016-02-20,440.195760,54515047.880061
2016-02-21,438.718613,51906228.452873
2016-02-22,437.535295,37168554.604870
2016-02-23,420.032593,50431536.871472
2016-02-24,423.995113,39414636.183421
2016-02-25,424.090870,41970947.906523
2016-02-26,431.762242,32509127.843100
2016-02-27,432.947846,27186668.795132
2016-02-28,433.102263,35435902.107031
2016-02-29,437.775873,36937701.245185
2016-03-01,432.807867,46506302.454837
2016-03-02,423.079789,49449892.792254
2016-03-03,419.268821,65162277.111578
2016-03-04,407.990154,66472553.536337
2016-03-05,397.314454,110955785.870773
2016-03-06,403.705187,73643085.366197
2016-03-07,413.229366,64422344.795460
2016-03-08,411.425953,50189516.461264
2016-03-09,412.540704,48127103.271046
2016-03-10,416.340929,60378368.243731
2016-03-11,419.511934,49872764.459852
2016-03-12,410.264163,71488846.275605
2016-03-13,411.805882,58059335.256249
2016-03-14,415.026957,78040029.139195
2016-03-15,415.266400,49838040.268793
2016-03-16,417.024118,45855739.124550
2016-03-17,418.605364,65193983.266332
2016-03-18,408.901587,80931353.688422
2016-03-19,409.124430,42506749.117206
2016-03-20,412.056954,31590138.230278
2016-03-21,411.601774,43745837.675151
2016-03-22,416.581654,40079134.169581
2016-03-23,417.378300,36939131.924677
2016-03-24,413.560240,44534995.418253
2016-03-25,416.373244,29841271.029076
2016-03-26,416.823097,23632214.808181
2016-03-27,425.454960,43340531.738580
2016-03-28,422.917447,42239714.618832
2016-03-29,415.863829,46946469.212236
2016-03-30,412.777698,40153855.156156
2016-03-31,415.956811,34222631.960730
2016-04-01,417.200660,27453243.459880
2016-04-02,419.763057,21706263.179090
2016-04-03,420.073579,16409465.041814
2016-04-04,419.540728,26065546.186429
2016-04-05,422.501364,36556275.970205
2016-04-06,421.907191,32809642.298136
2016-04-07,421.467220,30854487.242604
2016-04-08,418.643461,34584348.802803
2016-04-09,418.758635,29306828.738259
2016-04-10,421.954489,52428216.914014
2016-04-11,423.273044,31977174.358784
2016-04-12,427.427665,46601821.751637
2016-04-13,424.872518,48275516.805629
2016-04-14,425.856595,27517355.301146
2016-04-15,430.724419,35908552.218433
2016-04-16,432.216313,26208651.517435
2016-04-17,429.339969,38342904.730353
2016-04-18,429.656934,36645845.145963
2016-04-19,437.568726,32407552.163831
2016-04-20,442.661653,49408436.472457
2016-04-21,452.164703,43504460.249883
2016-04-22,448.134421,38192502.490236
2016-04-23,453.914723,35092299.752346
2016-04-24,463.382871,49335479.081769
2016-04-25,465.316007,60360804.218623
2016-04-26,469.608765,54927381.577224
2016-04-27,445.741113,68489168.565325
2016-04-28,451.060062,52321488.628303
2016-04-29,457.009965,32257733.525441
2016-04-30,449.900485,51296427.173301
2016-05-01,455.010731,28514016.498923
2016-05-02,444.933061,77624550.633397
2016-05-03,451.628850,44766220.859462
2016-05-04,448.367968,37429112.752974
2016-05-05,449.336072,37144491.742327
2016-05-06,461.693862,54931038.421348
2016-05-07,461.361842,28179285.814796
2016-05-08,461.378872,32080093.164644
2016-05-09,463.462232,38449511.171950
2016-05-10,451.079668,44880199.130132
2016-05-11,453.896305,37117008.839016
2016-05-12,455.607256,48432439.362447
2016-05-13,457.241903,45629115.284741
2016-05-14,458.119525,26829749.836218
2016-05-15,460.857721,19856399.284119
2016-05-16,455.224077,42948056.954285
2016-05-17,453.545777,49420119.018305
2016-05-18,454.486184,74220226.330686
2016-05-19,437.724187,80852444.126137
2016-05-20,442.396799,69224275.069174
2016-05-21,444.078207,33921377.073418
2016-05-22,440.558669,30727003.534282
2016-05-23,444.205057,39505955.706476
2016-05-24,445.674455,55470506.989253
2016-05-25,450.549527,51121872.757113
2016-05-26,454.433722,51926187.588225
2016-05-27,471.820117,132958214.299723
2016-05-28,530.910598,140134307.218999
2016-05-29,527.549712,124324503.571677
2016-05-30,533.493149,62141505.418588
2016-05-31,530.943693,102065212.169792
2016-06-01,537.613679,60281247.921223
2016-06-02,538.771243,40207717.794567
2016-06-03,570.175988,88775297.016768
2016-06-04,574.266202,74349313.412270
2016-06-05,575.137638,57221738.168337
2016-06-06,585.857149,55616754.014991
2016-06-07,578.469241,79952427.871449
2016-06-08,583.097585,52526192.310846
2016-06-09,577.101700,43850842.572701
2016-06-10,579.814994,41472525.228636
2016-06-11,605.449557,54036471.235246
2016-06-12,670.392374,200435628.870581
2016-06-13,704.321778,192893438.514387
2016-06-14,684.948319,147070402.368624
2016-06-15,695.001468,76821833.463280
2016-06-16,767.420031,218840004.273244
2016-06-17,750.014634,327551782.584072
2016-06-18,758.288780,213252006.183904
2016-06-19,766.767133,123868012.556871
2016-06-20,722.497452,214029717.639471
2016-06-21,669.604205,254848279.194913
2016-06-22,594.832975,319290725.499972
2016-06-23,627.677856,190223524.473993
2016-06-24,664.126986,183078258.306527
2016-06-25,668.872684,100574146.947953
2016-06-26,630.434242,87297484.555251
2016-06-27,652.244808,92453931.402122
2016-06-28,647.218768,104879635.324948
2016-06-29,638.586346,91916382.302726
2016-06-30,674.284815,89568142.666870
2016-07-01,677.512386,95425280.166748
2016-07-02,702.739317,71807920.452791
2016-07-03,662.550086,98461275.121131
2016-07-04,679.842453,82503383.463971
2016-07-05,668.165981,90950007.226885
2016-07-06,677.651333,63216616.702854
2016-07-07,640.053236,155831280.949608
2016-07-08,665.051708,97578092.962997
2016-07-09,651.941914,129998198.695466
2016-07-10,649.959341,58688291.356661
2016-07-11,650.272595,69131775.395174
2016-07-12,670.023128,94017963.770093
2016-07-13,658.333613,80553218.392888
2016-07-14,660.905960,79014691.891573
2016-07-15,666.758671,66862300.160324
2016-07-16,665.275622,34156903.864000
2016-07-17,681.089602,79875301.863056
2016-07-18,675.118579,67742964.377335
2016-07-19,674.660360,59515947.072017
2016-07-20,667.305365,101094861.525249
2016-07-21,666.851739,64832748.180025
2016-07-22,650.562912,119565588.699261
2016-07-23,657.377943,60337185.210342
2016-07-24,661.393980,92865259.342208
2016-07-25,655.119578,70584487.503902
2016-07-26,654.626339,208396659.190172
2016-07-27,656.275147,123161990.091476
2016-07-28,656.196453,78182533.680517
2016-07-29,657.557568,52800749.630619
2016-07-30,655.361730,35645378.179185
2016-07-31,624.804487,96223123.571868
2016-08-01,606.509248,111025814.804887
2016-08-02,526.981148,285699699.952390
2016-08-03,570.347041,150197597.247281
2016-08-04,583.542158,90599028.983651
2016-08-05,581.279806,42428398.856418
2016-08-06,590.795403,46856253.074743
2016-08-07,594.732324,51149337.228672
2016-08-08,591.629284,36982752.356763
2016-08-09,587.932138,66312575.042822
2016-08-10,589.968758,74654390.505281
2016-08-11,589.585885,52710738.027094
2016-08-12,587.191650,48641941.569437
2016-08-13,585.363582,29645858.808031
2016-08-14,571.387063,37348414.061063
2016-08-15,566.564441,34669561.684652
2016-08-16,578.414924,33996542.508088
2016-08-17,573.663744,30363863.527450
2016-08-18,573.263192,30544031.920917
2016-08-19,573.958458,26986261.150671
2016-08-20,581.797070,25528471.661662
2016-08-21,580.792193,17442878.646813
2016-08-22,584.971898,49376358.853061
2016-08-23,582.627747,60062746.820489
2016-08-24,578.701832,35406432.568943
2016-08-25,576.033437,38327662.991824
2016-08-26,578.874653,30727108.159347
2016-08-27,570.200994,24796838.952048
2016-08-28,575.105233,68990798.181338
2016-08-29,573.429268,82458385.095281
2016-08-30,575.695698,46864735.666996
2016-08-31,572.272758,50364166.809898
2016-09-01,572.221702,56204269.380569
2016-09-02,576.846767,59021187.623641
2016-09-03,600.374407,107078437.117124
2016-09-04,610.538913,63998855.347357
2016-09-05,607.526964,55437369.380959
2016-09-06,612.995458,57844747.490457
2016-09-07,615.659819,53858427.485856
2016-09-08,630.550172,58399010.975887
2016-09-09,622.977884,41725643.342758
2016-09-10,624.752640,27459640.619017
2016-09-11,608.246676,54468625.085331
2016-09-12,607.707373,43315310.501476
2016-09-13,608.694296,50259528.234560
2016-09-14,609.413088,28663954.329476
2016-09-15,607.070263,41697386.165288
2016-09-16,607.806438,45265454.255945
2016-09-17,607.381450,23698742.968326
2016-09-18,611.533460,32732647.864911
2016-09-19,608.871306,36062827.263256
2016-09-20,608.371749,54877831.531481
2016-09-21,596.945757,59832867.237820
2016-09-22,595.564717,44847824.568136
2016-09-23,602.378785,31422281.301573
2016-09-24,602.687360,20484275.636217
2016-09-25,600.610055,19249013.246505
2016-09-26,606.778811,38519277.846487
2016-09-27,605.151614,29112482.214840
2016-09-28,604.686494,29478070.889986
2016-09-29,605.202562,29490409.303889
2016-09-30,608.865841,31694762.624390
2016-10-01,615.408479,33372177.557971
2016-10-02,611.748578,21673284.373485
2016-10-03,612.590347,25905117.757001
2016-10-04,610.007881,30509127.730110
2016-10-05,612.147781,48708097.445148
2016-10-06,611.760863,38711593.708190
2016-10-07,617.905705,40856102.287641
2016-10-08,619.301002,24666888.018643
2016-10-09,617.101041,20618561.915833
2016-10-10,618.085200,33723702.998545
2016-10-11,642.981387,62864230.109087
2016-10-12,636.597932,36737404.728178
2016-10-13,635.444095,32156368.626572
2016-10-14,639.586090,34577310.924139
2016-10-15,637.283759,20185071.249398
2016-10-16,642.913043,19051556.182649
2016-10-17,639.137536,30668208.637696
2016-10-18,635.576509,37055908.505075
2016-10-19,629.640708,35964683.274357
2016-10-20,628.598901,28024828.006187
2016-10-21,630.906203,26101570.853471
2016-10-22,654.508631,37514203.661409
2016-10-23,651.961957,25483135.124503
2016-10-24,650.027167,31936450.685530
2016-10-25,655.792505,51324205.859837
2016-10-26,675.109869,45569375.211811
2016-10-27,686.523327,53135384.743306
2016-10-28,690.390655,47420665.407052
2016-10-29,715.445469,89580798.731777
2016-10-30,699.333411,54873278.818231
2016-10-31,698.897728,50652309.615250
2016-11-01,730.578480,84894098.471178
2016-11-02,740.367056,46692707.285299
2016-11-03,689.939207,105824057.883860
2016-11-04,705.432017,57919062.394230
2016-11-05,706.819326,27279490.381669
2016-11-06,715.896880,32550150.934731
2016-11-07,706.181217,39876027.754737
2016-11-08,711.835847,51919086.202832
2016-11-09,721.501510,99155178.850514
2016-11-10,713.407616,42505447.466764
2016-11-11,715.703311,37186402.565793
2016-11-12,703.847551,44344063.010127
2016-11-13,703.626435,51984532.112095
2016-11-14,705.643584,49167697.631356
2016-11-15,712.347153,51854234.263527
2016-11-16,742.050118,111586159.651680
2016-11-17,735.318081,87524984.431228
2016-11-18,749.578727,63616745.857437
2016-11-19,751.213819,47768520.830403
2016-11-20,730.350814,66356342.438779
2016-11-21,736.506984,43561792.073054
2016-11-22,747.997678,66544891.559538
2016-11-23,741.240318,69500093.865935
2016-11-24,737.354976,62231011.070413
2016-11-25,739.685200,38959553.137942
2016-11-26,734.652926,31690698.637324
2016-11-27,727.741116,29740670.748544
2016-11-28,730.082484,37999279.617491
2016-11-29,731.646436,45250511.377517
2016-11-30,742.204451,62665227.709148
2016-12-01,753.674910,66938727.411563
2016-12-02,772.302383,92108215.424005
2016-12-03,766.110468,73141065.127211
2016-12-04,766.380139,30361185.243308
2016-12-05,752.670726,77469731.222540
2016-12-06,759.117326,91566533.235702
2016-12-07,764.987650,62593640.721699
2016-12-08,767.659225,50820680.641302
2016-12-09,771.902321,35341778.952894
2016-12-10,775.474561,26234546.916559
2016-12-11,770.496150,31680977.431804
2016-12-12,778.506599,39740945.648100
2016-12-13,778.930695,46751251.602735
2016-12-14,776.963961,35839479.579732
2016-12-15,776.176782,36927768.584318
2016-12-16,782.230216,31267927.775980
2016-12-17,789.602932,30587309.706626
2016-12-18,790.632967,21789482.638646
2016-12-19,790.279032,30283509.328983
2016-12-20,799.777521,47975649.373221
2016-12-21,828.483679,90958822.469322
2016-12-22,858.501434,124501909.671090
2016-12-23,915.562438,172525228.777643
2016-12-24,891.155272,86862875.826989
2016-12-25,896.003279,92037972.461688
2016-12-26,903.201247,97683959.858590
2016-12-27,925.950810,100696306.379638
2016-12-28,979.960974,156114584.803830
2016-12-29,973.462559,140165081.547472
2016-12-30,961.182658,143910516.305177
2016-12-31,968.970597,59433767.143517
2017-01-01,997.257358,83786513.707745
2017-01-02,1017.077886,162541538.265223
2017-01-03,1032.609053,134041692.625599
2017-01-04,1134.496445,387823993.811915
2017-01-05,1000.498129,501681642.858814
2017-01-06,892.463956,356214942.295172
2017-01-07,903.453284,243772327.276266
2017-01-08,912.484997,157344478.290986
2017-01-09,903.508667,145959698.654010
2017-01-10,906.498947,110760521.583730
2017-01-11,788.314656,316506131.507752
2017-01-12,807.109834,214685612.362611
2017-01-13,826.746927,171313459.383087
2017-01-14,820.045157,88399595.048200
2017-01-15,824.547065,56895443.277995
2017-01-16,830.838035,65344802.727493
2017-01-17,906.026828,140219194.686464
2017-01-18,881.259815,125191164.958645
2017-01-19,902.263870,83485977.934008
2017-01-20,895.174516,60509118.613630
2017-01-21,924.468259,66402185.901306
2017-01-22,922.467077,87784725.639987
2017-01-23,919.115744,50732525.874352
2017-01-24,887.743194,93749556.643191
2017-01-25,895.690033,57756121.813810
2017-01-26,916.667469,58685813.310757
2017-01-27,920.454463,49299862.636113
2017-01-28,922.774949,29319988.807778
2017-01-29,915.632023,25460283.570352
2017-01-30,920.313261,39750491.769391
2017-01-31,968.499106,110112588.421045
2017-02-01,987.532590,89620612.506910
2017-02-02,1007.704366,91726444.827896
2017-02-03,1015.302039,133595701.107072
2017-02-04,1033.785973,82947639.710687
2017-02-05,1014.567876,62222294.107569
2017-02-06,1023.317481,59129674.834917
2017-02-07,1053.624459,82189049.473727
2017-02-08,1052.367645,137767493.505924
2017-02-09,982.751939,308997695.512927
2017-02-10,996.650153,134790688.734512
2017-02-11,1011.375322,57660055.361010
2017-02-12,1006.296465,33248775.261012
2017-02-13,999.953185,77433125.171785
2017-02-14,1012.213464,103061852.508827
2017-02-15,1013.903841,53581440.224817
2017-02-16,1036.806865,71937573.944787
2017-02-17,1058.669920,93719560.973075
2017-02-18,1060.668805,57145697.975798
2017-02-19,1058.786400,46740731.568943
2017-02-20,1088.688429,82888039.050896
2017-02-21,1128.855293,154149964.558267
2017-02-22,1129.701791,110041080.684834
2017-02-23,1188.861786,157591112.474787
2017-02-24,1185.488892,330836649.051699
2017-02-25,1151.604737,153596278.904731
2017-02-26,1181.710866,105586007.697565
2017-02-27,1194.152450,110694061.502582
2017-02-28,1188.399941,191923777.938572
2017-03-01,1228.459651,166850517.002620
2017-03-02,1262.931467,274524914.443126
2017-03-03,1289.363191,232866834.657590
2017-03-04,1268.940664,139586436.565785
2017-03-05,1276.273683,89820851.864591
2017-03-06,1282.254657,94111277.683892
2017-03-07,1234.476462,262375957.190488
2017-03-08,1152.139389,312237712.229709
2017-03-09,1193.455527,193092335.794430
2017-03-10,1098.530149,564405174.067557
2017-03-11,1176.822921,250811230.005801
2017-03-12,1231.748357,198457893.162099
2017-03-13,1239.396296,316320540.805685
2017-03-14,1246.536565,193616551.416520
2017-03-15,1258.651381,226522973.113775
2017-03-16,1178.020750,559054626.180559
2017-03-17,1072.082538,647743768.139101
2017-03-18,962.569056,604049760.265272
2017-03-19,1020.220254,345601425.812099
2017-03-20,1037.756346,232902141.064847
2017-03-21,1111.818264,278385680.296126
2017-03-22,1037.302570,331498418.653745
2017-03-23,1028.172856,171359423.669442
2017-03-24,935.063496,395891169.721598
2017-03-25,968.543329,344257746.641471
2017-03-26,962.958055,258634388.991242
2017-03-27,1042.919198,262851560.009164
2017-03-28,1045.162932,232847310.630377
2017-03-29,1039.688616,227333157.324012
2017-03-30,1037.987661,239088591.100753
2017-03-31,1081.743531,350406254.129673
2017-04-01,1089.524772,200086981.456751
2017-04-02,1105.562956,411303952.085352
2017-04-03,1144.664771,463396700.975072
2017-04-04,1141.921919,313512781.885102
2017-04-05,1135.811644,306675770.651844
2017-04-06,1194.596459,370159157.207833
2017-04-07,1191.731451,207434815.687840
2017-04-08,1184.417720,139974434.460904
2017-04-09,1213.634140,163779722.275443
2017-04-10,1211.649876,135635775.918956
2017-04-11,1229.784933,124447239.826398
2017-04-12,1216.114368,197270154.640129
2017-04-13,1172.558340,249803877.335820
2017-04-14,1174.333234,166106108.352504
2017-04-15,1175.562189,129627904.443838
2017-04-16,1173.691380,92645001.167222
2017-04-17,1191.901201,150530782.193284
2017-04-18,1202.131458,168954103.885201
2017-04-19,1209.560909,166188051.905102
2017-04-20,1235.803075,204340907.119254
2017-04-21,1247.336070,167969111.991932
2017-04-22,1243.550393,158977331.980022
2017-04-23,1250.001483,163779509.922196
2017-04-24,1257.239442,162071118.686222
2017-04-25,1279.864717,169966740.381428
2017-04-26,1296.485457,251970934.181479
2017-04-27,1345.889956,339642845.391305
2017-04-28,1347.985156,429677015.113020
2017-04-29,1357.715253,352723893.978930
2017-04-30,1381.956372,324011538.299904
2017-05-01,1436.941488,580389979.398418
2017-05-02,1463.819068,361395957.742418
2017-05-03,1519.408944,457724781.067154
2017-05-04,1539.830052,775032541.935768
2017-05-05,1529.850443,799183562.648460
2017-05-06,1573.285510,458353179.120517
2017-05-07,1526.267772,899178865.648535
2017-05-08,1685.086496,1044918231.421730
2017-05-09,1719.228014,963142517.103534
2017-05-10,1782.499000,717797650.857325
2017-05-11,1835.487548,609900100.119850
2017-05-12,1704.661641,580034112.753416
2017-05-13,1779.840257,395461142.807659
2017-05-14,1794.593551,295823022.720021
2017-05-15,1736.882846,547266582.681886
2017-05-16,1757.026949,728328963.286469
2017-05-17,1808.746065,791843491.093530
2017-05-18,1894.247265,654052468.243531
2017-05-19,1967.545548,899411350.198226
2017-05-20,2048.117678,703978533.905056
2017-05-21,2045.222493,852701143.509162
2017-05-22,2078.943500,1516210145.620090
2017-05-23,2257.288364,936087237.589801
2017-05-24,2415.007227,1324739604.581790
2017-05-25,2319.601379,1640852296.608690
2017-05-26,2279.418584,1120289065.548030
2017-05-27,2044.300500,1102801174.458470
2017-05-28,2225.700867,728119810.395665
2017-05-29,2284.715797,627884573.772283
2017-05-30,2167.264478,1023167188.860990
2017-05-31,2299.432610,950221925.639722
2017-06-01,2399.887632,1064400077.196930
2017-06-02,2479.423894,779648681.371231
2017-06-03,2549.551952,912050902.332217
2017-06-04,2524.993834,843788975.006923
2017-06-05,2685.318917,765113757.899520
2017-06-06,2871.341677,1286549011.116390
2017-06-07,2706.760009,979427049.148671
2017-06-08,2802.563547,744344311.255312
2017-06-09,2804.872267,854891179.708818
2017-06-10,2916.327860,1367343169.451760
2017-06-11,2974.214559,1145526072.005930
2017-06-12,2665.433270,1801532389.916720
2017-06-13,2707.137824,1181259461.410710
2017-06-14,2443.824451,1149249857.372210
2017-06-15,2409.886764,1237237745.943180
2017-06-16,2476.359095,661611436.150840
2017-06-17,2652.755363,894219845.341556
2017-06-18,2508.214207,730638978.905776
2017-06-19,2589.642213,785136389.131483
2017-06-20,2733.226556,1114022968.155760
2017-06-21,2639.261314,970208422.522981
2017-06-22,2686.647514,571934082.872164
2017-06-23,2685.870471,467521405.508407
2017-06-24,2562.189149,497922742.296261
2017-06-25,2497.728941,637784555.987663
2017-06-26,2426.365051,989771379.826350
2017-06-27,2530.345536,802082419.813345
2017-06-28,2562.792264,693181988.686579
2017-06-29,2540.443032,520257646.109759
2017-06-30,2452.712064,436453563.828495
2017-07-01,2412.366213,413727646.478469
2017-07-02,2518.872187,407216555.829325
2017-07-03,2551.927432,497918915.918013
2017-07-04,2599.744750,548147864.317195
2017-07-05,2608.104891,499129387.051444
2017-07-06,2603.195474,390694499.651506
2017-07-07,2495.780922,489579837.958742
2017-07-08,2553.494158,415645524.470462
2017-07-09,2506.173214,264520566.953360
2017-07-10,2319.366897,655176361.927883
2017-07-11,2319.167441,809719500.020052
2017-07-12,2374.886266,630836774.195396
2017-07-13,2343.738348,487393716.465514
2017-07-14,2214.825237,483119826.844463
2017-07-15,1989.633190,573039004.941278
2017-07-16,1910.749542,751163877.713871
2017-07-17,2215.746296,660953452.920236
2017-07-18,2303.761146,891188853.530740
2017-07-19,2257.065236,711538774.861668
2017-07-20,2823.897926,1221725362.711280
2017-07-21,2666.139718,905016721.639590
2017-07-22,2829.754055,626470216.977315
2017-07-23,2753.243865,571004797.795848
2017-07-24,2755.159524,432766998.904666
2017-07-25,2558.692999,844294774.013697
2017-07-26,2522.324646,529970980.254389
2017-07-27,2665.147546,460851654.556444
2017-07-28,2793.833485,826624231.937704
2017-07-29,2706.450765,512289061.783890
2017-07-30,2749.384528,446284248.329076
2017-07-31,2862.611291,513068612.298079
2017-08-01,2727.389182,753834053.491761
2017-08-02,2690.145672,461742756.642292
2017-08-03,2789.746312,367455080.141599
2017-08-04,2860.272843,479954173.824682
2017-08-05,3237.423363,997212821.343995
2017-08-06,3230.116709,503868572.513963
2017-08-07,3392.562419,640934384.655932
2017-08-08,3425.676617,884861179.340630
2017-08-09,3347.215432,781124965.582267
2017-08-10,3437.032155,572648471.238559
2017-08-11,3660.520537,787886167.140635
2017-08-12,3871.082406,1031068507.368020
2017-08-13,4063.801053,1633648563.426630
2017-08-14,4304.603931,1185945933.592950
2017-08-15,4160.030546,1719777834.045040
2017-08-16,4364.678575,1048949624.327860
2017-08-17,4308.516861,1099396333.240160
2017-08-18,4108.507162,1323093423.686850
2017-08-19,4160.332457,1254516232.514360
2017-08-20,4085.810394,799192360.921864
2017-08-21,3992.626035,1294446221.826270
2017-08-22,4074.330461,1510534487.980170
2017-08-23,4146.915345,1215576016.532460
2017-08-24,4325.816428,1002575715.891570
2017-08-25,4353.131773,866327422.740720
2017-08-26,4341.978717,783260987.724608
2017-08-27,4344.903445,708047735.401475
2017-08-28,4379.763921,978890864.587620
2017-08-29,4600.456831,1072298591.988070
2017-08-30,4586.632737,800894735.436105
2017-08-31,4740.356218,856990633.279669
2017-09-01,4918.166245,1246122053.313200
2017-09-02,4595.020018,1435531148.255760
2017-09-03,4625.296314,954764546.520403
2017-09-04,4374.753496,1522119470.057230
2017-09-05,4454.052538,1205647974.489160
2017-09-06,4607.516530,996762952.438384
2017-09-07,4635.111876,759973650.641959
2017-09-08,4345.457656,1263508639.053710
2017-09-09,4335.593450,608730655.685425
2017-09-10,4261.843521,761807791.355614
2017-09-11,4212.547573,655778360.309403
2017-09-12,4164.319434,783037647.671598
2017-09-13,3887.118587,1136308969.714260
2017-09-14,3247.468739,1655610566.129340
2017-09-15,3699.222944,2293161443.931580
2017-09-16,3711.234351,1097909251.607330
2017-09-17,3711.856204,655220409.606220
2017-09-18,4080.428443,975497295.322462
2017-09-19,3925.736190,806813723.548855
2017-09-20,3895.777079,595449144.786429
2017-09-21,3617.243466,855706819.533621
2017-09-22,3619.213718,716752456.897214
2017-09-23,3775.600594,544629796.506286
2017-09-24,3676.896944,485813961.569110
2017-09-25,3918.738071,718719474.886708
2017-09-26,3890.090937,574997389.351045
2017-09-27,4207.787485,906136769.545696
2017-09-28,4187.769796,925067586.055304
2017-09-29,4155.010120,786636773.250169
2017-09-30,4334.544613,646635967.371816
2017-10-01,4382.086898,654002854.106184
2017-10-02,4386.875715,758663427.775949
2017-10-03,4306.564642,719419392.131490
2017-10-04,4216.684821,613893418.334163
2017-10-05,4319.420916,712232227.595428
2017-10-06,4365.915710,629237823.848733
2017-10-07,4438.855933,527732816.784127
2017-10-08,4600.739797,806161344.970242
2017-10-09,4777.534657,1256046814.720210
2017-10-10,4741.077915,1084571485.157380
2017-10-11,4814.967118,752083954.019321
2017-10-12,5393.668983,1821644518.884090
2017-10-13,5614.077515,2816204648.888490
2017-10-14,5785.738315,2050095077.642020
2017-10-15,5689.865060,1305010203.063570
2017-10-16,5756.148812,1191979278.509820
2017-10-17,5590.416324,1068117120.120310
2017-10-18,5583.870426,1587705956.476520
2017-10-19,5708.312991,1068457139.487480
2017-10-20,6000.883130,1511958029.377710
2017-10-21,6030.207893,1468120811.155590
2017-10-22,5996.598139,1389205460.082760
2017-10-23,5888.250017,1506695220.096350
2017-10-24,5517.775353,1788946230.256090
2017-10-25,5736.017802,1150688732.413740
2017-10-26,5900.317729,1141333034.876600
2017-10-27,5771.945046,1035517277.275750
2017-10-28,5762.388577,742409573.724096
2017-10-29,6174.728845,1802278983.201840
2017-10-30,6119.256384,1012862525.194330
2017-10-31,6428.514637,1431725634.257440
2017-11-01,6726.411835,1727732581.960460
2017-11-02,7043.777939,3310475922.225590
2017-11-03,7198.632111,2204244475.984460
2017-11-04,7420.498079,1576406929.531500
2017-11-05,7371.139030,1597041443.145250
2017-11-06,6985.263844,2180664561.434920
2017-11-07,7118.202544,1500349701.182120
2017-11-08,7451.212787,3012091905.814960
2017-11-09,7117.738050,2037311731.700760
2017-11-10,6620.567336,3277737302.266830
2017-11-11,6346.721449,2882300228.961400
2017-11-12,5829.097828,6096731643.329530
2017-11-13,6519.445172,4043575956.205160
2017-11-14,6592.374397,1842117548.124760
2017-11-15,7257.373212,2539810201.279110
2017-11-16,7833.704433,3083827915.989110
2017-11-17,7729.033270,2855768020.549280
2017-11-18,7796.154241,2062765588.709930
2017-11-19,8018.320688,1807874526.264600
2017-11-20,8269.874257,1923399957.665130
2017-11-21,8091.998084,2614111762.640270
2017-11-22,8249.597330,1873753572.335720
2017-11-23,8071.669821,2162023612.347670
2017-11-24,8232.422333,2485311911.662820
2017-11-25,8760.165442,2280261586.352040
2017-11-26,9319.903315,3140672474.716100
2017-11-27,9730.728579,3160400861.574400
2017-11-28,9932.194180,3280278183.594100
2017-11-29,9800.027552,8921736543.431829
2017-11-30,9996.714972,5391735831.379590
2017-12-01,10808.958333,3874871945.494770
2017-12-02,10934.859986,2830907832.527400
2017-12-03,11213.942655,5646087292.270060
2017-12-04,11562.128567,3278054098.532440
2017-12-05,11736.754067,3668168320.950280
2017-12-06,13992.132337,7070289391.885740
2017-12-07,17032.293376,14272986057.406900
2017-12-08,16298.487339,22819828751.897800
2017-12-09,15050.021954,9655451874.885941
2017-12-10,15474.999543,9456248700.839029
2017-12-11,16873.497785,7036409324.662930
2017-12-12,17433.930738,7674229480.802720
2017-12-13,16515.152572,7353198572.584900
2017-12-14,16602.892803,7021694798.815260
2017-12-15,17702.002172,7764363971.165020
2017-12-16,19640.513883,6416250465.988380
2017-12-17,19250.467651,7153309803.187710
2017-12-18,18982.025024,7069309090.667700
2017-12-19,17653.326089,9075437766.620710
2017-12-20,16453.627260,10576466793.363001
2017-12-21,15633.833650,8632057025.426460
2017-12-22,14305.718344,13100759149.374500
2017-12-23,14910.858105,6549802884.982700
2017-12-24,14026.346866,5713081925.639230
2017-12-25,14080.942260,4985179774.842970
2017-12-26,15727.145479,6725106485.655360
2017-12-27,15389.000574,6145528612.345650
2017-12-28,14289.452210,6156511564.879120
2017-12-29,14571.746082,6428963791.564150
2017-12-30,12948.715883,8275639110.747200
2017-12-31,13921.480641,5641943211.381930
2018-01-01,13464.653612,4860751725.772710
2018-01-02,14754.322205,8485367891.599390
2018-01-03,15010.286160,8041485823.532830
2018-01-04,15070.300799,11381775713.954700
2018-01-05,16997.227408,12881652708.697399
2018-01-06,17103.589280,9992472193.434690
2018-01-07,16231.694999,8419255304.315440
2018-01-08,14937.415089,9159319115.280840
2018-01-09,14378.586217,8137540691.944470
2018-01-10,14669.088266,8521803305.326740
2018-01-11,13186.754943,8391225799.339310
2018-01-12,13789.443664,5227365279.553240
2018-01-13,14231.225065,6330581687.772520
2018-01-14,13681.065461,5290916471.004260
2018-01-15,13591.696197,5649578565.765780
2018-01-16,11431.040105,10837286895.885599
2018-01-17,11159.608591,9676976776.294380
2018-01-18,11246.039730,7330701976.128350
2018-01-19,11440.255562,4851711332.088280
2018-01-20,12768.404586,5071200170.093320
2018-01-21,11422.394259,4399739749.265280
2018-01-22,10737.350577,5067688042.544210
2018-01-23,10849.391879,4366408648.929850
2018-01-24,11225.896175,4053152171.779450
2018-01-25,11130.464947,3816742551.688150
2018-01-26,11035.554610,4519503151.642970
2018-01-27,11320.970185,3083476118.428930
2018-01-28,11615.958711,3550604072.894400
2018-01-29,11132.554314,2903057773.274110
2018-01-30,9959.546715,4277479108.093020
2018-01-31,10050.095797,3356067064.599290
2018-02-01,9039.865075,5030837955.343310
2018-02-02,8786.077380,6299179054.146570
2018-02-03,9132.100322,3033162135.975300
2018-02-04,8250.526896,3260391297.529810
2018-02-05,6849.542559,4907155622.839650
2018-02-06,7738.643960,6353806064.749210
2018-02-07,7624.595390,4237061278.339950
2018-02-08,8218.580852,2655056802.757900
2018-02-09,8660.453468,2902952628.234140
2018-02-10,8530.292805,3791122188.480170
2018-02-11,8096.728481,2561266444.386870
2018-02-12,8907.670179,2668412728.307610
2018-02-13,8523.966932,2383698259.219430
2018-02-14,9467.301033,3469500397.241450
2018-02-15,10106.733084,4097044315.664970
2018-02-16,10189.316483,2996920473.727500
2018-02-17,11085.598414,3752018832.153830
2018-02-18,10452.091977,4279315355.154020
2018-02-19,11139.355731,3267334278.011340
2018-02-20,11245.932318,4752309023.283050
2018-02-21,10458.865089,4756550133.598980
2018-02-22,9878.158943,4208590104.564000
2018-02-23,10159.065613,3716950706.911940
2018-02-24,9686.601780,3323797821.065750
2018-02-25,9603.227477,2337924904.861220
2018-02-26,10312.365713,3084180111.770620
2018-02-27,10654.107295,2983422098.245570
2018-02-28,10307.024966,3026890585.821870
2018-03-01,10923.630862,2750860691.570800
2018-03-02,11014.058467,2761232283.893750
2018-03-03,11425.680565,2504802418.854090
2018-03-04,11462.583198,2228561808.519210
2018-03-05,11540.662321,2565685751.970160
2018-03-06,10677.035231,3164460584.020250
2018-03-07,9903.085049,4489280669.153210
2018-03-08,9330.475453,3380900955.263330
2018-03-09,9278.139184,4426464627.662920
2018-03-10,8786.560423,2532356631.166660
2018-03-11,9513.535400,2943405217.565280
2018-03-12,9147.890181,3144949082.368090
2018-03-13,9160.542933,3150661118.508540
2018-03-14,8222.127239,3506911720.580390
2018-03-15,8268.589122,3541862888.092830
2018-03-16,8376.904498,2594125864.486750
2018-03-17,7881.661921,2130351160.585230
2018-03-18,8189.016719,3440096963.450240
2018-03-19,8537.015623,3370976777.809870
2018-03-20,8895.547179,3011666769.396970
2018-03-21,8879.594257,2877253201.207210
2018-03-22,8710.664935,2614855846.340520
2018-03-23,8771.746323,2610052109.391620
2018-03-24,8610.988516,2711529107.898570
2018-03-25,8440.610923,2101728352.449220
2018-03-26,8171.184354,2923808298.381740
2018-03-27,7837.265319,2537834744.655820
2018-03-28,7933.642730,1897096623.324380
2018-03-29,7108.570813,3263772733.782800
2018-03-30,6832.149066,3348780122.270850
2018-03-31,6922.281297,2191801990.699510
2018-04-01,6804.524879,2080295669.188540
2018-04-02,7033.259610,1801120139.345150
2018-04-03,7420.800515,2458133235.089930
2018-04-04,6780.543601,2360364204.594130
2018-04-05,6798.422617,2427639510.472490
2018-04-06,6610.492350,1727229667.596110
2018-04-07,6886.469472,1811342125.072310
2018-04-08,7009.996104,1348823780.669440
2018-04-09,6736.892824,2266121450.495030
2018-04-10,6816.718615,1688350217.662660
2018-04-11,6944.785857,1921606952.925420
2018-04-12,7904.330275,4266007430.443730
2018-04-13,7919.064695,3661932728.025890
2018-04-14,8006.417943,1926565807.347130
2018-04-15,8342.271101,2118257602.229500
2018-04-16,8046.982134,2403882663.889930
2018-04-17,7887.737958,2904706586.350720
2018-04-18,8162.834862,2514493797.425720
2018-04-19,8272.967316,2743277476.961270
2018-04-20,8839.501132,3497128496.450550
2018-04-21,8863.540829,2992931628.714280
2018-04-22,8800.959087,2533489559.066690
2018-04-23,8930.784634,2405363583.830010
2018-04-24,9652.213789,4629536193.533340
2018-04-25,8855.508937,5511346901.474360
2018-04-26,9264.727427,3482411384.914680
2018-04-27,8981.330790,2987561331.913150
2018-04-28,9341.824685,3205283086.838390
2018-04-29,9396.997630,3610016817.370090
2018-04-30,9228.726484,3667417865.890740
2018-05-01,9072.168757,3128629926.353220
2018-05-02,9204.127641,2434746727.210870
2018-05-03,9750.700146,4167439407.460730
2018-05-04,9696.642910,3152376087.793100
2018-05-05,9795.925772,2671364347.568760
2018-05-06,9595.086819,2473240234.290960
2018-05-07,9339.510847,2784524994.367160
2018-05-08,9212.369635,2631685417.136120
2018-05-09,9293.042274,2814445637.509390
2018-05-10,9037.530509,2659822682.791020
2018-05-11,8419.758587,3673204923.438860
2018-05-12,8485.775267,2662348815.395310
2018-05-13,8695.833094,2162747142.614860
2018-05-14,8671.074175,2901419821.252920
2018-05-15,8488.463421,2410484680.651510
2018-05-16,8327.756201,2353573010.433160
2018-05-17,8050.516239,2076860044.220420
2018-05-18,8233.086455,1910016213.187320
2018-05-19,8229.482936,1531623641.319020
2018-05-20,8511.448830,1665434822.694780
2018-05-21,8398.623127,1767401793.838130
2018-05-22,8007.526532,1806444333.052270
2018-05-23,7520.867679,2715947661.480090
2018-05-24,7575.624486,2214309045.957300
2018-05-25,7425.375674,1692324446.242250
2018-05-26,7326.303186,1237994129.712070
2018-05-27,7338.193044,1261247355.919290
2018-05-28,7110.823882,1881511560.296240
2018-05-29,7453.633725,2164969633.414830
2018-05-30,7374.669049,1931206143.039470
2018-05-31,7478.741867,1900662429.259100
2018-06-01,7519.835737,1624858997.026450
2018-06-02,7637.448253,1735868076.635390
2018-06-03,7702.157933,1535154038.935290
2018-06-04,7486.653200,1733884753.130090
2018-06-05,7611.149853,1665255408.554440
2018-06-06,7650.775807,1579709620.196370
2018-06-07,7665.947896,1413674344.473180
2018-06-08,7622.602330,1325058554.554480
2018-06-09,7556.171698,1089914042.627970
2018-06-10,6744.735801,2514395605.081850
2018-06-11,6849.452687,1617109247.614280
2018-06-12,6526.699680,1817962799.548570
2018-06-13,6306.513168,2100030992.911440
2018-06-14,6629.770124,1980634417.472850
2018-06-15,6399.674046,1294591077.582070
2018-06-16,6495.315309,944008732.373680
2018-06-17,6450.693973,828273986.231632
2018-06-18,6703.812590,1442624553.266390
2018-06-19,6732.508809,1318946990.857090
2018-06-20,6753.206826,1287807987.908980
2018-06-21,6720.373234,1208723754.054650
2018-06-22,6059.575859,2255997829.495520
2018-06-23,6174.225779,1073224872.205110
2018-06-24,6146.487195,1767904908.449300
2018-06-25,6243.535441,1367782378.189840
2018-06-26,6096.128766,945795453.767120
2018-06-27,6139.189683,1010806587.960730
2018-06-28,5858.635778,1203038143.289800
2018-06-29,6220.913715,1466605118.696100
2018-06-30,6375.541231,1784356456.911350
2018-07-01,6361.402539,1240081376.491490
2018-07-02,6608.367157,1659031934.351810
2018-07-03,6498.307859,1998948489.481350
2018-07-04,6579.333376,1411178209.170510
2018-07-05,6535.298403,1441666771.763910
2018-07-06,6598.459096,1285002355.285080
2018-07-07,6737.856080,1128957682.490450
2018-07-08,6704.919980,1127196029.980900
2018-07-09,6664.024094,1260295202.114750
2018-07-10,6309.084004,1485176664.336160
2018-07-11,6377.976511,1100404638.384520
2018-07-12,6159.466676,1209381025.836330
2018-07-13,6208.985572,1161975140.695220
2018-07-14,6255.112479,766398964.094005
2018-07-15,6347.604274,886996945.113804
2018-07-16,6710.807437,1549584089.252270
2018-07-17,7320.594828,2129630606.531650
2018-07-18,7376.038339,2364258882.371750
2018-07-19,7467.034298,1641872319.644110
2018-07-20,7327.256683,1881026756.903680
2018-07-21,7410.565620,1118598290.437200
2018-07-22,7399.483747,1214588348.232380
2018-07-23,7716.158627,2111584059.048080
2018-07-24,8397.616522,2876871972.683110
2018-07-25,8202.720395,2206882302.284600
2018-07-26,7913.930778,1934008085.939010
2018-07-27,8173.774611,1829842770.702530
2018-07-28,8190.360057,1103053459.804090
2018-07-29,8229.605839,1139693846.976530
2018-07-30,8171.839519,1825073747.319430
2018-07-31,7725.133036,2084294833.102720
2018-08-01,7596.698012,1672383550.761060
2018-08-02,7542.694662,1304425013.123190
2018-08-03,7411.344250,1739595343.142500
2018-08-04,7002.208653,1518949490.488750
2018-08-05,7031.587751,1222798293.094940
2018-08-06,6929.990894,1318167083.876130
2018-08-07,6722.578433,1818960439.004900
2018-08-08,6267.388674,2172338512.787520
2018-08-09,6558.096908,1582603738.155970
2018-08-10,6135.751859,1774718479.972640
2018-08-11,6313.749312,1494723203.516800
2018-08-12,6314.691656,1167110201.031490
2018-08-13,6265.848044,1572758037.757840
2018-08-14,6184.829086,1904629415.257130
2018-08-15,6270.214799,2167939897.210490
2018-08-16,6290.750455,1431050091.453640
2018-08-17,6563.078289,1735845485.175250
2018-08-18,6399.287447,1425754502.522970
2018-08-19,6490.716127,1072754570.171990
2018-08-20,6272.952729,1438260229.483520
2018-08-21,6473.076039,1246443411.139230
2018-08-22,6365.009832,2212904841.484330
2018-08-23,6516.409025,1137021175.428680
2018-08-24,6697.731879,1221165357.613850
2018-08-25,6745.438939,1079330847.479520
2018-08-26,6689.869333,1137029030.434330
2018-08-27,6839.158952,1559899816.275130
2018-08-28,7092.973808,2048902504.643670
2018-08-29,7033.428068,1619412417.976940
2018-08-30,6966.963744,1776891640.704700
2018-08-31,7025.140780,1689360960.972130
2018-09-01,7192.352547,1699376039.560600
2018-09-02,7286.667791,1836315069.693790
2018-09-03,7257.470214,1614808358.072880
2018-09-04,7358.811479,1510907280.116370
2018-09-05,6790.897328,2751108983.989610
2018-09-06,6488.075937,2514639162.820420
2018-09-07,6408.653622,1505600414.935140
2018-09-08,6187.790502,1422768386.162120
2018-09-09,6249.246310,1319252536.201010
2018-09-10,6295.388603,1328654348.883050
2018-09-11,6278.424640,1387106154.964340
2018-09-12,6327.536363,1355376972.842620
2018-09-13,6490.912316,1658870552.560700
2018-09-14,6494.695479,1472860826.802700
2018-09-15,6524.165667,1039501474.698410
2018-09-16,6497.404701,1051012380.769580
2018-09-17,6258.594875,1770409871.541000
2018-09-18,6340.347790,1364203626.676420
2018-09-19,6383.951876,1609206843.787630
2018-09-20,6498.607111,1508570764.652760
2018-09-21,6741.142899,2756661145.922970
2018-09-22,6705.476051,1700519067.414750
2018-09-23,6703.136850,1415350841.029580
2018-09-24,6576.545003,1563000948.448020
2018-09-25,6416.444022,1810098707.282670
2018-09-26,6463.250404,1545368200.192340
2018-09-27,6677.900489,1559007833.934600
2018-09-28,6623.126160,1849768596.637540
2018-09-29,6584.499148,1450989598.683850
2018-09-30,6604.485028,1279580853.516210
2018-10-01,6561.813832,1274278471.643200
2018-10-02,6508.720939,1349240486.117480
2018-10-03,6464.456844,1306105699.745550
2018-10-04,6545.285668,1193876379.550760
2018-10-05,6585.149580,1098697228.072770
2018-10-06,6550.478316,835309516.348811
2018-10-07,6564.568260,912751252.388599
2018-10-08,6604.685274,1221444360.985440
2018-10-09,6590.428622,1022003987.487980
2018-10-10,6529.102436,1210825519.918960
2018-10-11,6159.251643,2228949850.965340
2018-10-12,6191.677223,1202575298.519930
2018-10-13,6197.685696,913229848.325919
2018-10-14,6182.879344,1040744529.863000
2018-10-15,6442.715414,3213905136.079740
2018-10-16,6461.937159,1382574953.527740
2018-10-17,6442.730700,1300928005.364250
2018-10-18,6396.479812,1272436513.757930
2018-10-19,6383.077840,1113671327.482250
2018-10-20,6408.252746,975757010.333803
2018-10-21,6415.340503,924549773.297116
2018-10-22,6408.033636,1298091339.175540
2018-10-23,6395.987667,1422512931.247900
2018-10-24,6413.803641,1317225597.267640
2018-10-25,6402.324859,1218965066.037750
2018-10-26,6404.108552,1051618824.680550
2018-10-27,6409.405328,1117622659.871980
2018-10-28,6406.633253,969283792.703221
2018-10-29,6263.041735,1551571899.267060
2018-10-30,6272.167728,1184332255.757020
2018-10-31,6306.316931,1375069155.355820
2018-11-01,6342.977501,1258656951.985600
2018-11-02,6348.168583,1313737540.328220
2018-11-03,6332.434133,1017187780.793360
2018-11-04,6420.422000,1422653639.383090
2018-11-05,6402.946839,1493678949.863270
2018-11-06,6441.145219,1586784672.248230
2018-11-07,6500.869805,1576989087.176590
2018-11-08,6406.752937,1389627875.150920
2018-11-09,6331.378767,1327243352.790020
2018-11-10,6353.112734,1108201194.082430
2018-11-11,6335.414204,918132891.008625
2018-11-12,6320.656054,851865682.055401
2018-11-13,6267.937991,951099225.418517
2018-11-14,5574.258349,2726969486.658530
2018-11-15,5538.560608,2155173533.851700
2018-11-16,5496.016231,1241309989.763120
2018-11-17,5501.092340,851989956.579273
2018-11-18,5555.376338,891879321.127263
2018-11-19,4792.200024,2981035202.520550
2018-11-20,4317.530670,3756336960.773460
2018-11-21,4549.322010,1835395091.657910
2018-11-22,4303.615549,1113678497.557380
2018-11-23,4289.892853,1348937839.471580
2018-11-24,3806.316925,1607683794.706810
2018-11-25,3946.850874,2345526078.225760
2018-11-26,3700.285993,2098455852.484630
2018-11-27,3776.555905,1555379870.973400
2018-11-28,4208.475269,2130741850.677450
2018-11-29,4239.039488,1753695642.694830
2018-11-30,3973.334052,1654279493.148780
2018-12-01,4148.073726,1015367586.899600
2018-12-02,4098.746764,972559612.487064
2018-12-03,3843.976666,1207067903.442910
2018-12-04,3892.951647,1207623092.494620
2018-12-05,3709.520858,1171330214.947250
2018-12-06,3511.968982,1602945528.972610
2018-12-07,3372.995693,1981588845.299600
2018-12-08,3407.951195,1166039781.293850
2018-12-09,3540.439576,870340523.951032
2018-12-10,3413.592584,872883726.922516
2018-12-11,3352.564200,739334740.459309
2018-12-12,3423.012918,727074135.308349
2018-12-13,3260.341582,840342435.834371
2018-12-14,3198.947474,929101772.751839
2018-12-15,3185.074044,604470352.383936
2018-12-16,3195.414555,630290849.570724
2018-12-17,3499.156482,1282663156.934610
2018-12-18,3659.527379,1364223753.644190
2018-12-19,3697.725303,2021784890.324760
2018-12-20,4067.737708,2532479374.175790
2018-12-21,3839.085108,1933193833.851680
2018-12-22,3964.946116,1077693154.100410
2018-12-23,3942.666996,1210618373.968790
2018-12-24,4040.045790,1886361945.490070
2018-12-25,3761.584011,1433468932.241400
2018-12-26,3807.657454,1053950179.764440
2018-12-27,3585.460536,1055364522.873170
2018-12-28,3881.054885,1185204470.327960
2018-12-29,3823.138326,958641706.662053
2018-12-30,3825.407463,826508203.430291
2018-12-31,3687.199940,810127756.533800
2019-01-01,3808.117832,665138362.982127
2019-01-02,3898.197488,907331210.632897
2019-01-03,3784.388635,741905483.098637
2019-01-04,3827.524594,924367155.186942
2019-01-05,3798.613955,825443658.133947
2019-01-06,4045.993775,1030998166.865150
2019-01-07,4001.018278,1053956184.350010
2019-01-08,3992.622789,1123494744.949830
2019-01-09,4004.259036,1075230754.370690
2019-01-10,3627.903450,1629540261.360530
2019-01-11,3624.161421,974204297.314890
2019-01-12,3617.022078,658144955.363762
2019-01-13,3508.670108,700895357.802798
2019-01-14,3666.945194,925378890.022718
2019-01-15,3581.293015,940784213.830291
2019-01-16,3606.986576,826890285.364818
2019-01-17,3640.129131,843658221.552801
2019-01-18,3609.426736,680285114.808071
2019-01-19,3687.301961,727113518.066218
2019-01-20,3538.313723,769693147.278172
2019-01-21,3535.623393,672607286.524668
2019-01-22,3577.308350,840575740.383188
2019-01-23,3551.893821,796849698.849144
2019-01-24,3567.588934,668730948.724065
2019-01-25,3561.350498,674019496.172586
2019-01-26,3557.039915,652271703.141471
2019-01-27,3537.614131,735110776.353289
2019-01-28,3435.052514,1094503328.351460
2019-01-29,3395.823763,725337975.874217
2019-01-30,3437.895866,739732092.365871
2019-01-31,3410.131616,679507855.350405
2019-02-01,3445.049891,637091686.503500
2019-02-02,3461.935117,499732373.953866
2019-02-03,3413.021616,512452779.012544
2019-02-04,3411.387962,608532445.890010
2019-02-05,3426.465011,668174092.945875
2019-02-06,3367.506365,818692463.076086
2019-02-07,3358.873599,532905618.117249
2019-02-08,3612.479619,1299396370.653850
2019-02-09,3621.268121,690499396.747154
2019-02-10,3642.022359,744518465.746495
2019-02-11,3590.618484,757347590.185715
2019-02-12,3587.902466,865368517.872786
2019-02-13,3576.085373,869771399.371547
2019-02-14,3561.916383,755538425.185984
2019-02-15,3565.006924,691890064.174443
2019-02-16,3584.736003,693193200.615665
2019-02-17,3622.757429,983619690.069489
2019-02-18,3866.129217,1891532865.864760
2019-02-19,3895.435211,1648071622.728360
2019-02-20,3931.613829,1117881087.428030
2019-02-21,3892.261794,986996840.691185
2019-02-22,3948.300511,928917101.193230
2019-02-23,4110.151121,1214184350.727040
2019-02-24,3754.183790,2029618402.337170
2019-02-25,3822.018697,1254080208.679100
2019-02-26,3796.175068,1069239136.671570
2019-02-27,3799.381992,1138635730.816710
2019-02-28,3792.947723,1189384297.583360
2019-03-01,3810.632693,902934675.317666
2019-03-02,3809.643391,759257683.250815
2019-03-03,3782.381870,735336203.269313
2019-03-04,3698.161855,1147707594.917740
2019-03-05,3840.128049,1329815355.602610
2019-03-06,3851.998425,1017405086.039370
2019-03-07,3855.923168,1137006555.105200
2019-03-08,3839.233553,1537739577.421440
2019-03-09,3910.361167,1344657570.160580
2019-03-10,3903.911951,1044597918.982800
2019-03-11,3851.568922,1338115650.365990
2019-03-12,3858.914824,1325388424.833580
2019-03-13,3851.957466,1198001107.077230
2019-03-14,3853.783265,1228047512.936890
2019-03-15,3901.914207,1224292852.620090
2019-03-16,3989.796077,1775465895.723830
2019-03-17,3967.143494,1277355179.698780
2019-03-18,3969.440146,1562509984.777510
2019-03-19,3996.167904,1385445369.961330
2019-03-20,4030.655276,1593580616.928400
2019-03-21,3976.273850,1710223011.305510
2019-03-22,3983.887646,1364432461.376320
2019-03-23,3981.776033,1312218517.290640
2019-03-24,3970.666988,1382156830.282640
2019-03-25,3908.238839,1871750542.177620
2019-03-26,3917.763402,1869820027.482370
2019-03-27,4027.007918,2112828496.805670
2019-03-28,4010.937462,1657818271.097350
2019-03-29,4089.461040,1965206520.567670
2019-03-30,4091.891038,1609683401.840880
2019-03-31,4094.317815,1472493243.013070
2019-04-01,4138.417808,2000646682.938360
2019-04-02,4903.719462,5552027496.624990
2019-04-03,4960.227603,5982014666.644590
2019-04-04,4911.269702,3574470042.438010
2019-04-05,5033.225484,2727383250.811560
2019-04-06,5044.356846,2688535690.859050
2019-04-07,5189.111956,2697431147.449820
2019-04-08,5283.423025,3605935112.298910
2019-04-09,5195.577909,2877010524.033110
2019-04-10,5311.741603,2738402006.474210
2019-04-11,5050.666009,3122282237.066100
2019-04-12,5082.861432,2104021194.046770
2019-04-13,5074.790693,1396002522.412920
2019-04-14,5156.804041,1516552390.197220
2019-04-15,5042.897738,2067319311.912980
2019-04-16,5205.962957,1861365895.425470
2019-04-17,5226.352215,2078145816.920760
2019-04-18,5278.502340,2020199626.906440
2019-04-19,5289.951219,1957676845.642170
2019-04-20,5313.973262,1737709999.805330
2019-04-21,5295.733828,1833857640.954960
2019-04-22,5383.799975,2106540890.924830
2019-04-23,5544.862712,2809295229.077780
2019-04-24,5431.947920,2833506449.241970
2019-04-25,5127.673167,2748757184.754850
2019-04-26,5150.164661,2607894455.223680
2019-04-27,5181.807764,1333625966.599750
2019-04-28,5148.669615,1353174552.967120
2019-04-29,5148.800493,1742358887.307100
2019-04-30,5266.618203,1818125736.361120
2019-05-01,5315.175329,1464761935.591270
2019-05-02,5393.129376,1627819953.698660
2019-05-03,5658.430388,3397133854.313980
2019-05-04,5774.712429,2894146490.289330
2019-05-05,5728.351702,2258952185.169010
2019-05-06,5691.688374,2345685195.183130
2019-05-07,5825.744893,3217477832.007110
2019-05-08,5931.800595,2395664547.590750
2019-05-09,6150.140445,2771290436.996620
2019-05-10,6357.463494,3381896487.913860
2019-05-11,7325.082860,6255761093.755900
2019-05-12,6942.623175,6359816149.925250
2019-05-13,7798.905736,6591408537.260720
2019-05-14,7955.557682,6646763723.339780
2019-05-15,8215.206838,4984322857.830300
2019-05-16,7862.071602,6059669430.678240
2019-05-17,7326.920682,6675524145.564500
2019-05-18,7277.987563,3322019491.761980
2019-05-19,8219.742787,4927746654.938020
2019-05-20,7981.139379,4717229323.135660
2019-05-21,7983.808477,4252440487.179910
2019-05-22,7667.902115,4349866393.951110
2019-05-23,7897.471294,3819765251.694180
2019-05-24,7987.100368,3852790045.719810
2019-05-25,8061.591761,2728830257.893480
2019-05-26,8731.524956,4472574766.828470
2019-05-27,8816.786708,4817882962.457090
2019-05-28,8719.125848,3665733830.750410
2019-05-29,8655.488506,3763005320.348070
2019-05-30,8271.621963,6415436885.942310
2019-05-31,8556.222186,4195375757.260290
2019-06-01,8554.807330,3232248633.762640
2019-06-02,8744.353745,3046387170.532470
2019-06-03,8173.401271,4460847811.335170
2019-06-04,7649.939332,5193024886.210790
2019-06-05,7798.544466,3970680440.102150
2019-06-06,7776.713326,3397075927.642400
2019-06-07,8023.950093,3212730619.908990
2019-06-08,7939.805155,2373251161.086670
2019-06-09,7634.065751,2693764042.364630
2019-06-10,7993.302539,3207401975.758750
2019-06-11,7922.483627,2866092602.069180
2019-06-12,8146.756125,3386520748.542060
2019-06-13,8232.777341,3166496613.700480
2019-06-14,8698.004815,3909154832.422810
2019-06-15,8850.584816,3262994704.705160
2019-06-16,9019.517007,5312082179.955800
2019-06-17,9340.572189,4378063504.107160
2019-06-18,9047.132744,4006854169.914790
2019-06-19,9285.055677,2966851941.879170
2019-06-20,9546.719778,3668333538.375270
2019-06-21,10083.486314,4866326143.171480
2019-06-22,10685.295233,8758120005.323870
2019-06-23,10794.427696,5084432580.820210
2019-06-24,11004.206909,4240632970.289130
2019-06-25,11726.263831,6286248211.911800
2019-06-26,12863.460685,15478090676.309500
2019-06-27,11109.797842,14276790287.283800
2019-06-28,12358.207958,8482978268.507950
2019-06-29,11944.351547,6830382892.009020
2019-06-30,10842.616711,6520975426.615140
2019-07-01,10569.551728,7316694889.317600
2019-07-02,10766.083316,8038305218.530560
2019-07-03,11952.024894,7737755898.373840
2019-07-04,11177.010379,6224644096.216170
2019-07-05,10998.399100,5394906427.964040
2019-07-06,11208.225601,4631180839.875420
2019-07-07,11456.183604,3665527173.845190
2019-07-08,12319.622876,5160744694.807250
2019-07-09,12579.107616,6677916449.704650
2019-07-10,12106.782931,9370609407.313730
2019-07-11,11294.678028,7580395572.666040
2019-07-12,11813.323716,5165099264.740280
2019-07-13,11346.837148,4961599586.681620
2019-07-14,10283.075789,6117898372.899660
2019-07-15,10926.380274,6453280391.201420
2019-07-16,9471.140865,7431041887.633110
2019-07-17,9674.882461,6711163154.981140
2019-07-18,10679.890690,6712774767.157930
2019-07-19,10532.202729,5196937207.045950
2019-07-20,10862.648548,4303502391.914200
2019-07-21,10589.706491,3366994906.353530
2019-07-22,10318.560925,3580559060.005370
2019-07-23,9866.648940,3772683619.860690
2019-07-24,9792.787537,3664194732.674950
2019-07-25,9897.186786,2984323382.542620
2019-07-26,9836.696788,2421934003.962890
2019-07-27,9446.672052,3160535708.628320
2019-07-28,9529.788792,1991923919.005080
2019-07-29,9504.158916,2259595970.896330
2019-07-30,9589.109206,2213234530.287290
2019-07-31,10059.004019,3073179171.572180
2019-08-01,10400.307014,2765065978.289410
2019-08-02,10529.694454,3015086868.018470
2019-08-03,10810.421669,2536440739.744460
2019-08-04,10986.508929,2878202212.326540
2019-08-05,11790.023938,5094972588.997180
2019-08-06,11423.497002,5642249746.770560
2019-08-07,11967.273547,4968518210.426060
2019-08-08,11938.234611,3806386357.402980
2019-08-09,11858.341098,3399125281.802750
2019-08-10,11303.730562,3551770908.750230
2019-08-11,11530.195242,2436075120.501690
2019-08-12,11384.696247,1948933844.938400
2019-08-13,10867.054758,3180485481.393710
2019-08-14,10024.379592,4826262513.931390
2019-08-15,10310.085870,5200667726.325830
2019-08-16,10373.321903,4689284830.361630
2019-08-17,10207.155562,2562024956.827510
2019-08-18,10331.309976,2246302587.802890
2019-08-19,10884.629774,3091908196.059640
2019-08-20,10771.392379,2648030278.234460
2019-08-21,10096.830224,3819147867.649080
2019-08-22,10119.714525,2969900518.775200
2019-08-23,10414.144173,2515841972.221330
2019-08-24,10147.087155,2538322255.682790
2019-08-25,10100.356778,2347126751.259050
2019-08-26,10362.643472,3500916725.335470
2019-08-27,10168.221572,2360211727.665440
2019-08-28,9724.799978,3375252138.404370
2019-08-29,9482.311735,2978410496.433550
2019-08-30,9577.678823,2088904962.905740
2019-08-31,9605.024461,1429027349.423780
2019-09-01,9762.936557,1522046487.360480
2019-09-02,10377.338385,2914214042.721700
2019-09-03,10618.781506,3588062776.134920
2019-09-04,10577.241084,3022257528.994830
2019-09-05,10580.184700,2239418033.185160
2019-09-06,10330.849731,3957256552.314580
2019-09-07,10494.506965,2174967419.724100
2019-09-08,10407.265657,1877805807.853650
2019-09-09,10332.464442,2885550441.724450
2019-09-10,10085.951924,2236309305.684420
2019-09-11,10142.148060,2390584919.307640
2019-09-12,10403.359971,2147088226.217110
2019-09-13,10345.338747,1801888221.658050
2019-09-14,10363.452896,1601540372.813400
2019-09-15,10306.169667,1255232938.719850
2019-09-16,10257.822762,1918540102.586880
2019-09-17,10195.611181,2022772007.241390
2019-09-18,10161.318866,2203130166.448140
2019-09-19,10268.392629,3387229930.251480
2019-09-20,10170.125116,1887618065.439470
2019-09-21,9986.406108,1531125918.296870
2019-09-22,10047.013475,1615954411.778320
2019-09-23,9692.741048,2250884768.722060
2019-09-24,8613.671249,6190614542.517470
2019-09-25,8424.157646,3927084419.745820
2019-09-26,8091.695299,3730606494.659350
2019-09-27,8186.779639,2560670813.696740
2019-09-28,8201.979013,1963112129.595170
2019-09-29,8064.508062,1844017267.239370
2019-09-30,8282.365454,2816400210.777210
2019-10-01,8314.551390,2458912563.353050
2019-10-02,8362.530732,1653832495.824500
2019-10-03,8254.339910,1740214221.504260
2019-10-04,8165.686151,1538747807.104400
2019-10-05,8141.633714,1305285189.411100
2019-10-06,7854.609813,1770999078.453780
2019-10-07,8226.023429,2541351449.611790
2019-10-08,8190.115121,1869372756.520910
2019-10-09,8598.331921,2884143209.998730
2019-10-10,8578.090379,2136490747.581710
2019-10-11,8289.854029,2466926317.468920
2019-10-12,8323.750144,1292482290.148820
2019-10-13,8291.250651,1443796843.460290
2019-10-14,8346.368437,1553344543.175520
2019-10-15,8160.712628,1812128178.408270
2019-10-16,8003.855923,1838387966.473050
2019-10-17,8072.489382,1521741546.144070
2019-10-18,7959.331994,1646081648.725650
2019-10-19,7948.477337,1459247613.549370
2019-10-20,8213.709039,1644544244.697930
2019-10-21,8211.654559,1727638131.690290
2019-10-22,8029.205373,1724838819.907330
2019-10-23,7458.035857,3168838487.478050
2019-10-24,7454.371138,1716643558.454920
2019-10-25,8656.655178,4626216758.083340
2019-10-26,9249.646761,9560555719.461889
2019-10-27,9558.156044,5292340366.767020
2019-10-28,9319.178142,4399831306.297490
2019-10-29,9431.207124,3607855541.894270
2019-10-30,9182.855065,3101384022.603930
2019-10-31,9155.277299,2960215774.673160
2019-11-01,9251.381293,2650531125.103750
2019-11-02,9300.190838,1771687602.442750
2019-11-03,9209.638696,1682217629.881120
2019-11-04,9418.360131,2344417760.660970
2019-11-05,9330.787223,2469313248.339170
2019-11-06,9354.933382,1975862124.402500
2019-11-07,9210.748222,1982345279.598180
2019-11-08,8791.333935,2897213151.169940
2019-11-09,8810.784562,1500247871.919160
2019-11-10,9042.890723,1933955975.947300
2019-11-11,8713.207930,2166741731.676120
2019-11-12,8788.958143,2176240691.259510
2019-11-13,8766.729431,1720878681.479740
2019-11-14,8645.435804,1973489965.012340
2019-11-15,8465.877889,2634362570.064390
2019-11-16,8477.690243,1529114395.897240
2019-11-17,8505.161223,1617929780.949060
2019-11-18,8183.533414,2450296847.154900
2019-11-19,8116.820673,2205945538.761960
2019-11-20,8076.554660,1834441700.859880
2019-11-21,7612.277488,2961122421.848390
2019-11-22,7277.524273,5303455515.957910
2019-11-23,7324.836179,2491217255.984460
2019-11-24,6943.380656,2703709304.479720
2019-11-25,7139.044686,4878950421.380360
2019-11-26,7165.437730,2659106030.018300
2019-11-27,7526.863817,3626313596.362370
2019-11-28,7436.336382,2475661019.874340
2019-11-29,7747.738042,2603760261.764760
2019-11-30,7556.193721,2064306143.485880
2019-12-01,7417.727206,2363123206.161410
2019-12-02,7318.312522,2047024454.074200
2019-12-03,7306.446233,1803569973.539610
2019-12-04,7215.020345,3293666946.832480
2019-12-05,7404.086795,2607397088.143810
2019-12-06,7534.208356,2376740576.162850
2019-12-07,7512.061403,1816277477.462310
2019-12-08,7528.940269,1654811642.273450
2019-12-09,7340.227459,2352550127.384120
2019-12-10,7232.091784,2329880029.724660
2019-12-11,7200.464446,1685858897.932580
2019-12-12,7192.849024,1917989846.734040
2019-12-13,7244.903720,1493114459.511220
2019-12-14,7071.107090,1527046388.221160
2019-12-15,7111.286670,1470970600.152020
2019-12-16,6882.395795,2136738468.365790
2019-12-17,6608.961980,2487560117.377390
2019-12-18,7284.625484,3614527040.776500
2019-12-19,7146.167638,2433425618.233280
2019-12-20,7184.219172,1655671255.378290
2019-12-21,7140.298011,1201977875.546090
2019-12-22,7479.402408,1845575455.957820
2019-12-23,7321.748724,2739131018.676420
2019-12-24,7235.629084,2151128166.597580
2019-12-25,7191.174166,1548366130.513570
2019-12-26,7194.639758,1647879659.635950
2019-12-27,7237.150447,1632964072.141510
2019-12-28,7306.643308,1281519155.269990
2019-12-29,7391.578521,1329428975.978060
2019-12-30,7229.397101,1388117169.998340
2019-12-31,7167.395055,1193447000.259880
2020-01-01,7170.631869,945065382.602609
2020-01-02,6946.825269,1401933680.011550
2020-01-03,7315.309360,2601699503.849540
2020-01-04,7343.164194,1308073500.725530
2020-01-05,7345.530692,1410304397.948880
2020-01-06,7765.797735,2186981744.125430
2020-01-07,8136.086842,3294368677.789560
2020-01-08,8059.699529,4155481473.803130
2020-01-09,7817.136093,2280454593.744790
2020-01-10,8129.817920,2967393864.654570
2020-01-11,8032.005495,2200366656.059970
2020-01-12,8164.549993,1646123030.216730
2020-01-13,8121.925668,1442610887.817860
2020-01-14,8830.167873,5488577279.718190
2020-01-15,8811.448203,4276007143.495900
2020-01-16,8718.686998,2679418644.147700
2020-01-17,8912.541904,3669705640.108390
2020-01-18,8928.180757,2327249026.651050
2020-01-19,8687.354837,3776303430.895130
2020-01-20,8636.258786,2145628154.664810
2020-01-21,8730.867560,1890398954.697240
2020-01-22,8647.900474,1635103228.879820
2020-01-23,8366.384614,2453926186.983590
2020-01-24,8423.390958,2070431546.638230
2020-01-25,8344.774569,1291608710.617970
2020-01-26,8573.874810,1538174485.096480
2020-01-27,8901.959285,2688053085.490100
2020-01-28,9297.388318,4264458654.162360
2020-01-29,9311.947544,3430011578.120390
2020-01-30,9508.920965,3631946262.534720
2020-01-31,9357.284782,2904868261.041280
2020-02-01,9381.886029,1839937615.437240
2020-02-02,9339.387063,2676907925.275300
2020-02-03,9279.812521,2840504498.266680
2020-02-04,9161.627198,2850859566.711710
2020-02-05,9628.136776,3802777133.938420
2020-02-06,9739.280436,4027336370.032030
2020-02-07,9800.279400,3204016496.950450
2020-02-08,9911.293408,3152523510.156400
2020-02-09,10151.083203,3476114931.168880
2020-02-10,9872.361873,4010514552.226610
2020-02-11,10272.222556,4370445351.241820
2020-02-12,10360.135223,4744741905.310540
2020-02-13,10235.497323,5975938489.195160
2020-02-14,10361.615690,4085105103.357710
2020-02-15,9911.724327,4666240169.010340
2020-02-16,9952.046612,4544928856.346770
2020-02-17,9683.079628,5180150978.576920
2020-02-18,10195.303790,4948194712.683660
2020-02-19,9636.002299,4862622064.370490
2020-02-20,9614.030122,4187890598.322060
2020-02-21,9701.797503,3341448919.960720
2020-02-22,9675.249058,2341150366.342340
2020-02-23,9972.842423,3245500485.573300
2020-02-24,9648.007883,4226843640.641240
2020-02-25,9344.287140,4091015797.034470
2020-02-26,8798.888949,6124355982.698720
2020-02-27,8779.029482,4860025970.997480
2020-02-28,8750.593446,4506608793.560280
2020-02-29,8582.090300,2947746000.609640
2020-03-01,8541.773894,3234798108.797940
2020-03-02,8906.214756,3921850001.486720
2020-03-03,8768.810614,3911022772.227840
2020-03-04,8756.369572,3138594241.884420
2020-03-05,9062.615803,4079056538.436160
2020-03-06,9147.085059,3746557594.776120
2020-03-07,8898.306957,3316351227.848080
2020-03-08,8109.614541,5311311006.690160
2020-03-09,7896.385320,6238428933.156710
2020-03-10,7909.927875,4567592870.361930
2020-03-11,7939.341335,3964967872.161050
2020-03-12,4959.313414,13366235386.968300
2020-03-13,5627.692388,14476814736.866301
2020-03-14,5145.172506,5175435700.149990
2020-03-15,5358.610663,4580207438.171690
2020-03-16,5012.927388,7244839899.352190
2020-03-17,5416.754711,5060493867.131590
2020-03-18,5392.487836,4667754474.058780
2020-03-19,6203.551632,6887602398.477350
2020-03-20,6174.149476,8285697834.787060
2020-03-21,6175.831022,4679655012.116990
2020-03-22,5830.560980,4553880996.199770
2020-03-23,6486.408657,5977730203.593810
2020-03-24,6775.057619,5874051905.742710
2020-03-25,6689.969013,5114509892.432750
2020-03-26,6754.460336,3140004022.206320
2020-03-27,6490.795415,3804237825.119740
2020-03-28,6231.819890,3771661815.122180
2020-03-29,5904.857587,2788915941.836860
2020-03-30,6436.905700,4076971595.729270
2020-03-31,6432.383242,2845641020.863540
2020-04-01,6643.110009,3796518725.539180
2020-04-02,6792.742222,5714292146.355480
2020-04-03,6751.902552,4541450675.297750
2020-04-04,6859.989169,3243936438.346190
2020-04-05,6790.812473,2323036177.112520
2020-04-06,7298.173745,5222248328.848400
2020-04-07,7187.593337,4907166254.300400
2020-04-08,7372.194764,3847467824.169130
2020-04-09,7299.579188,3043576975.151710
2020-04-10,6859.822675,4395260936.617700
2020-04-11,6883.182229,2549475830.321440
2020-04-12,6978.666287,3099397086.146270
2020-04-13,6863.575533,3869390027.628860
2020-04-14,6875.538503,3117543559.084090
2020-04-15,6625.475775,3052769011.162100
2020-04-16,7127.792282,5365959878.030980
2020-04-17,7081.395198,2750585923.546600
2020-04-18,7262.792344,2719373298.145000
2020-04-19,7150.244215,2533635490.630480
2020-04-20,6853.273415,3995765172.790670
2020-04-21,6870.423699,2713723357.678870
2020-04-22,7123.656920,2798450278.688250
2020-04-23,7488.605165,4969052478.396760
2020-04-24,7506.443316,3432459182.732150
2020-04-25,7537.738209,3069445311.638470
2020-04-26,7684.068522,3320337864.890680
2020-04-27,7777.491519,3800986181.302720
2020-04-28,7769.899698,3234753708.511460
2020-04-29,8761.837170,9186522631.719580
2020-04-30,8652.410991,11352907435.788000
2020-05-01,8855.535258,5291887860.752460
2020-05-02,8977.281705,4126625331.994250
2020-05-03,8896.795638,5718428766.050450
2020-05-04,8881.954305,5607174502.706150
2020-05-05,8985.879599,3963639147.147600
2020-05-06,9266.813073,5157035363.878210
2020-05-07,9993.753177,7581969202.444840
2020-05-08,9859.323605,5554812524.421050
2020-05-09,9577.338922,4643676809.671820
2020-05-10,8715.033293,8500071686.554970
2020-05-11,8591.652884,7456934923.509770
2020-05-12,8817.250681,4111411992.933670
2020-05-13,9322.997202,4362094792.343680
2020-05-14,9801.269488,6431682260.388270
2020-05-15,9326.875859,5840354085.635810
2020-05-16,9395.475389,3435498359.856120
2020-05-17,9682.532481,3968234936.701250
2020-05-18,9726.850022,4436550061.164910
2020-05-19,9754.201462,4248966857.101530
2020-05-20,9515.702550,4532055904.444590
2020-05-21,9068.801229,5557900161.863000
2020-05-22,9161.815034,3638316508.354650
2020-05-23,9183.662125,2736502170.994860
2020-05-24,8806.230657,3825487643.111120
2020-05-25,8909.192582,3541343532.477670
2020-05-26,8835.137253,3305448328.172190
2020-05-27,9169.057439,3702378630.967740
2020-05-28,9568.261853,4137765259.627020
2020-05-29,9432.413333,3525104046.779200
2020-05-30,9691.680491,3763541398.607720
2020-05-31,9433.943847,3474339147.350640
2020-06-01,10199.135054,4968823398.211520
2020-06-02,9512.346533,6727087397.780170
2020-06-03,9642.273400,3139812878.633400
2020-06-04,9813.360679,3634131815.390880
2020-06-05,9641.891623,3443549819.846250
2020-06-06,9668.670539,2175047887.478680
2020-06-07,9747.580111,3330965867.391720
2020-06-08,9769.342361,2683474966.603390
2020-06-09,9779.422166,3118033822.116430
2020-06-10,9888.444175,3552721602.034700
2020-06-11,9277.451169,5796695433.784000
2020-06-12,9456.161533,3106910922.929720
2020-06-13,9461.333799,2144632931.314020
2020-06-14,9342.955635,2052005209.986470
2020-06-15,9441.383211,4361482084.739050
2020-06-16,9520.091948,3193990409.565660
2020-06-17,9448.693561,2940830452.539050
2020-06-18,9389.990766,2603703127.954490
2020-06-19,9285.991583,3017673928.861540
2020-06-20,9357.292464,2433393778.685050
2020-06-21,9284.769372,2107628935.062480
2020-06-22,9684.620185,3582129837.951300
2020-06-23,9611.725998,3040667558.377550
2020-06-24,9292.943544,3577212264.663140
2020-06-25,9247.121432,3308709599.503320
2020-06-26,9159.437772,3026975836.166810
2020-06-27,9002.165617,2719759943.510730
2020-06-28,9108.065675,1909265618.757590
2020-06-29,9184.247366,2378789004.995280
2020-06-30,9143.967585,2201342726.194900
2020-07-01,9241.339612,2224241959.583150
2020-07-02,9094.387287,3006025710.051820
2020-07-03,9066.690697,2118621393.029840
2020-07-04,9126.219555,1626143412.736890
2020-07-05,9079.614018,2040103000.769610
2020-07-06,9338.942591,3375906866.548530
2020-07-07,9252.158733,2525928727.500980
2020-07-08,9434.567956,3630921456.798850
2020-07-09,9231.502348,3151786399.652620
2020-07-10,9285.221015,2630661874.101280
2020-07-11,9237.171008,1872336552.009700
2020-07-12,9289.097977,2116884674.127950
2020-07-13,9236.622501,3166167995.686570
2020-07-14,9260.356987,2775746659.502120
2020-07-15,9196.725559,2429723564.180000
2020-07-16,9132.592312,3053445615.224640
2020-07-17,9156.468710,2006387054.282480
2020-07-18,9175.905309,1723259009.160680
2020-07-19,9218.842311,1719882455.394710
2020-07-20,9167.190568,2397252730.664270
2020-07-21,9388.574350,3355734924.167510
2020-07-22,9531.257430,2972937920.600750
2020-07-23,9609.166715,3378854363.947770
2020-07-24,9548.100727,2834815229.272460
2020-07-25,9702.452790,3015957028.188870
2020-07-26,9933.906554,4421893706.677980
2020-07-27,11046.508330,10075835018.054300
2020-07-28,10944.612979,7290100971.897660
2020-07-29,11115.771282,5674215599.326370
2020-07-30,11135.390726,4572107089.231980
2020-07-31,11338.197341,5111956575.112090
2020-08-01,11797.582127,6177396781.925310
2020-08-02,11094.020684,8042803957.911100
2020-08-03,11236.095681,4530420087.001630
2020-08-04,11202.651909,4582583632.283310
2020-08-05,11721.438472,5476661103.440770
2020-08-06,11769.309108,5171395730.952260
2020-08-07,11598.969059,5346299785.438220
2020-08-08,11743.008635,3496783790.291450
2020-08-09,11680.517366,3595004523.462990
2020-08-10,11870.369545,6257765791.441500
2020-08-11,11392.644088,6445692038.066160
2020-08-12,11575.512474,5253894552.290370
2020-08-13,11773.448116,5946728846.187010
2020-08-14,11774.408252,4934489584.776290
2020-08-15,11866.910361,4894124536.917190
2020-08-16,11899.642754,4065384658.802090
2020-08-17,12315.762417,6991659740.951710
2020-08-18,11992.695996,6212405756.817630
2020-08-19,11736.849065,5669412027.834970
2020-08-20,11867.520344,3960260001.317480
2020-08-21,11524.698949,5769887118.592310
2020-08-22,11682.289150,3921694025.999000
2020-08-23,11665.609274,2964240032.091680
2020-08-24,11771.408054,3381142835.963460
2020-08-25,11358.454320,5186982599.689080
2020-08-26,11472.049120,4370060302.519000
2020-08-27,11314.673741,4917859728.630800
2020-08-28,11527.883032,3727418019.377740
2020-08-29,11490.762348,2988731604.125170
2020-08-30,11698.975833,3614525900.710580
2020-08-31,11678.348227,4124005507.518080
2020-09-01,11970.364856,6235953338.917060
2020-09-02,11414.520934,7025800489.142620
2020-09-03,10261.494410,8710778044.941700
2020-09-04,10471.966413,7045920627.290500
2020-09-05,10128.643586,6904836212.524420
2020-09-06,10253.299898,4274065812.734280
2020-09-07,10367.878354,4271438853.275480
2020-09-08,10108.635450,4567489668.081500
2020-09-09,10223.111409,3159599982.658360
2020-09-10,10334.630730,3867715393.224390
2020-09-11,10387.020742,3076203762.063510
2020-09-12,10436.977832,2628714916.629740
2020-09-13,10322.523615,3361747341.412260
2020-09-14,10662.719912,4023707662.667820
2020-09-15,10779.381025,4122114630.890570
2020-09-16,10968.320547,4160254676.769880
2020-09-17,10936.292751,3851491921.282690
2020-09-18,10920.112844,3459102100.345800
2020-09-19,11073.779548,2609652848.527730
2020-09-20,10921.218100,2710721791.716210
2020-09-21,10455.379962,4410493000.689020
2020-09-22,10519.839164,3210633991.656780
2020-09-23,10233.299569,3248613100.935730
2020-09-24,10739.042709,3442718828.461810
2020-09-25,10683.630581,3126334561.169700
2020-09-26,10742.030420,2215752882.958370
2020-09-27,10758.824290,2223792987.898940
2020-09-28,10727.375054,3265431159.219330
2020-09-29,10841.142744,2828750275.492690
2020-09-30,10772.351767,2627247662.822050
2020-10-01,10606.617333,3750289448.151600
2020-10-02,10570.105678,3557390483.764480
2020-10-03,10555.705434,1796086368.426490
2020-10-04,10665.618622,1835679192.750640
2020-10-05,10772.635600,2349831037.183720
2020-10-06,10596.373549,2990765980.825490
2020-10-07,10667.194394,2271566458.003620
2020-10-08,10902.529364,3167337736.973700
2020-10-09,11074.103680,2986893697.038140
2020-10-10,11302.854286,2987788351.469100
2020-10-11,11378.262528,2036940568.549650
2020-10-12,11548.401557,3556041211.232860
2020-10-13,11434.968785,3027175602.115700
2020-10-14,11417.108114,2771506892.917830
2020-10-15,11502.581239,3067485935.681030
2020-10-16,11338.987177,3249427835.720130
2020-10-17,11362.802217,1625241130.805500
2020-10-18,11489.622565,1531337286.310590
2020-10-19,11745.811968,2870143020.721330
2020-10-20,11929.457251,3857836587.895100
2020-10-21,12848.490618,7236896676.172850
2020-10-22,12997.499342,5008416311.298550
2020-10-23,12953.429697,3363255970.385380
2020-10-24,13113.866923,2455061136.428680
2020-10-25,13041.641037,2875957287.278760
2020-10-26,13080.656170,3742981748.478760
2020-10-27,13675.523928,4875743148.269620
2020-10-28,13290.328850,5577251059.269530
2020-10-29,13475.217301,4132842465.105890
2020-10-30,13603.296091,4410500960.884290
2020-10-31,13807.233611,4184871491.867570
2020-11-01,13736.899411,2563332845.878560
2020-11-02,13595.564760,3903014877.516260
2020-11-03,13996.915399,4126122088.821270
2020-11-04,14129.148195,5224413647.159050
2020-11-05,15606.466834,8475648431.087150
2020-11-06,15618.972471,7772221027.422810
2020-11-07,14866.356305,6693204512.963420
2020-11-08,15500.000707,4025698910.692740
2020-11-09,15319.819973,6540569221.079420
2020-11-10,15319.275676,4335685041.745190
2020-11-11,15731.241106,4964506024.128540
2020-11-12,16289.814898,6611644604.492400
2020-11-13,16330.062768,5116544845.096060
2020-11-14,16102.010017,3917211506.016620
2020-11-15,15986.754991,3040536892.107640
2020-11-16,16743.053940,5189826755.658970
2020-11-17,17682.169187,7551317122.209660
2020-11-18,17804.690024,10779363842.760000
2020-11-19,17818.668662,6462946319.453880
2020-11-20,18663.781853,6750489220.163990
2020-11-21,18706.589335,6785620326.856200
2020-11-22,18482.692632,7346263782.623040
2020-11-23,18373.257760,7718077488.318570
2020-11-24,19150.251049,12325386785.855700
2020-11-25,18748.393713,8999814817.710171
2020-11-26,17113.716871,14891431568.674601
2020-11-27,17101.603018,6551436444.877030
2020-11-28,17745.377312,4856326749.758300
2020-11-29,18190.866880,4291577394.350890
2020-11-30,19664.407607,9336053923.199921
2020-12-01,18820.607790,10471096208.468201
2020-12-02,19214.872229,6153331910.957790
2020-12-03,19470.311208,5091409816.353120
2020-12-04,18732.967091,5829092650.592440
2020-12-05,19114.633131,3254739237.634390
2020-12-06,19356.313677,3229392894.743740
2020-12-07,19182.176833,3778567288.485770
2020-12-08,18340.978138,5748170702.668980
2020-12-09,18574.696735,6704630606.671520
2020-12-10,18294.846951,4548937014.763170
2020-12-11,18061.760026,5618179598.318540
2020-12-12,18813.283769,4177318635.918820
2020-12-13,19156.082506,4702394492.507700
2020-12-14,19286.751299,3976715172.606480
2020-12-15,19432.588464,5315138497.374200
2020-12-16,21370.720319,11126241224.654400
2020-12-17,22789.267416,19108269897.987400
2020-12-18,23048.764561,9213119018.344311
2020-12-19,23856.773519,9163637155.237459
2020-12-20,23528.550614,8454934186.788900
2020-12-21,22937.418344,11211591722.144199
2020-12-22,23756.888769,9140007358.798500
2020-12-23,23307.270902,12721809221.714001
2020-12-24,23707.633044,8337203817.753330
2020-12-25,24669.164322,9346292537.247431
2020-12-26,26478.068105,11051126870.214199
2020-12-27,26430.856597,17473047605.829601
2020-12-28,27039.349020,10709321904.368099
2020-12-29,27231.203455,9918168605.942240
2020-12-30,28844.613678,12265538792.791201
2020-12-31,29022.671413,11714077241.212200
2021-01-01,29380.693733,9450317324.320419
2021-01-02,32022.681058,19275276094.951401
2021-01-03,33277.835305,20918553384.134701
2021-01-04,31802.146714,24587885693.871899
2021-01-05,34013.174172,19341178341.257099
2021-01-06,36643.277722,22244399399.583000
2021-01-07,39215.651149,26225614672.632702
2021-01-08,40775.404563,26336053724.710899
2021-01-09,40370.682350,15338881653.984100
2021-01-10,38329.340167,23474615973.893200
2021-01-11,35269.513718,41586796390.482201
2021-01-12,33712.468545,21983445293.201900
2021-01-13,37296.547528,19165646326.006401
2021-01-14,39045.518340,17920408994.023800
2021-01-15,36710.317425,20426392042.629501
2021-01-16,36177.261097,15675210591.330400
2021-01-17,36069.939467,13619994488.972200
2021-01-18,36594.296402,12503483494.734501
2021-01-19,36250.146189,15120938792.903799
2021-01-20,35515.480013,16359828966.538900
2021-01-21,31022.951028,21888844849.636902
2021-01-22,32986.435757,20175607923.384899
2021-01-23,32036.282272,10430635979.631300
2021-01-24,32216.104290,9819884980.334520
2021-01-25,32419.705946,15333946503.433001
2021-01-26,32640.639143,13357324914.933500
2021-01-27,30358.934724,16241597200.828199
2021-01-28,33511.287595,15645642400.729799
2021-01-29,34166.149426,39574456080.292900
2021-01-30,34349.917095,16600114530.510900
2021-01-31,33157.832575,12976482501.025499
2021-02-01,33570.271847,16374561082.405100
2021-02-02,35596.148909,14823628008.787201
2021-02-03,37578.373207,15606560415.031401
2021-02-04,37129.202938,19116733180.500900
2021-02-05,38045.413608,15308818847.366199
2021-02-06,39341.727081,20513321485.171501
2021-02-07,39003.012182,17160702288.682699
2021-02-08,46121.934072,31432419462.189301
2021-02-09,46548.161991,28440259953.354198
2021-02-10,45078.128350,24820903879.058498
2021-02-11,47892.840918,23286808132.751499
2021-02-12,47525.209143,21586913735.720200
2021-02-13,47208.625027,17442657139.419601
2021-02-14,48829.827510,19249899358.602699
2021-02-15,48110.241733,21096659439.905800
2021-02-16,49140.382658,21335432046.053398
2021-02-17,52224.939114,22358319829.271301
2021-02-18,51650.069949,18314737926.138000
2021-02-19,55820.504404,25092910998.312599
2021-02-20,55861.820567,28217266871.231300
2021-02-21,57500.716110,18708459388.325100
2021-02-22,53952.153339,39388103279.690399
2021-02-23,48560.489035,46526371341.871002
2021-02-24,49567.345689,25321339182.592701
2021-02-25,47568.131170,21583271559.365601
2021-02-26,46231.767578,25277287508.531898
2021-02-27,45834.513361,15830469887.199100
2021-02-28,45359.464164,19081524400.483799
2021-03-01,49634.447109,20110303019.488899
2021-03-02,48304.705488,16812978618.359699
2021-03-03,50690.467184,19531539113.589100
2021-03-04,48472.795475,19996550499.440899
2021-03-05,48800.817359,17979845374.737202
2021-03-06,48970.524487,11505490728.793301
2021-03-07,51086.468179,13727281301.296000
2021-03-08,52088.475132,17545504104.260300
2021-03-09,54739.135254,20361014503.732300
2021-03-10,56116.040912,23502069377.485001
2021-03-11,57847.254936,23199462602.440399
2021-03-12,57334.641535,23203616302.456501
2021-03-13,61288.794128,24706813304.702499
2021-03-14,59905.618470,16850862034.554100
2021-03-15,56121.121924,28613141828.337299
2021-03-16,56500.446026,23487296941.159199
2021-03-17,58683.065982,22044625956.825699
2021-03-18,57731.479841,20817477716.042400
2021-03-19,58168.121922,16610389816.040400
2021-03-20,58247.884707,15743897952.791700
2021-03-21,57447.933020,15469283691.044701
2021-03-22,54453.137351,18924061657.083099
2021-03-23,54563.611946,18496023175.737900
2021-03-24,52595.411324,22987218159.832500
2021-03-25,51547.124895,21848658813.461102
2021-03-26,54817.857112,18092415316.738098
2021-03-27,56019.837306,15152316538.651400
2021-03-28,55713.038140,15404970756.655500
2021-03-29,57571.233348,20483800177.739601
2021-03-30,58684.548392,18074211251.702400
2021-03-31,58792.194828,21792896947.959801
2021-04-01,58818.977099,18989120989.336601
2021-04-02,59031.534019,17686083107.493401
2021-04-03,57282.389625,18426773174.881001
2021-04-04,58202.199392,14608591985.545500
2021-04-05,58755.852530,20262967934.479000
2021-04-06,58084.066423,22856560763.734001
2021-04-07,56266.834676,27025560748.542099
2021-04-08,57963.344599,16419448505.561001
2021-04-09,58051.762556,16293864874.632601
2021-04-10,59651.558988,23256521477.176498
2021-04-11,59932.930647,16590056556.765499
2021-04-12,59905.936374,20417025813.598598
2021-04-13,63445.638314,28455288042.034901
2021-04-14,62869.495587,32482863969.601299
2021-04-15,63231.162987,22339825203.102200
2021-04-16,61571.110091,36852258761.189903
2021-04-17,60280.876176,25025499034.289902
2021-04-18,56389.557981,44097884430.021202
2021-04-19,55798.137077,27045252112.696899
2021-04-20,56474.373759,27099912248.120800
2021-04-21,54025.799575,22188021555.153099
2021-04-22,51882.059811,33011977721.893799
2021-04-23,50954.910061,37769310886.328003
2021-04-24,50279.948446,16585657735.581301
2021-04-25,48946.940743,16274712895.935600
2021-04-26,53943.349978,22768025938.626900
2021-04-27,55027.030985,17322719876.039398
2021-04-28,54787.378707,18606631892.851200
2021-04-29,53567.081194,17900168869.320702
2021-04-30,57741.444417,21857098842.546700
2021-05-01,57863.590393,15825902332.793699
2021-05-02,56572.596841,13420424771.563000
2021-05-03,57243.041605,21054884382.974201
2021-05-04,53724.108925,31295484449.078098
2021-05-05,57342.025662,30065540027.652401
2021-05-06,56527.352979,30013776131.493099
2021-05-07,57341.068455,29119085176.053902
2021-05-08,58736.125895,25942376970.129299
2021-05-09,58288.425630,26798650833.066200
2021-05-10,55902.927740,33522892180.961102
2021-05-11,56612.102649,23492996162.569302
2021-05-12,50972.355081,34888999976.815300
2021-05-13,49368.614474,44609818373.050201
2021-05-14,49997.395901,23730033590.152100
2021-05-15,47047.963333,25930589221.666199
2021-05-16,46022.503709,29855764909.785702
2021-05-17,43492.395483,36899266642.948799
2021-05-18,42789.809392,26349735171.844101
2021-05-19,37642.520002,74786385767.957993
2021-05-20,40799.402148,41464312706.855003
2021-05-21,37174.331101,39657035370.248100
2021-05-22,37643.419798,23171709104.400700
2021-05-23,34774.207222,35343744145.204498
2021-05-24,38630.409119,28887112077.253502
2021-05-25,38269.771075,21976420960.990398
2021-05-26,39194.858898,20901421018.524200
2021-05-27,38510.857042,16548411230.208900
2021-05-28,35596.717951,23158874259.736599
2021-05-29,34681.818367,17570315819.131001
2021-05-30,35652.168770,12242649040.005199
2021-05-31,37312.974897,15715656545.504700
2021-06-01,36661.378118,13792531232.266001
2021-06-02,37639.455673,12514343933.534300
2021-06-03,39160.150413,13113824617.643400
2021-06-04,36884.373555,15345717935.104300
2021-06-05,35409.567237,12720616415.162901
2021-06-06,35720.604355,9149296939.740179
2021-06-07,33724.907752,13625383268.291700
2021-06-08,33475.048923,18881823441.279999
2021-06-09,37372.988895,21691912493.211601
2021-06-10,36826.002219,17369380399.011002
2021-06-11,37185.393127,14437136824.914900
2021-06-12,35669.171282,13632520150.152100
2021-06-13,38925.419429,13815155599.209801
2021-06-14,40455.595983,18441335716.912300
2021-06-15,40254.651468,14255549791.008600
2021-06-16,38265.543773,14518553860.832500
2021-06-17,38018.643235,13739720401.630100
2021-06-18,35714.312079,14975194722.083401
2021-06-19,35555.976397,11402048600.518299
2021-06-20,35599.941878,13812295502.003901
2021-06-21,31715.159862,24571444998.741299
2021-06-22,32394.555595,27296212376.014999
2021-06-23,33610.496813,16981679877.919201
2021-06-24,34658.972876,12391498991.353300
2021-06-25,31683.503200,16971296829.392000
2021-06-26,31890.676447,13950093798.018900
2021-06-27,34506.491198,13262647450.787100
2021-06-28,34376.188539,12590490293.653299
2021-06-29,35933.778218,13716893375.081900
2021-06-30,35065.466153,11916591679.658400
2021-07-01,33505.080494,11261786911.179501
2021-07-02,33782.945946,9041063362.741949
2021-07-03,34588.224292,7623184207.489460
2021-07-04,35355.607888,7617119191.097810
2021-07-05,33911.753840,9574601088.922770
2021-07-06,34123.981568,9415793387.273540
2021-07-07,33931.618638,8740586623.387220
2021-07-08,32819.659531,11175633133.978399
2021-07-09,33914.881074,8384133165.873520
2021-07-10,33610.945839,6773700194.222820
2021-07-11,34258.441390,5718618494.596980
2021-07-12,33135.235912,8004675437.891830
2021-07-13,32641.975961,6978163230.033940
2021-07-14,32798.284519,8015197664.322220
2021-07-15,31707.690037,8293708900.838300
2021-07-16,31455.717582,8658411859.320681
2021-07-17,31547.951199,6348301570.315740
2021-07-18,31707.703853,6336187299.753130
2021-07-19,30883.469746,7576687304.603940
2021-07-20,29766.657718,9140640586.171471
2021-07-21,32119.657226,11286900693.643000
2021-07-22,32306.961429,7005794133.589610
2021-07-23,33439.595703,8289259323.918330
2021-07-24,34166.914655,7847135011.758760
2021-07-25,35119.937436,7356464331.275050
2021-07-26,37444.782510,25254057481.488899
2021-07-27,39126.540288,14927070875.992100
2021-07-28,39939.194043,17587833714.290199
2021-07-29,40086.164395,10925243629.277901
2021-07-30,41789.667098,14128474257.371901
2021-07-31,41793.313748,10284658993.572399
2021-08-01,39968.968954,11885797865.343500
2021-08-02,39304.186284,10829154874.545200
2021-08-03,38288.825398,11251438718.837400
2021-08-04,39773.911349,10564736894.330000
2021-08-05,40941.650434,16152551121.601299
2021-08-06,42790.357328,16552051330.278601
2021-08-07,44484.900586,17923166243.298302
2021-08-08,43972.301018,16324152172.352800
2021-08-09,46265.642456,17604145341.687000
2021-08-10,45488.791262,14413657461.944300
2021-08-11,45676.326361,15028734804.845501
2021-08-12,44405.748348,14743911062.006001
2021-08-13,47717.485356,13466337790.196800
2021-08-14,47124.205074,12950161580.609100
2021-08-15,47074.370710,12375813621.598101
2021-08-16,45984.719907,14508924016.397600
2021-08-17,44714.096798,15282419849.827000
2021-08-18,44954.363747,14470918214.740801
2021-08-19,46646.861505,16205799040.943199
2021-08-20,49240.835605,15571137529.195601
2021-08-21,49070.240970,16363295276.378500
2021-08-22,49363.316095,10156371766.705099
2021-08-23,49590.876368,15131058698.502701
2021-08-24,47925.862213,16495026936.745501
2021-08-25,49002.316605,13586281428.855801
2021-08-26,47190.344993,14246803929.338900
2021-08-27,49048.475589,13916878639.282301
2021-08-28,48852.468800,10306152583.448900
2021-08-29,48948.347958,10636362658.655300
2021-08-30,47125.768519,14681511065.352400
2021-08-31,47219.244342,15320673942.976500
2021-09-01,48688.537557,16227964589.595200
2021-09-02,49369.586275,16600401777.682501
2021-09-03,49860.534164,18956375349.148102
2021-09-04,49919.577564,14244993577.507999
2021-09-05,51747.643857,12859830966.591499
2021-09-06,52640.588374,16014245528.340099
2021-09-07,46854.400603,35443280160.397301
2021-09-08,46187.975731,21545784791.225800
2021-09-09,46448.774829,16794016125.202801
2021-09-10,44765.275576,17344969278.572300
2021-09-11,45098.591645,12615047601.237499
2021-09-12,46180.612456,10257341494.996000
2021-09-13,44991.522128,17804136060.890400
2021-09-14,47022.617760,15019727997.273300
2021-09-15,48167.189368,12388340702.041500
2021-09-16,47797.328324,12917317571.252199
2021-09-17,47213.794129,11598455779.582800
2021-09-18,48204.013652,10614751428.833599
2021-09-19,47218.473996,9661792266.042620
2021-09-20,42855.510345,20383611639.916401
2021-09-21,40526.489376,21903480596.568699
2021-09-22,43577.572482,15238453113.930000
2021-09-23,44861.298033,13361243567.033800
2021-09-24,42803.307701,19810484580.245701
2021-09-25,42735.265824,10794378741.823200
2021-09-26,43131.294177,11706845319.175800
2021-09-27,42496.785225,10926890213.680201
2021-09-28,41223.786274,10800740324.515400
2021-09-29,41453.947013,10475095397.055700
2021-09-30,43781.546015,11041040009.203501
2021-10-01,48078.131554,17554098761.143002
2021-10-02,47792.439194,11022326879.336901
2021-10-03,48202.622918,9899189724.250059
2021-10-04,49288.501311,13312338300.574499
2021-10-05,51558.049332,14763218493.947300
2021-10-06,55419.800411,22617586701.374599
2021-10-07,53805.156913,16612896604.684900
2021-10-08,53933.527591,14387357851.307899
2021-10-09,55010.922475,11643960287.997900
2021-10-10,54701.279702,15181378701.586000
2021-10-11,57289.186457,17849080808.078701
2021-10-12,56196.181260,17409297810.939400
2021-10-13,57348.892877,17807611216.521999
2021-10-14,57384.036915,15252806873.651600
2021-10-15,61446.084007,26205492588.393700
2021-10-16,60932.063212,15384715464.463301
2021-10-17,61462.222372,12605114214.126200
2021-10-18,61977.057551,18267006292.401100
2021-10-19,64290.897757,18969942765.900501
2021-10-20,66061.796564,20605577864.068401
2021-10-21,62373.885621,25249772983.878502
2021-10-22,60750.967372,19666475632.245602
2021-10-23,61250.082629,11432877823.275600
2021-10-24,60865.447052,11640285027.005699
2021-10-25,63031.672902,13329025262.471600
2021-10-26,60393.980274,15449377234.604200
2021-10-27,58563.335990,22111398915.029598
2021-10-28,60564.572112,22343333973.613300
2021-10-29,62230.805569,16702885354.240999
2021-10-30,61742.916532,13293878524.502399
2021-10-31,61432.970063,14731809554.509199
2021-11-01,61092.095059,16815800251.257799
2021-11-02,63024.747230,17587596832.658401
2021-11-03,62955.981763,17644733175.883301
2021-11-04,61393.889978,14738385382.570200
2021-11-05,61005.840834,13013000458.361300
2021-11-06,61455.053627,11377260263.947399
2021-11-07,63043.829059,10094788221.844400
2021-11-08,67541.755508,19786509852.546700
2021-11-09,67095.585671,19620208223.198700
2021-11-10,64756.077969,25743477603.221901
2021-11-11,64962.931294,16293313171.333099
2021-11-12,64078.968037,16907451999.801300
2021-11-13,64397.791206,11852495923.258200
2021-11-14,65032.225655,10281178282.808800
2021-11-15,63753.503159,14084358752.041401
2021-11-16,60322.497853,25068932858.372898
2021-11-17,60154.308366,17704094914.835300
2021-11-18,56794.155627,21804393681.796200
2021-11-19,58014.072989,16882289917.237900
2021-11-20,59749.473823,12290133967.082399
2021-11-21,59032.624102,11134528821.799200
2021-11-22,56383.565876,16838121883.019699
2021-11-23,57642.265798,17022288356.764601
2021-11-24,57141.830378,15068516525.538099
2021-11-25,59008.655479,16018207838.890301
2021-11-26,53800.617839,22377094319.428398
2021-11-27,54635.882463,12359179777.309299
2021-11-28,57248.569696,11783466214.920200
2021-11-29,57920.710730,13867650316.278000
2021-11-30,57097.012794,17310601404.309200
2021-12-01,57180.609844,16256933173.078800
2021-12-02,56582.893769,14881472506.625900
2021-12-03,53671.616068,19797520344.099800
2021-12-04,49159.735798,33305271857.513699
2021-12-05,49327.093600,17136472331.641199
2021-12-06,50535.425223,17870649663.448898
2021-12-07,50574.472834,14303721829.692900
2021-12-08,50500.654351,12339484748.454000
2021-12-09,47937.822846,13165719795.402399
2021-12-10,47437.228973,14121384571.578100
2021-12-11,49321.769325,9958493024.139151
2021-12-12,50136.572257,8286817907.989030
2021-12-13,46785.327841,14859098052.996599
2021-12-14,48292.682250,13338519935.822399
2021-12-15,48830.622386,15981401022.096100
2021-12-16,47663.469108,10959960521.840401
2021-12-17,46334.483749,13843429122.138000
2021-12-18,46904.873675,9401486845.218090
2021-12-19,46876.426924,9588244434.725861
2021-12-20,46954.763478,12527824904.850901
2021-12-21,49082.062467,11259277877.441000
2021-12-22,48692.098739,10023763355.427401
2021-12-23,50712.970768,12053452269.632601
2021-12-24,50783.834421,10518674476.963900
2021-12-25,50590.450898,7109893496.589560
2021-12-26,50798.306586,7996336271.939200
2021-12-27,50796.377674,10239176029.167000
2021-12-28,47673.044045,14503893949.136999
2021-12-29,46470.321575,11875471259.848200
2021-12-30,47102.463004,10059075576.416300
2021-12-31,46355.117330,11244218012.547899
2022-01-01,47560.009382,6907898567.478980
2022-01-02,47352.557757,6750690409.127290
2022-01-03,46453.432352,9117077393.092400
2022-01-04,45905.961122,10831204275.948500
2022-01-05,43530.944039,15626896338.989000
2022-01-06,43144.965293,11615104991.016300
2022-01-07,41512.784581,15604293020.816200
2022-01-08,41799.812885,10015015782.047001
2022-01-09,41886.498557,7288210918.105080
2022-01-10,41816.951056,13114657359.851700
2022-01-11,42768.178612,10314098505.777399
2022-01-12,43961.026544,9818037568.661570
2022-01-13,42626.865392,9401429320.194691
2022-01-14,43102.647618,8673067325.275169
2022-01-15,43206.674481,5767456527.629260
2022-01-16,43168.859667,5526144760.338400
2022-01-17,42211.270399,7478999787.073630
2022-01-18,42431.231967,8402879572.504100
2022-01-19,41787.722013,9238611417.825411
2022-01-20,40756.126163,10242225969.359699
2022-01-21,36492.287224,21563058188.865700
2022-01-22,34996.390965,18854812014.633801
2022-01-23,36271.050265,10848839524.435801
2022-01-24,36659.725221,19460171604.695801
2022-01-25,36952.586773,11033106702.291401
2022-01-26,36825.824599,14381418647.960199
2022-01-27,37021.937133,10640137763.011600
2022-01-28,37768.847484,9135808395.191759
2022-01-29,38088.291228,6434933513.509260
2022-01-30,37983.506385,5142900050.868400
2022-01-31,38462.672403,8414578704.732930
2022-02-01,38787.964082,8156697993.180290
2022-02-02,36942.330749,8092095785.996250
2022-02-03,37057.652188,7440679315.629760
2022-02-04,41079.906088,12411935848.105801
2022-02-05,41508.581693,7519482839.121800
2022-02-06,42358.225173,5588383108.827880
2022-02-07,43888.980120,11814662248.127300
2022-02-08,44167.444795,14206789025.329201
2022-02-09,44405.073204,8887315273.410419
2022-02-10,43614.342696,13757828262.035299
2022-02-11,42357.321742,10968833584.347900
2022-02-12,42173.459396,6478870532.736810
2022-02-13,42195.594745,4796939485.041810
2022-02-14,42646.161859,7806171092.117670
2022-02-15,44511.908488,8728320989.104300
2022-02-16,44065.709267,7216711962.447390
2022-02-17,40610.024262,10603986430.860001
2022-02-18,40044.220486,8877763470.198050
2022-02-19,40095.887329,4378388260.650750
2022-02-20,38551.622497,6853709105.037630
2022-02-21,37098.036008,12229717946.726299
2022-02-22,38202.594082,10169588313.331900
2022-02-23,37308.268734,8698318595.360821
2022-02-24,38283.790402,20666368458.537701
2022-02-25,39323.770216,10893445748.463699
2022-02-26,39056.578152,6374264560.703940
2022-02-27,37664.779283,9167688820.617319
2022-02-28,43179.254514,14643153550.869301
2022-03-01,44334.457582,14047384167.173599
2022-03-02,43984.584927,12124720735.279400
2022-03-03,42492.774455,10016881300.227400
2022-03-04,39106.405216,12488179313.000200
2022-03-05,39383.884843,5977148318.781390
2022-03-06,38399.342627,7255579920.123310
2022-03-07,38146.734273,11344006169.187401
2022-03-08,38725.477262,10483115474.730700
2022-03-09,41989.402818,14019392131.150700
2022-03-10,39482.258467,14010356921.000900
2022-03-11,38825.364421,11285230965.562799
2022-03-12,38951.130016,4926981055.962620
2022-03-13,37808.317400,6142841848.752370
2022-03-14,39649.045324,9256863860.142080
2022-03-15,39356.813900,8895191140.017401
2022-03-16,41101.768579,16837523985.731300
2022-03-17,40966.416932,8229142658.684260
2022-03-18,41826.116071,9179237589.042549
2022-03-19,42193.161536,6749722734.960850
2022-03-20,41294.723513,6545074415.614910
2022-03-21,41064.429648,8587481962.422690
2022-03-22,42383.169519,12406353015.880800
2022-03-23,42734.200036,9228466663.254721
2022-03-24,43974.593588,11562298423.160500
2022-03-25,44347.034280,10927641840.329399
2022-03-26,44519.926864,5029013289.512770
2022-03-27,46777.205627,9060253555.246401
2022-03-28,47223.652886,13302412300.312599
2022-03-29,47463.709677,11204366063.282900
2022-03-30,47123.297148,10055338077.371000
2022-03-31,45562.210667,12440776277.484200
2022-04-01,46250.336288,14363112070.401600
2022-04-02,45939.897349,10682297783.405500
2022-04-03,46440.543854,9222747534.031910
2022-04-04,46663.004177,12415826909.296400
2022-04-05,45693.035062,10538375511.704000
2022-04-06,43304.937199,14842581153.963900
2022-04-07,43569.047170,9338442133.968361
2022-04-08,42222.068977,10251838290.337601
2022-04-09,42680.994736,4818711935.465150
2022-04-10,42264.463391,5535566111.516000
2022-04-11,39544.025184,13029567831.807699
2022-04-12,40096.366975,11300477343.847601
2022-04-13,41152.755452,9211636217.956980
2022-04-14,39916.496384,7536382659.371290
2022-04-15,40527.331957,5487188888.699650
2022-04-16,40439.588121,3690714614.178660
2022-04-17,39704.783980,4626725637.512290
2022-04-18,40818.878603,10709763836.611300
2022-04-19,41489.663801,7405993342.994620
2022-04-20,41395.644583,9017582543.396469
2022-04-21,40457.495942,11984633925.560499
2022-04-22,39737.973504,9806946044.534201
2022-04-23,39582.454872,4286359872.007410
2022-04-24,39511.645693,5101679437.194360
2022-04-25,40473.748318,12843245289.391100
2022-04-26,38072.800874,12215279733.584299
2022-04-27,39218.537617,9646675379.382870
2022-04-28,39747.989427,10482995158.438999
2022-04-29,38609.505907,8957010326.915730
2022-04-30,37714.094980,6039880658.213500
2022-05-01,38459.226979,6957907608.401860
2022-05-02,38566.062888,9809311606.120159
2022-05-03,37704.405315,7559816224.830810
2022-05-04,39641.852177,11276767465.471901
2022-05-05,36502.024560,15358354248.205700
2022-05-06,36042.999558,12561908182.821199
2022-05-07,35508.711023,6395067105.329330
2022-05-08,34058.906686,11999760786.356899
2022-05-09,30457.921819,25181723714.784500
2022-05-10,30990.735166,24028396599.319199
2022-05-11,28796.556822,34657367879.154503
2022-05-12,29030.707042,30097624721.721100
2022-05-13,29285.934672,15053844698.549601
2022-05-14,30051.935755,8173944072.284690
2022-05-15,31182.621246,7443865210.546650
2022-05-16,29889.612476,10536726491.477200
2022-05-17,30438.194448,8945828665.870140
2022-05-18,28771.220479,10351538709.802999
2022-05-19,30257.885248,10633086375.823700
2022-05-20,29224.245998,10235776129.964399
2022-05-21,29420.078286,4176477855.649260
2022-05-22,30331.875142,5708844378.997520
2022-05-23,29088.251542,9829494659.793180
2022-05-24,29643.683756,7893886759.271700
2022-05-25,29577.259880,8376806831.921260
2022-05-26,29332.486047,12533507688.212400
2022-05-27,28612.041310,12025649209.526800
2022-05-28,29045.520634,4646142522.628150
2022-05-29,29430.068980,4075277592.687690
2022-05-30,31735.954972,12280949553.355700
2022-05-31,31831.409525,10235518846.268600
2022-06-01,29825.922199,13241894892.921801
2022-06-02,30504.268000,8932210117.355410
2022-06-03,29662.670971,7771681268.111230
2022-06-04,29792.407678,3567370123.542810
2022-06-05,29915.409301,3669382503.312540
2022-06-06,31333.677020,10041880433.564899
2022-06-07,31175.032429,13782946796.312599
2022-06-08,30228.464698,9885530461.580021
2022-06-09,30064.485529,6631191196.545580
2022-06-10,29070.400030,10300750562.177700
2022-06-11,28360.789923,8277996033.771570
2022-06-12,26830.283946,11434429812.204901
2022-06-13,22316.257040,29944355946.039902
2022-06-14,22072.866309,21304241063.055401
2022-06-15,22520.791009,22822911297.957699
2022-06-16,20310.176985,12545170664.866199
2022-06-17,20464.929087,9688788483.885139
2022-06-18,19013.867254,16389815161.425600
2022-06-19,20492.295168,13298332256.267900
2022-06-20,20571.629225,11137607109.859600
2022-06-21,20688.465131,10214853097.195601
2022-06-22,20003.168338,9863055075.593750
2022-06-23,21097.102833,8992166912.604851
2022-06-24,21299.076985,8770253854.608761
2022-06-25,21468.343157,5632965587.543740
2022-06-26,21066.620943,5572971395.848670
2022-06-27,20751.051696,6760414668.859330
2022-06-28,20263.219639,6987921279.689460
2022-06-29,20080.948086,8111793844.637940
2022-06-30,19332.912129,10015394386.689301
2022-07-01,19341.863124,11088252915.489901
2022-07-02,19231.831708,4501005501.319790
2022-07-03,19276.514664,4831776398.597720
2022-07-04,20226.298475,6746602702.357750
2022-07-05,20193.342794,8826497282.417009
2022-07-06,20560.843813,7803284516.954380
2022-07-07,21651.419142,8123265924.275960
2022-07-08,21813.787124,18513622026.458801
2022-07-09,21585.132192,9457361544.079691
2022-07-10,20831.273392,9656590583.697420
2022-07-11,19971.329470,8254669653.709530
2022-07-12,19339.153473,8947698311.043440
2022-07-13,20155.527839,13376425704.599701
2022-07-14,20552.899029,10828163722.926701
2022-07-15,20831.722701,9530874620.975519
2022-07-16,21196.509143,7874805597.311270
2022-07-17,20827.888609,7693331809.271880
2022-07-18,22305.706643,15998247369.691099
2022-07-19,23371.202660,19826660557.120701
2022-07-20,23280.935668,18311113923.736900
2022-07-21,23152.409311,13518660850.768400
2022-07-22,22706.083555,12511185421.013599
2022-07-23,22484.459232,8573521792.770340
2022-07-24,22653.357026,8305304702.619240
2022-07-25,21510.125587,13324152840.407101
2022-07-26,21181.659197,10929855208.944700
2022-07-27,22898.415068,13893424373.459600
2022-07-28,23838.556884,16395423570.168900
2022-07-29,23950.740380,14793722764.398800
2022-07-30,23623.434961,10666365149.075701
2022-07-31,23356.172222,8589457632.537530
2022-08-01,23331.442697,9808015050.997730
2022-08-02,23031.426883,10865974521.077999
2022-08-03,22809.747442,10221796872.534500
2022-08-04,22628.332082,10064406097.301500
2022-08-05,23248.971502,11770869356.406099
2022-08-06,22996.275045,5054758518.682190
2022-08-07,23153.658471,5051011463.658590
2022-08-08,23803.650515,10914857806.091999
2022-08-09,23186.291746,9349235041.169540
2022-08-10,23923.058483,13793461997.313499
2022-08-11,23934.439056,15906354568.652201
2022-08-12,24396.308846,10514711868.367100
2022-08-13,24426.222575,9229970197.879610
2022-08-14,24314.202132,9190505051.551470
2022-08-15,24083.953975,14958155977.981199
2022-08-16,23868.819353,10915319802.274300
2022-08-17,23336.348931,12821094743.904499
2022-08-18,23221.170603,8049628042.105000
2022-08-19,20906.766314,17478732474.448399
2022-08-20,21146.654802,10107289569.390900
2022-08-21,21553.996172,8317672111.939580
2022-08-22,21301.084058,11538476110.622801
2022-08-23,21534.514352,10595392226.987000
2022-08-24,21424.972823,9523214352.632641
2022-08-25,21587.839584,8425506933.417060
2022-08-26,20246.165573,15268318661.966900
2022-08-27,20043.990949,8524042721.953540
2022-08-28,19673.541219,6702071269.987080
2022-08-29,20270.960384,10472006275.996401
2022-08-30,19825.463207,12903492318.106001
2022-08-31,20024.671606,12716997383.727301
2022-09-01,20105.462607,11070522554.578501
2022-09-02,19948.856747,11007379913.193501
2022-09-03,19803.833270,5861455563.325100
2022-09-04,19961.911891,6229672897.756540
2022-09-05,19797.796788,8831459842.572069
2022-09-06,18846.150537,16177044696.234200
2022-09-07,19292.907075,12771257081.825701
2022-09-08,19319.124851,11800658806.894300
2022-09-09,21363.313615,20766008911.250198
2022-09-10,21715.210798,13707970807.786501
2022-09-11,21732.770569,12714424788.618999
2022-09-12,22365.214560,20532599884.226501
2022-09-13,20165.042161,24068120725.037201
2022-09-14,20246.366042,15667229490.367001
2022-09-15,19696.869866,15011889945.478500
2022-09-16,19741.577617,13151438669.241400
2022-09-17,20120.702346,9421581223.059130
2022-09-18,19427.100263,12754445429.198601
2022-09-19,19557.976958,18829405533.438999
2022-09-20,18872.949867,15361629385.077900
2022-09-21,18506.760748,20976502377.114700
2022-09-22,19414.539645,18345365367.284401
2022-09-23,19326.864820,15657666696.312599
2022-09-24,18924.767787,9575365033.942400
2022-09-25,18793.156153,8716899709.116501
2022-09-26,19201.131721,19956679983.663300
2022-09-27,19106.738914,28149047884.424900
2022-09-28,19454.937210,25070695056.064701
2022-09-29,19540.866411,10699004351.968399
2022-09-30,19435.194692,19044623312.025101
2022-10-01,19311.861629,6547468881.657070
2022-10-02,19015.292805,8200077083.757430
2022-10-03,19633.432586,12866240703.272400
2022-10-04,20339.971281,15480579142.977200
2022-10-05,20155.099699,14433575296.590900
2022-10-06,19950.547796,15474578899.840900
2022-10-07,19539.143922,12019159440.684000
2022-10-08,19416.177229,4974486247.407670
2022-10-09,19428.367132,5417019162.420950
2022-10-10,19154.404235,10060033831.823400
2022-10-11,19039.282068,11285491986.095800
2022-10-12,19156.911565,9952746004.023430
2022-10-13,19387.833681,19534704284.833000
2022-10-14,19177.694103,18339151976.341702
2022-10-15,19069.874927,5502768960.320500
2022-10-16,19261.749788,6821314673.457910
2022-10-17,19557.021811,12113841516.446501
2022-10-18,19341.407554,14299565858.233200
2022-10-19,19132.154425,9339339314.232080
2022-10-20,19033.376024,11008226785.786400
2022-10-21,19174.876349,14561861282.231300
2022-10-22,19207.628508,4774783235.369400
2022-10-23,19565.412324,7956738676.067430
2022-10-24,19341.460210,12048634040.706699
2022-10-25,20094.961122,19895894385.210400
2022-10-26,20797.030826,22458287649.335701
2022-10-27,20280.175128,17662789381.572300
2022-10-28,20604.613854,14983969219.171301
2022-10-29,20803.899921,13376463310.996901
2022-10-30,20616.703377,9581661474.187950
2022-10-31,20490.858181,7678070035.539990
2022-11-01,20483.966531,12319576456.924700
2022-11-02,20148.284554,19249776021.455299
2022-11-03,20198.111186,13449808635.251101
2022-11-04,21157.244928,23359994669.008598
2022-11-05,21283.471600,11420258248.005100
2022-11-06,20946.803036,10105313953.469500
2022-11-07,20568.565118,17227999084.199001
2022-11-08,18520.971164,48421194270.372398
2022-11-09,15758.291282,44470633009.358299
2022-11-10,17541.560287,29627713951.155102
2022-11-11,16916.850631,18085735751.055500
2022-11-12,16771.242672,8266826492.711210
2022-11-13,16320.498338,8426755002.593890
2022-11-14,16629.478415,16997289347.030199
2022-11-15,16855.593786,12085486623.283899
2022-11-16,16659.606335,11410913049.888399
2022-11-17,16675.179020,8237051359.185820
2022-11-18,16661.522958,8062185138.499080
2022-11-19,16696.004058,4016701906.220600
2022-11-20,16246.844699,6471478081.805090
2022-11-21,15778.017405,13119331161.925400
2022-11-22,16172.889345,10303275174.630400
2022-11-23,16574.061730,10879843229.699600
2022-11-24,16583.524345,8061758405.620560
2022-11-25,16522.388777,7371400232.196300
2022-11-26,16448.641308,6571519761.619200
2022-11-27,16436.070769,5734352902.009430
2022-11-28,16212.581416,10185161473.957199
2022-11-29,16443.036820,9416306797.265020
2022-11-30,17176.898691,12866116760.285801
2022-12-01,16961.291804,10180887766.192101
2022-12-02,17075.109137,8815923097.375509
2022-12-03,16899.507383,7485097176.191490
2022-12-04,17121.714982,7671626710.644870
2022-12-05,16961.351787,10690173319.943899
2022-12-06,17070.515828,9106145121.634359
2022-12-07,16848.251824,9171547819.534950
2022-12-08,17231.456322,9599018485.349720
2022-12-09,17136.149001,9261513002.276640
2022-12-10,17124.214680,5242742795.827310
2022-12-11,17094.360659,6181456906.705540
2022-12-12,17195.524996,8884761295.869040
2022-12-13,17774.916632,13084919190.896299
2022-12-14,17809.724084,12274215733.197500
2022-12-15,17344.054457,9628729849.492310
2022-12-16,16606.110175,11542067285.397900
2022-12-17,16774.385370,5905072402.319200
2022-12-18,16776.115925,4410520761.540330
2022-12-19,16424.131386,8026243814.633540
2022-12-20,16901.816936,10507063258.285801
2022-12-21,16800.532971,6240290599.950820
2022-12-22,16814.222579,7074799551.001860
2022-12-23,16780.516980,6636480476.989910
2022-12-24,16837.612170,3608176912.103160
2022-12-25,16824.838974,4488178698.906510
2022-12-26,16879.938227,4629771017.974320
2022-12-27,16698.911271,7109117005.227610
2022-12-28,16536.294200,7936371231.894020
2022-12-29,16630.593155,6423588227.188510
2022-12-30,16593.688829,6868973492.568280
2022-12-31,16524.217802,4418902904.142640
2023-01-01,16606.752043,3482939407.914450
2023-01-02,16688.719273,5226730222.499780
2023-01-03,16670.077384,6050649095.329310
2023-01-04,16848.366039,8681579163.084999
2023-01-05,16824.800183,5739689110.736870
2023-01-06,16957.862274,7556650364.776820
2023-01-07,16942.628589,3182996134.556820
2023-01-08,17059.239944,4758270817.807690
2023-01-09,17182.319852,10256620754.534000
2023-01-10,17433.914632,8300555363.266450
2023-01-11,17833.710766,10286356665.549200
2023-01-12,18869.704484,20151197412.608101
2023-01-13,19868.724745,16145322849.881300
2023-01-14,21010.922720,21188492055.852501
2023-01-15,20876.008556,9617917648.421261
2023-01-16,21180.411949,15095237194.595501
2023-01-17,21178.299396,14023167964.124399
2023-01-18,20709.668604,18221791671.462002
2023-01-19,21071.833415,11954332921.164700
2023-01-20,22660.716942,16935868176.630699
2023-01-21,22803.172762,19402684905.772202
2023-01-22,22716.277197,14383369426.867901
2023-01-23,22929.024894,15625863053.058100
2023-01-24,22611.126879,15772222839.811300
2023-01-25,23109.084519,18526956612.774601
2023-01-26,23008.689477,15302218684.530701
2023-01-27,23070.496458,14691605925.045300
2023-01-28,23008.809465,7358966126.759580
2023-01-29,23774.996368,16001170091.843800
2023-01-30,22799.427262,15996934228.160500
2023-01-31,23130.051913,13050986888.090000
2023-02-01,23727.202608,15098181392.439501
2023-02-02,23505.604843,19232585774.214401
2023-02-03,23445.813177,15419972956.046499
2023-02-04,23355.524386,8113531828.062850
2023-02-05,22957.225191,10917213607.820999
2023-02-06,22745.165037,13662558643.680000
2023-02-07,23266.269204,16058609233.673401
2023-02-08,22937.579945,14953697927.454300
2023-02-09,21818.198946,19480232175.922699
2023-02-10,21620.566784,15582972586.604900
2023-02-11,21864.862641,8797826426.849899
2023-02-12,21772.137325,9797114286.652050
2023-02-13,21798.715717,13593901247.030300
2023-02-14,22222.415044,15340218926.052200
2023-02-15,24304.612983,18862748183.144100
2023-02-16,23742.448835,23710030781.632900
2023-02-17,24607.335605,24328069687.407799
2023-02-18,24636.526613,9706544668.724461
2023-02-19,24366.990761,14575960826.229200
2023-02-20,24797.843036,16413216545.470400
2023-02-21,24400.389390,18044237208.749199
2023-02-22,24163.738981,17523114359.385899
2023-02-23,23910.034210,17757804680.517799
2023-02-24,23175.824204,15543404688.296801
2023-02-25,23159.815440,8121640539.514810
2023-02-26,23542.096428,8560021742.373880
2023-02-27,23504.189418,12533527682.730101
2023-02-28,23145.949128,11032699585.175200
2023-03-01,23610.659090,13583383752.670000
2023-03-02,23470.025482,10694027380.303499
2023-03-03,22350.096234,14981953672.127199
2023-03-04,22334.285264,4813757986.427020
2023-03-05,22419.817139,6437226222.970680
2023-03-06,22414.703306,8233597113.360390
2023-03-07,22174.648473,12337703894.709200
2023-03-08,21701.384623,12108297700.888300
2023-03-09,20349.814173,17901574390.067200
2023-03-10,20240.406695,23816614356.162300
2023-03-11,20585.234329,17742289263.658100
2023-03-12,22065.980036,16924248418.242800
2023-03-13,24154.429095,29691786573.663200
2023-03-14,24769.017569,30830652375.821499
2023-03-15,24409.801752,26303317410.773998
2023-03-16,25043.238847,19514577683.310398
2023-03-17,27450.628293,31289099128.644501
2023-03-18,26985.735992,19399308264.822701
2023-03-19,28185.204332,19458023272.330502
2023-03-20,27834.336109,24549077847.177700
2023-03-21,28172.795056,20790263207.949799
2023-03-22,27341.557130,18964688511.805099
2023-03-23,28387.889750,12478653274.667801
2023-03-24,27464.124945,15655049466.013000
2023-03-25,27488.954880,5117311428.100010
2023-03-26,28049.391691,5389478867.146400
2023-03-27,27154.996370,8067988947.042810
2023-03-28,27283.963403,7758064510.154670
2023-03-29,28389.291778,9545801607.780930
2023-03-30,28021.558301,11059525124.583099
2023-03-31,28514.681306,8674259530.292810
2023-04-01,28494.563886,4152773641.068120
2023-04-02,28161.998036,4247446898.512210
2023-04-03,27850.979944,8815840109.398899
2023-04-04,28113.958519,6270156545.434990
2023-04-05,28190.311606,7183935480.080340
2023-04-06,28049.074476,4985264573.381220
2023-04-07,27936.804261,3177935904.686400
2023-04-08,27964.051250,2575794168.398420
2023-04-09,28357.807270,3864343192.263360
2023-04-10,29687.565185,7859290892.840220
2023-04-11,30247.095919,8967191913.215410
2023-04-12,29913.003546,8374453806.387460
2023-04-13,30370.822072,6989725585.219570
2023-04-14,30458.970041,9349243336.990431
2023-04-15,30342.059108,3706765071.309710
2023-04-16,30312.930853,4052465432.530390
2023-04-17,29469.505073,7071772295.570640
2023-04-18,30366.872381,7947308760.662310
2023-04-19,28796.744095,11021822315.317200
2023-04-20,28251.276379,8649744774.387199
2023-04-21,27292.021105,8535614918.723320
2023-04-22,27827.547592,4260267743.798790
2023-04-23,27604.685574,4120658132.687470
2023-04-24,27520.199673,7050552654.137700
2023-04-25,28302.694218,6847442589.989690
2023-04-26,28384.234033,15212447057.531500
2023-04-27,29465.551427,12363485144.156900
2023-04-28,29350.811887,7144326139.333170
2023-04-29,29221.514508,3207709786.451690
2023-04-30,29362.086797,5504280186.650250
2023-05-01,28114.953187,7883497032.762950
2023-05-02,28690.580996,6646631455.914490
2023-05-03,29045.042774,8265211496.742660
2023-05-04,28855.857447,6166023948.114340
2023-05-05,29552.969524,7492150984.026630
2023-05-06,28899.462960,5931118826.141680
2023-05-07,28761.738434,3911869860.591950
2023-05-08,27727.285409,7737229754.284010
2023-05-09,27642.428109,4884140425.787250
2023-05-10,27646.004902,8491614187.990780
2023-05-11,26986.271066,6425277783.866500
2023-05-12,26773.344359,7818548935.839390
2023-05-13,26841.398291,2838317748.948930
2023-05-14,26918.261598,2882677526.950020
2023-05-15,27231.621605,5590897813.894060
2023-05-16,27025.718186,4764764947.286370
2023-05-17,27401.044061,5810913341.003150
2023-05-18,26843.235094,6212796258.181100
2023-05-19,26889.503632,4389699021.582630
2023-05-20,27100.858288,1915270275.410700
2023-05-21,26777.097783,2854390677.018680
2023-05-22,26858.737064,4451246527.736250
2023-05-23,27226.855876,5505951484.514930
2023-05-24,26341.430645,7096599462.913240
2023-05-25,26484.835923,5832917354.581860
2023-05-26,26720.383807,5003777162.304050
2023-05-27,26854.540370,2538585694.499050
2023-05-28,28097.521126,5798613422.825040
2023-05-29,27765.072869,6119584360.690810
2023-05-30,27712.491584,5484483730.763840
2023-05-31,27217.683258,6911520753.530080
2023-06-01,26825.371345,6363290083.977950
2023-06-02,27255.227994,6652686405.180540
2023-06-03,27079.408464,2858086295.598440
2023-06-04,27158.254570,3471882669.180430
2023-06-05,25785.851484,10148508271.708700
2023-06-06,27213.770519,9619485776.806601
2023-06-07,26339.579029,8417286897.005510
2023-06-08,26521.693601,4618255536.750470
2023-06-09,26470.677578,4223919193.036680
2023-06-10,25863.213851,8255423375.055760
2023-06-11,25906.828152,3912637767.868750
2023-06-12,25906.751935,4670223904.598910
2023-06-13,25880.859973,5877742254.148950
2023-06-14,25097.585380,5863303245.968440
2023-06-15,25559.143329,6053072252.211110
2023-06-16,26331.820094,6021517323.112840
2023-06-17,26514.171350,3578241960.021150
2023-06-18,26353.962683,2867206944.912070
2023-06-19,26778.063442,4868829634.882030
2023-06-20,28305.420457,9160851015.987440
2023-06-21,30099.515351,14825598404.502001
2023-06-22,29952.511287,8687518014.143141
2023-06-23,30638.353764,11839148108.088699
2023-06-24,30549.016287,4875703648.323460
2023-06-25,30467.440371,5256751662.669160
2023-06-26,30255.886124,7410950245.382510
2023-06-27,30667.076295,7234774435.832420
2023-06-28,30104.043272,5909934222.488400
2023-06-29,30460.792978,4914939135.464980
2023-06-30,30484.503258,11780502234.086500
2023-07-01,30581.688966,2726601695.113600
2023-07-02,30594.216474,3537090094.083410
2023-07-03,31135.357599,6043993583.419850
2023-07-04,30799.947456,4748446596.381340
2023-07-05,30497.822128,4829206679.158120
2023-07-06,29979.729809,9654693738.598379
2023-07-07,30329.882979,5314294892.348640
2023-07-08,30263.619634,2261205453.263750
2023-07-09,30163.221056,2596995708.680720
2023-07-10,30394.655581,6215298401.391390
2023-07-11,30616.247094,4874528785.896430
2023-07-12,30385.608785,6230948433.227090
2023-07-13,31434.735470,10790373342.408800
2023-07-14,30310.672020,8953014991.664690
2023-07-15,30290.890596,2265207886.057300
2023-07-16,30249.772966,2764118875.904150
2023-07-17,30143.746274,5106405292.949930
2023-07-18,29835.747408,5094855133.852500
2023-07-19,29913.029465,4532638264.227310
2023-07-20,29805.606571,5669369708.510890
2023-07-21,29919.693492,3704983459.078810
2023-07-22,29726.009627,2219276843.902750
2023-07-23,30066.572448,3083037645.996100
2023-07-24,29178.359704,6486581945.124380
2023-07-25,29221.254853,3444990279.572990
2023-07-26,29361.591758,5178877856.806410
2023-07-27,29201.686518,4153175440.061410
2023-07-28,29316.313075,4329003455.712120
2023-07-29,29360.376179,1931308938.760610
2023-07-30,29262.836734,2998235280.573210
2023-07-31,29219.820189,4799611830.712390
2023-08-01,29499.587539,7836049469.240890
2023-08-02,29143.151962,7872215309.450230
2023-08-03,29192.344862,5148828183.382090
2023-08-04,29057.253244,4719711906.130870
2023-08-05,29053.095698,2030023814.610100
2023-08-06,29048.043328,2353549520.777120
2023-08-07,29164.358587,5542085527.165350
2023-08-08,29779.511384,7298489071.924820
2023-08-09,29582.944238,6264604698.426380
2023-08-10,29430.159912,4537729588.200970
2023-08-11,29399.784740,3635531576.607400
2023-08-12,29415.733902,1601995960.377740
2023-08-13,29286.117611,1969606358.302110
2023-08-14,29408.971713,5411567058.550430
2023-08-15,29167.597217,4488882769.761900
2023-08-16,28754.292408,5397398364.499760
2023-08-17,26660.562726,13687172656.813400
2023-08-18,26037.365847,9612175514.897530
2023-08-19,26093.981808,3644527423.409120
2023-08-20,26176.472164,2734270910.779670
2023-08-21,26128.905016,4879156212.888930
2023-08-22,25978.209691,5539445605.871540
2023-08-23,26452.193588,6338027659.610300
2023-08-24,26126.794333,4584258863.608290
2023-08-25,26040.881255,4684616570.962960
2023-08-26,26006.174080,1364857637.352710
2023-08-27,26086.361259,1634778171.909880
2023-08-28,26103.276573,3675374039.366930
2023-08-29,27672.222131,11854107500.738001
2023-08-30,27298.997780,6179730013.967150
2023-08-31,25954.866594,8209623515.083030
2023-09-01,25802.788530,6902128000.880520
2023-09-02,25868.296098,2929835094.589750
2023-09-03,25962.547569,3089859704.895400
2023-09-04,25799.525687,3678098576.836850
2023-09-05,25782.362220,3712055278.704610
2023-09-06,25754.790268,4656976560.442840
2023-09-07,26210.604564,3723070041.105730
2023-09-08,25904.698213,3507237481.973280
2023-09-09,25894.620598,1187645696.048500
2023-09-10,25831.464780,2263377937.993060
2023-09-11,25135.039378,5417217457.769190
2023-09-12,25859.701807,7239867563.247300
2023-09-13,26226.866752,4279985003.823170
2023-09-14,26556.056943,4696088237.197090
2023-09-15,26672.616082,3424122725.272050
2023-09-16,26555.636103,1744591047.681740
2023-09-17,26502.432119,1490607082.231630
2023-09-18,26764.631906,5560639373.118660
2023-09-19,27215.050485,4913249704.957420
2023-09-20,27133.403724,4633520638.697060
2023-09-21,26571.595292,4276124173.701270
2023-09-22,26581.147612,2843604495.264790
2023-09-23,26575.776387,1166107250.289240
2023-09-24,26286.641049,2095763667.578460
2023-09-25,26288.809501,4051736612.211300
2023-09-26,26194.537888,2834296816.296590
2023-09-27,26336.082597,4845264264.869370
2023-09-28,27033.425442,5964040338.680150
2023-09-29,26911.251474,4361323030.384480
2023-09-30,26977.693313,1755807865.429870
2023-10-01,27950.145359,3789419594.091730
2023-10-02,27565.889295,8727177078.799850
2023-10-03,27439.142239,4947479217.071040
2023-10-04,27797.251177,4802327917.734920
2023-10-05,27426.345093,5332495417.613730
2023-10-06,27941.963376,6071007807.012230
2023-10-07,27972.751570,2616586287.076200
2023-10-08,27936.326116,3254719839.197290
2023-10-09,27591.346762,5457622957.338130
2023-10-10,27419.797180,4514397807.135860
2023-10-11,26828.172571,6260905029.843400
2023-10-12,26741.340599,4287513478.223330
2023-10-13,26842.446770,4544161112.752620
2023-10-14,26861.989238,1882805808.428090
2023-10-15,27130.306709,2820659277.201470
2023-10-16,28506.793674,12324231538.494801
2023-10-17,28433.205152,6382458113.240640
2023-10-18,28328.075020,5498621182.741900
2023-10-19,28690.358041,6304460034.503200
2023-10-20,29704.985367,9627457733.979170
2023-10-21,29922.546404,4908622874.483840
2023-10-22,29984.159320,4357335589.337470
2023-10-23,32954.169048,16565435018.974100
2023-10-24,33880.956654,19576541722.876400
2023-10-25,34488.658921,11314675190.174801
2023-10-26,34181.492252,8615390557.113899
2023-10-27,33896.938528,7105739348.655940
2023-10-28,34091.589033,3717269221.569450
2023-10-29,34574.337721,4172953364.729070
2023-10-30,34495.105021,6957948419.082870
2023-10-31,34636.426474,6883517299.591230
2023-11-01,35431.979453,9548618314.359791
2023-11-02,34882.917337,9262709776.038691
2023-11-03,34708.221880,7095965429.410900
2023-11-04,35091.076306,3374871978.979860
2023-11-05,35105.042027,4822792964.071000
2023-11-06,35017.715148,5083270154.964190
2023-11-07,35418.476890,7351195616.138660
2023-11-08,35797.894609,6911668170.528540
2023-11-09,36675.326433,15948098456.878099
2023-11-10,37367.494372,8914376429.052931
2023-11-11,36979.931241,5097651991.823450
2023-11-12,37053.341051,4172077176.727450
2023-11-13,36543.268087,7867716300.197430
2023-11-14,35590.683565,10073551301.038500
2023-11-15,37840.553489,10978796242.182600
2023-11-16,36160.404451,10843548581.158001
2023-11-17,36569.712053,8609484089.363729
2023-11-18,36577.424962,3820646508.272990
2023-11-19,37442.728512,4365444223.660590
2023-11-20,37516.050371,8633330601.560190
2023-11-21,36035.033086,11345690429.968300
2023-11-22,37403.034717,9696815489.428011
2023-11-23,37311.719216,5661761184.070230
2023-11-24,37718.784163,9283265713.248581
2023-11-25,37800.126093,2935657938.971580
2023-11-26,37482.705526,4749678489.381090
2023-11-27,37229.245220,7489775041.371080
2023-11-28,37828.465591,8682782877.394501
2023-11-29,37846.853123,7825117481.347270
2023-11-30,37712.711479,5939392550.358720
2023-12-01,38703.553682,9347568826.508600
2023-12-02,39462.279927,5949409529.202880
2023-12-03,39978.222610,6093915090.945600
2023-12-04,41910.299482,15988298256.601200
2023-12-05,44067.005476,15948537678.610901
2023-12-06,43745.834391,13324410750.889601
2023-12-07,43282.618226,11573711318.681299
2023-12-08,44205.052209,10161998447.926100
2023-12-09,43740.006393,6797659427.682270
2023-12-10,43732.712090,4823569819.045900
2023-12-11,41209.894790,17260175545.096699
2023-12-12,41467.273570,10941804000.840599
2023-12-13,42939.060758,11726004748.709700
2023-12-14,43033.137156,11311843952.804399
2023-12-15,41978.097020,8608453744.131041
2023-12-16,42203.214045,6093493256.470680
2023-12-17,41428.665786,7021378472.635110
2023-12-18,42635.733191,11494320344.946199
2023-12-19,42271.863026,10621280570.460899
2023-12-20,43605.155555,12722756432.952101
2023-12-21,43870.238234,10320384226.334101
2023-12-22,44009.501655,8965129935.153271
2023-12-23,43768.806752,4515142974.259310
2023-12-24,43097.809326,6199013474.717020
2023-12-25,43623.750403,7193933449.692580
2023-12-26,42491.122908,10730949500.215401
2023-12-27,43436.959427,9344062846.960230
2023-12-28,42670.679718,9734850249.840269
2023-12-29,41998.603344,10997021534.093800
2023-12-30,42204.491774,6627146775.039380
2023-12-31,42217.158791,6837092115.983120
2024-01-01,44049.473553,7250545702.146700
2024-01-02,44941.160494,17081514981.060801
2024-01-03,42773.651542,19553734305.144199
2024-01-04,44250.745267,14039209485.231501
2024-01-05,44146.322202,14588099215.015200
2024-01-06,43917.979815,6247900761.326040
2024-01-07,43844.195950,7431340107.706810
2024-01-08,46981.324300,18542335463.886902
2024-01-09,46084.005795,19155255590.578499
2024-01-10,46818.159276,24715285126.356098
2024-01-11,46380.870808,22411212266.982800
2024-01-12,42817.430536,21213212040.149300
2024-01-13,42846.954470,9337122570.332069
2024-01-14,41888.151307,7573647279.563080
2024-01-15,42528.919249,9928562848.030121
2024-01-16,43171.447224,10909593921.320299
2024-01-17,42689.304327,9956022710.597771
2024-01-18,41261.907618,12254888799.326900
2024-01-19,41606.853533,12472765847.689600
2024-01-20,41668.690410,4734275621.331250
2024-01-21,41537.112356,3516213148.536010
2024-01-22,39577.099860,16041563733.766899
2024-01-23,39737.314362,14034802469.453600
2024-01-24,40101.856898,10293589599.783400
2024-01-25,39917.661146,8336836447.414170
2024-01-26,41860.731046,11836749256.986500
2024-01-27,42125.301416,4277956106.269020
2024-01-28,41983.020274,7452485056.597210
2024-01-29,43218.347082,9287336135.462099
2024-01-30,42950.054128,11688762263.708599
2024-01-31,42589.470806,12400621163.455900
2024-02-01,43020.359655,10465078654.275101
2024-02-02,43155.385203,8982726520.131180
2024-02-03,42982.378998,5566272431.183890
2024-02-04,42576.291305,7277561262.548720
2024-02-05,42619.274274,9406372917.008631
2024-02-06,43102.706263,8190085455.032210
2024-02-07,44253.031473,10002456696.548800
2024-02-08,45332.091572,12597654187.538601
2024-02-09,47176.966514,19841936110.675800
2024-02-10,47792.897216,7703583213.360240
2024-02-11,48200.798606,9603675210.261580
2024-02-12,49989.803717,17365521058.401001
2024-02-13,49628.094153,15691373453.896799
2024-02-14,51844.292919,16940117136.518999
2024-02-15,51939.147292,17451008707.414600
2024-02-16,52157.312398,13040715769.827101
2024-02-17,51674.815852,9005429080.277031
2024-02-18,52148.064537,7526703072.988730
2024-02-19,51804.805154,9863692990.892780
2024-02-20,52308.053171,15883875039.052200
2024-02-21,51744.321808,13513961689.982500
2024-02-22,51292.325257,12010457032.193600
2024-02-23,50789.143176,10099100115.923901
2024-02-24,51578.234916,5402504165.217320
2024-02-25,51746.478967,6188818930.838480
2024-02-26,54551.825918,16287851720.051901
2024-02-27,57049.888220,23460065502.359798
2024-02-28,62460.740620,37748173828.666397
2024-02-29,61394.781852,29592026760.178299
2024-03-01,62524.401817,17712347587.868900
2024-03-02,62049.614564,10784520019.712099
2024-03-03,62991.442291,12296134824.562401
2024-03-04,68091.838824,34123998240.655499
2024-03-05,63950.524330,50764709477.533096
2024-03-06,66103.721540,35033812966.687599
2024-03-07,67070.379148,22336546805.611099
2024-03-08,68343.714955,29222451631.719299
2024-03-09,68502.505339,9199042074.105391
2024-03-10,68882.251340,16809904496.060101
2024-03-11,72198.087534,33331070279.394798
2024-03-12,71432.728302,30705891174.725498
2024-03-13,73081.575905,22160525055.372002
2024-03-14,71505.272908,30240525378.431900
2024-03-15,69424.914175,40360590608.578499
2024-03-16,65433.681901,23004415587.276001
2024-03-17,68285.089169,21229313303.558300
2024-03-18,67770.886525,24265605725.422100
2024-03-19,61969.307539,38738969377.643204
2024-03-20,67848.107640,32123614449.812199
2024-03-21,65454.735723,21487928137.934799
2024-03-22,63486.485000,19721363454.395699
2024-03-23,64361.242905,11764824453.524200
2024-03-24,67289.565831,12911892642.039801
2024-03-25,70042.020424,21329523547.273800
2024-03-26,70071.047214,17284660355.824799
2024-03-27,69267.887982,20451494078.461300
2024-03-28,70826.896871,15976055967.201599
2024-03-29,69917.043007,11999225207.160999
2024-03-30,69663.011907,7926552761.618820
2024-03-31,71227.451794,9203296614.502649
2024-04-01,69791.627731,17397697887.780201
2024-04-02,65533.754835,25508764845.748699
2024-04-03,66130.216239,17128825758.398399
2024-04-04,68438.135025,16735981387.605200
2024-04-05,67904.909477,16347252619.596901
2024-04-06,69136.071078,8828303155.134920
2024-04-07,69392.683011,9406769292.481470
2024-04-08,71712.797284,17668577011.452900
2024-04-09,69074.541864,18376589885.300701
2024-04-10,70579.445677,18832758220.569500
2024-04-11,70046.553606,14374796057.112200
2024-04-12,67098.113692,22015938771.442200
2024-04-13,64551.648288,26572714113.113602
2024-04-14,65648.809960,22769527349.281200
2024-04-15,63393.325166,20122868493.292999
2024-04-16,63784.820334,19855744773.402901
2024-04-17,61324.218429,21032645521.667301
2024-04-18,63510.145003,16729182705.959999
2024-04-19,63762.631030,24290125621.713100
2024-04-20,64907.992837,10209755943.912800
2024-04-21,64968.192620,9474636328.850140
2024-04-22,66944.596091,13646040858.891100
2024-04-23,66385.300292,12194434100.995800
2024-04-24,64189.967906,15881071503.611000
2024-04-25,64515.387473,17731373529.355801
2024-04-26,63777.471500,11464251164.215000
2024-04-27,63429.309965,8373511757.423090
2024-04-28,62978.577005,7491524824.734150
2024-04-29,63908.388877,13056261845.712900
2024-04-30,60636.326163,18760431064.925999
2024-05-01,58141.777280,24737539559.196999
2024-05-02,59170.108894,15829327094.813801
2024-05-03,62983.655478,16327186144.137501
2024-05-04,63881.130543,9029725334.892639
2024-05-05,64067.595992,7753748893.083930
2024-05-06,63228.103134,14093132482.153000
2024-05-07,62396.999720,13220781325.323999
2024-05-08,61079.274428,13478603263.182199
2024-05-09,62998.490338,11740991586.810101
2024-05-10,60896.641888,12913363816.924299
2024-05-11,60843.572924,5455046417.611270
2024-05-12,61431.274688,5509089321.325950
2024-05-13,62886.939449,13211250469.402700
2024-05-14,61555.567005,12113667607.997200
2024-05-15,66281.532254,17172897069.122299
2024-05-16,65269.260325,12906388209.775299
2024-05-17,66956.440948,11811647501.070801
2024-05-18,66977.600691,5878346194.851180
2024-05-19,66259.470426,7041873685.295850
2024-05-20,71202.202590,18490055736.139801
2024-05-21,70217.254691,18835543083.724300
2024-05-22,69074.914135,14298552149.296200
2024-05-23,67758.730659,18478056191.218498
2024-05-24,68608.998280,12171953685.108299
2024-05-25,69282.792598,5647519580.358030
2024-05-26,68445.006953,5805945887.074280
2024-05-27,69347.815260,10599944567.794901
2024-05-28,68342.820449,13217023044.386400
2024-05-29,67584.263240,11381516745.641701
2024-05-30,68375.476026,12399825204.370100
2024-05-31,67377.762612,11245236295.365601
2024-06-01,67714.352640,4118586345.364200
2024-06-02,67805.485574,6192684953.636630
2024-06-03,68833.302835,13069431044.100100
2024-06-04,70554.089433,13704074333.021700
2024-06-05,71087.443316,13604866856.669399
2024-06-06,70788.501376,10437499206.308399
2024-06-07,69338.157324,15828294865.745399
2024-06-08,69310.109262,5663235248.910480
2024-06-09,69644.019089,5172310950.032880
2024-06-10,69465.936248,8753023986.249269
2024-06-11,67368.263506,18296080106.641602
2024-06-12,68213.834684,16808022781.031401
2024-06-13,66783.490277,13613395924.791000
2024-06-14,65982.186520,12994996576.422199
2024-06-15,66204.904308,4958017660.390990
2024-06-16,66622.599934,4646838310.795060
2024-06-17,66483.878526,12946665205.598700
2024-06-18,65112.123002,17154948359.822901
2024-06-19,64878.714153,8320519730.089950
2024-06-20,64897.701154,10487188943.361200
2024-06-21,64086.048923,10823506045.596300
2024-06-22,64258.135506,2939982450.654530
2024-06-23,63345.021876,3654691779.970120
2024-06-24,60258.955437,19349344375.460201
2024-06-25,61739.665848,11961566774.797600
2024-06-26,60794.476058,8931736244.351879
2024-06-27,61569.923428,8657071869.677710
2024-06-28,60303.314736,10281355347.099100
2024-06-29,60889.329843,4188531828.178950
2024-06-30,62763.279686,6274709490.460180
2024-07-01,62835.399765,10282004110.452200
2024-07-02,62028.617039,8012153705.411100
2024-07-03,60216.392086,11875055484.096100
2024-07-04,57418.242021,16868693674.111300
2024-07-05,56720.988126,21881106663.775101
2024-07-06,58259.221773,7714676582.443700
2024-07-07,56112.572559,7569481196.534290
2024-07-08,56691.914906,16027546830.927000
2024-07-09,57981.432097,10963306049.172701
2024-07-10,57722.011353,10008854853.925301
2024-07-11,57307.712738,11321406493.205200
2024-07-12,57859.120282,10057565384.472200
2024-07-13,59329.037202,6041284387.835420
2024-07-14,61015.033941,8242557173.645190
2024-07-15,64734.761170,14784189654.143900
2024-07-16,65118.826658,15955797076.289900
2024-07-17,64201.370781,12372196024.349199
2024-07-18,63984.302202,10444717921.837500
2024-07-19,66755.783383,14344051553.060699
2024-07-20,67185.497811,6327511276.004610
2024-07-21,68056.620122,9875839945.415489
2024-07-22,67535.197674,23596745505.968601
2024-07-23,65916.408162,13978539534.501301
2024-07-24,65353.385778,10205213346.797800
2024-07-25,65722.061192,14383308820.820499
2024-07-26,67912.243309,11359760478.918200
2024-07-27,68077.373081,12941347929.920099
2024-07-28,68170.669131,6293226346.308580
2024-07-29,66867.167277,15565757911.706400
2024-07-30,66186.914686,11393935670.508600
2024-07-31,64690.634039,12080963633.116600
2024-08-01,65178.055489,17040173764.031000
2024-08-02,61506.769888,15038658306.285400
2024-08-03,60688.244427,13095816561.630199
2024-08-04,58306.264479,13129104897.516899
2024-08-05,54343.627677,48882416601.575699
2024-08-06,56047.471287,20401237616.514099
2024-08-07,55129.741038,17738480521.372398
2024-08-08,61908.789672,18837776332.299099
2024-08-09,60720.940759,14166347052.501101
2024-08-10,60871.555073,6490103819.064430
2024-08-11,58836.104372,9554966005.209789
2024-08-12,59394.162954,15257017358.499701
2024-08-13,60536.245785,12478915078.599300
2024-08-14,58840.646680,13116633836.358500
2024-08-15,57644.187688,15386220421.129499
2024-08-16,58927.276509,12231042437.779400
2024-08-17,59414.674335,5483272906.193210
2024-08-18,58793.206146,7079060376.859060
2024-08-19,59411.519017,10645902084.872000
2024-08-20,59123.300266,12753006008.215500
2024-08-21,61133.025649,13247509943.744200
2024-08-22,60394.473775,11741932208.294399
2024-08-23,64106.802915,17735289695.680199
2024-08-24,64023.226704,8332042279.609850
2024-08-25,64498.018341,7344246577.526700
2024-08-26,62983.442773,11765222507.909700
2024-08-27,59548.007622,16196170156.340599
2024-08-28,59100.774755,16269227449.243200
2024-08-29,59339.790995,13490674905.178699
2024-08-30,59142.939964,13277703706.346500
2024-08-31,58959.926273,4345701281.362580
2024-09-01,57349.080718,9816811735.945370
2024-09-02,59159.023888,11047866969.125099
2024-09-03,57637.775444,11039730131.910500
2024-09-04,58033.398970,14648077451.464300
2024-09-05,56112.952940,13216773017.370600
2024-09-06,53838.953462,21229088261.286499
2024-09-07,54066.439925,6886541284.192310
2024-09-08,54859.258408,6829908237.892930
2024-09-09,57135.781437,14170268042.323099
2024-09-10,57664.499821,12122066016.856899
2024-09-11,57409.195066,16186368450.708700
2024-09-12,58124.641807,13633068245.868099
2024-09-13,60536.881450,13583062100.598700
2024-09-14,60007.170251,5896778267.478140
2024-09-15,59129.919754,6978906950.175570
2024-09-16,58227.464217,13071559303.384600
2024-09-17,60238.217726,15841085588.035999
2024-09-18,61306.233732,17613526890.273800
2024-09-19,62994.609653,17659705947.463600
2024-09-20,63153.951827,14673503405.411400
2024-09-21,63367.729608,5119970502.215030
2024-09-22,63571.952173,7725566645.386620
2024-09-23,63336.012635,13215247845.098400
2024-09-24,64342.789111,12700396631.090799
2024-09-25,63059.626917,10291173191.981600
2024-09-26,65057.786146,15897485937.325100
2024-09-27,65767.713254,13617206254.061399
2024-09-28,65770.527648,4880798766.304550
2024-09-29,65617.761069,4856780415.703630
2024-09-30,63260.042548,15446677929.757999
2024-10-01,60858.248709,23270818264.645500
2024-10-02,60686.099314,18244767011.800701
2024-10-03,60765.236750,16764430984.353201
2024-10-04,62052.510050,13442137274.060499
2024-10-05,62030.453898,4757591875.378230
2024-10-06,62789.881456,5501211149.319730
2024-10-07,62416.508830,15152336917.062300
2024-10-08,62126.327377,12327676626.554399
2024-10-09,60615.258192,11846246278.678200
2024-10-10,60221.117287,12476986141.505600
2024-10-11,62462.539963,12284781048.440701
2024-10-12,63202.880699,5931014495.934440
2024-10-13,62759.431113,6617533143.714670
2024-10-14,66089.758741,17541092852.217602
2024-10-15,66933.974834,19434348652.038101
2024-10-16,67662.953404,15295535426.628500
2024-10-17,67337.907548,12482011519.392500
2024-10-18,68390.537563,14048753920.906200
2024-10-19,68357.898296,4147336382.589890
2024-10-20,69012.353209,5866736730.543770
2024-10-21,67440.462506,14197969402.595900
2024-10-22,67425.755321,12099812506.136900
2024-10-23,66647.286664,13100216506.612101
2024-10-24,68130.994837,12205886251.134800
2024-10-25,66261.537686,16843104339.727699
2024-10-26,67023.339961,6858456460.736070
2024-10-27,68000.147501,5911148022.342800
2024-10-28,69862.520547,15472061840.038900
2024-10-29,72678.786620,22275779339.773701
2024-10-30,72450.284382,15918357812.888201
2024-10-31,70367.081958,15127704004.252800
2024-11-01,69483.583030,18917480842.261299
2024-11-02,69241.679487,5747208351.147700
2024-11-03,68742.754623,12952356276.307899
2024-11-04,67779.096980,16389012360.093800
2024-11-05,69538.024173,18345971868.068600
2024-11-06,75696.036619,46384632346.957298
2024-11-07,75972.295555,23508672010.906601
2024-11-08,76507.447401,19702015068.698399
2024-11-09,76799.252747,8874192716.717649
2024-11-10,80409.286567,28791482392.258999
2024-11-11,88859.998449,45652137056.937599
2024-11-12,88048.748888,52989855143.847900
2024-11-13,90369.381969,49798236339.480301
2024-11-14,87204.256983,34267317507.239399
2024-11-15,91139.084443,28251191102.365700
2024-11-16,90567.695757,14410084266.824699
2024-11-17,89732.970429,16186834684.326599
2024-11-18,90587.696553,27910500132.908798
2024-11-19,92254.138580,27983610356.625599
2024-11-20,94160.040686,27977756043.452801
2024-11-21,98545.568880,39481692095.781097
2024-11-22,98938.349545,30287702968.201801
2024-11-23,97707.048459,15766620336.174601
2024-11-24,97980.208282,18458024699.299198
2024-11-25,93343.029075,31851444336.047699
2024-11-26,91875.569959,34061494261.408100
2024-11-27,95989.080227,25559278156.777599
2024-11-28,95737.940282,17253855955.747398
2024-11-29,97398.941740,19392495276.508499
2024-11-30,96463.624898,10153166323.615700
2024-12-01,97469.604453,12592808853.277201
2024-12-02,95726.441726,28207938616.503899
2024-12-03,96010.877423,27285056250.482899
2024-12-04,98920.252826,29549756970.841702
2024-12-05,96949.664412,57569587082.995697
2024-12-06,99953.105658,30947498352.092899
2024-12-07,99977.700228,12051249556.549601
2024-12-08,100798.983564,11465356877.632299
2024-12-09,97390.198860,34326543443.454498
2024-12-10,96835.501739,34344526365.902901
2024-12-11,101310.201900,25548730947.398499
2024-12-12,100090.890480,24627187732.562302
2024-12-13,101289.823977,17756696976.063202
2024-12-14,101366.871668,12179165002.708599
2024-12-15,104551.367141,14400829191.766600
2024-12-16,105855.672230,28511550537.320499
2024-12-17,106115.910583,23242198501.778599
2024-12-18,100469.770657,35801083068.604599
2024-12-19,97697.045780,38236829834.190598
2024-12-20,97617.442205,39774280586.785797
2024-12-21,97093.019083,17159894803.281500
2024-12-22,95149.105825,14777258603.405100
2024-12-23,94800.756206,25340431197.145901
2024-12-24,98637.733054,19288006529.852798
2024-12-25,99235.367887,13110186103.549700
2024-12-26,95628.303090,17826773424.425499
2024-12-27,94219.982146,19993928269.296902
2024-12-28,95123.581110,8031402349.399980
2024-12-29,93457.578320,10052804789.011499
2024-12-30,92523.163085,23145415271.348598
2024-12-31,93389.732602,17659137065.030602
2025-01-01,94455.796572,9108077295.372620
2025-01-02,96851.393683,18327962137.239899
2025-01-03,98120.684676,14169111840.952700
2025-01-04,98230.047857,7738627237.395670
2025-01-05,98414.812096,6607751088.018010
2025-01-06,102179.560367,20921379564.559700
2025-01-07,96974.995786,24401110219.556599
2025-01-08,95039.280921,27049516846.067402
2025-01-09,92346.169159,24583812496.112301
2025-01-10,94759.119636,25201525926.439098
2025-01-11,94606.508010,6307854703.476770
2025-01-12,94353.775259,7227570346.840480
2025-01-13,94375.729910,31090385823.440201
2025-01-14,96569.475727,21715790601.072201
2025-01-15,100172.405985,22147145661.381699
2025-01-16,99977.729823,21766540852.146301
2025-01-17,104296.588034,28603209217.198002
2025-01-18,104398.156261,18953018346.690102
2025-01-19,100954.572282,31744188138.802502
2025-01-20,102588.998699,51317637305.818398
2025-01-21,105987.888705,39454873873.396301
2025-01-22,103791.128861,23501168494.710300
2025-01-23,104184.616744,45986943745.517601
2025-01-24,104716.124882,21980482973.989899
2025-01-25,104866.085349,8261162245.897880
2025-01-26,102833.369273,7837200300.677020
2025-01-27,101907.446297,41554408507.094498
2025-01-28,101138.144066,20556270930.660400
2025-01-29,103918.795459,20959178538.364498
2025-01-30,104987.446411,17157353580.289400
2025-01-31,102263.043671,19021916495.446602
2025-02-01,100610.290440,9599070029.627501
2025-02-02,97424.780900,26552751481.144600
2025-02-03,101582.408702,54468001583.065697
2025-02-04,97848.149759,32561432718.546299
2025-02-05,96559.332756,20749823100.131699
2025-02-06,96541.300681,20222448953.590199
2025-02-07,96384.110984,24112643104.487801
2025-02-08,96603.318157,7973500337.866660
2025-02-09,96309.753241,10881132081.619301
2025-02-10,97375.225354,15895163710.099899
2025-02-11,95806.258039,15479704544.746599
2025-02-12,97756.497655,21080677731.745098
2025-02-13,96534.740633,14625048170.781500
2025-02-14,97414.358982,13749062681.163601
2025-02-15,97583.243177,6074739535.976980
2025-02-16,96182.266171,5617045927.085770
2025-02-17,95790.510999,10940054513.072500
2025-02-18,95444.031887,15962887708.837000
2025-02-19,96647.913298,11459185710.383101
2025-02-20,98392.219725,13394819326.615801
2025-02-21,96048.993725,21897261477.443401
2025-02-22,96605.709106,6659081341.886530
2025-02-23,96091.632977,5792453658.248920
2025-02-24,91869.654343,18412550371.251598
2025-02-25,88769.735627,35633078844.673203
2025-02-26,83987.895642,26395954156.807701
2025-02-27,84625.419136,21139644418.679600
2025-02-28,84243.777911,34897436162.712601
2025-03-01,85844.368563,11079855878.678600
2025-03-02,94328.009444,25190120350.605999
2025-03-03,86315.930551,31801652359.129299
2025-03-04,87323.690651,30270922420.701099
2025-03-05,90619.409098,20727649575.333401
2025-03-06,90222.069328,21109022221.129200
2025-03-07,86553.592194,30290408968.546398
2025-03-08,86171.278936,6915942325.280190
2025-03-09,80647.796411,13093275561.448900
2025-03-10,79005.960129,24932674289.777599
2025-03-11,82747.160192,23051083590.967201
2025-03-12,83630.158110,17000972105.324100
2025-03-13,81110.289049,13187054160.897301
2025-03-14,84105.833552,12765384469.053200
2025-03-15,84352.877302,4488395505.307480
2025-03-16,82492.102829,8087347558.763080
2025-03-17,84013.947518,9553690439.958429
2025-03-18,82680.806551,10149186678.551100
2025-03-19,86774.235072,14045050877.934200
2025-03-20,84124.971288,11906139748.093700
2025-03-21,84069.408180,7663030867.283790
2025-03-22,83821.220305,2969859937.638860
2025-03-23,85760.881451,4350988460.676670
2025-03-24,87322.571857,13411565050.779499
2025-03-25,87422.842608,11739095180.792999
2025-03-26,86836.676096,10823032366.160101
2025-03-27,87211.324017,9744468104.091921
2025-03-28,84309.078355,13793049390.285400
2025-03-29,82497.179247,6647836522.400700
2025-03-30,82216.466677,5858367346.476290
2025-03-31,82461.449628,12188503864.520300
2025-04-01,85226.713794,11781428700.807501
2025-04-02,82555.631296,19569585298.489601
2025-04-03,82931.697399,13206589793.632000
2025-04-04,83774.179738,17278215503.757999
2025-04-05,83302.171576,4904831268.067070
2025-04-06,77949.088493,13218322058.587601
2025-04-07,79421.804411,32545987367.782902
2025-04-08,76351.429530,17529114785.912498
2025-04-09,82720.603489,29155612909.841599
2025-04-10,79558.955825,15533416191.309799
2025-04-11,83359.899516,14689184563.844200
2025-04-12,85269.249512,8186173133.022190
2025-04-13,83568.954436,10337266569.157499
2025-04-14,84589.032414,12483447838.991600
2025-04-15,83671.343971,10489487965.786200
2025-04-16,84151.535756,11003120297.867599
2025-04-17,84940.583854,7814077006.368360
2025-04-18,84434.772746,3434179940.579850
2025-04-19,85124.721496,4125640213.900800
2025-04-20,85101.746155,4658692491.385210
2025-04-21,87360.719893,14895807506.917900
2025-04-22,93495.610689,20146337609.058300
2025-04-23,93695.740477,16741008055.482100
2025-04-24,93849.881779,11864055666.145500
2025-04-25,94771.412801,15299009439.685699
2025-04-26,94694.511101,5647420720.060130
2025-04-27,93812.876535,5808156803.071160
2025-04-28,95066.021187,12432788997.349400
2025-04-29,94102.840302,10171538790.995300
2025-04-30,94236.732514,11036868902.172001
2025-05-01,96411.742264,12508353583.598000
2025-05-02,96842.102106,9851162774.310881
2025-05-03,95943.611353,4879554720.263730
2025-05-04,94377.789920,6280005768.484770
2025-05-05,94853.729859,9712247218.287010
2025-05-06,96677.924503,10165321575.918600
2025-05-07,97137.375709,48541726514.224197
2025-05-08,103069.539296,22020676551.497002
2025-05-09,102940.802949,15983553925.573700
2025-05-10,104582.821806,8131622618.724760
2025-05-11,103976.137799,10013213279.796900
2025-05-12,102920.074689,17830073841.450500
2025-05-13,104145.711825,13413529666.473600
2025-05-14,103572.719642,11007810407.652800
2025-05-15,103716.283947,12380406261.965000
2025-05-16,103566.269191,10215197692.017900
2025-05-17,103190.041365,6751418099.246410
2025-05-18,106015.689849,11053921962.195700
2025-05-19,105615.828960,16802482187.378700
2025-05-20,106893.330248,14010120613.312700
2025-05-21,109704.855620,24209931850.255699
2025-05-22,111477.014788,18475130248.918598
2025-05-23,107291.888970,18477759507.167000
2025-05-24,107917.328289,8730901815.561590
2025-05-25,108914.876558,9842172580.496559
2025-05-26,109371.985172,10470527973.798901
2025-05-27,109066.345637,15024051847.398300
2025-05-28,107895.402399,11426204036.791599
2025-05-29,105732.957892,15813298293.176500
2025-05-30,103981.302958,15661318118.065001
2025-05-31,104708.964150,7461102178.510450
2025-06-01,105750.159724,6343557225.455860
2025-06-02,105899.696927,11007248964.344500
2025-06-03,105483.985551,10582016364.957300
2025-06-04,104782.844900,9645070684.221609
2025-06-05,101669.190497,16448511872.674400
2025-06-06,104421.051549,12408557529.562300
2025-06-07,105685.250402,5986936894.361690
2025-06-08,105727.739632,5473342828.504230
2025-06-09,110198.158714,13556775340.079500
2025-06-10,110074.119082,13145230463.942801
2025-06-11,108645.785558,11626299489.164301
2025-06-12,105998.985831,14113064476.204399
2025-06-13,106024.822087,19183345139.589001
2025-06-14,105467.108742,6345667594.068550
2025-06-15,105512.797438,6247051630.857350
2025-06-16,107243.933346,12597510652.621700
2025-06-17,104628.396527,15067264348.074699
2025-06-18,104813.367029,11867998161.969700
2025-06-19,104709.720767,6724785029.330140
2025-06-20,103274.958840,12460806238.089001
2025-06-21,101548.196382,7931227805.044560
2025-06-22,100899.234152,19257678202.860100
2025-06-23,105496.947495,19741727985.347301
2025-06-24,105964.065137,12464279133.958099
2025-06-25,107305.065200,12257398202.277300
2025-06-26,107012.822824,9443460585.411301
2025-06-27,107090.959051,9614561384.062010
2025-06-28,107357.617171,2888544608.478370
2025-06-29,108360.901696,4831141636.390680
2025-06-30,107153.101136,8629191668.700010
2025-07-01,105566.356598,9762669802.185080
2025-07-02,108927.134518,13097857125.512199
2025-07-03,109632.159127,11313537979.863300
2025-07-04,108081.395759,8213665633.868670
2025-07-05,108244.788814,2970350655.805650
2025-07-06,109180.005546,4874354794.491790
2025-07-07,108249.401004,9140336151.154881
2025-07-08,108956.631703,8186436336.057170
2025-07-09,111416.806720,13148632993.215900
2025-07-10,115873.903784,18917035798.176102
2025-07-11,117618.605087,20639943017.487801
2025-07-12,117382.372541,7311796759.560350
2025-07-13,118899.737108,8457114068.994250
2025-07-14,119871.096198,21732121551.795601
2025-07-15,117710.891008,26059070059.707401
2025-07-16,118730.187792,16264314608.056400
2025-07-17,119501.663771,16580270713.107300
2025-07-18,117958.511213,18551423140.577099
2025-07-19,117908.524732,5920350566.573080
2025-07-20,117305.680954,9654593939.043190
2025-07-21,117432.435635,14743946128.569700
2025-07-22,120068.005789,17779266385.738602
2025-07-23,118650.587166,13812421662.350800
2025-07-24,118377.081937,14165320177.499500
2025-07-25,117520.173350,26172458177.617100
2025-07-26,117983.204599,5974910079.147870
2025-07-27,119438.164236,7479219337.595070
2025-07-28,118022.637320,12091447012.377701
2025-07-29,117871.370895,12269216871.895800
2025-07-30,117732.643661,12826194664.661900
2025-07-31,115848.339985,13678749060.603300
2025-08-01,113282.144336,22380918296.622799
2025-08-02,112545.673659,9005629652.906019
2025-08-03,114263.693948,6136554181.333910
2025-08-04,115199.933659,9335003412.417299
2025-08-05,114111.361018,11081013174.655899
2025-08-06,115034.678749,9202525953.823090
2025-08-07,117444.913924,11371673339.033600
2025-08-08,116740.687721,10220840583.605400
2025-08-09,116511.655739,7567658205.316830
2025-08-10,119189.198160,10734330281.844000
2025-08-11,118742.043049,19799682749.605000
2025-08-12,120154.324935,14392280168.337900
2025-08-13,123442.679822,18966729854.000401
2025-08-14,118510.271281,25953822040.233898
2025-08-15,117311.209948,14256993272.288000
2025-08-16,117462.426846,5886947036.544970
2025-08-17,117601.952232,5638822051.368320
2025-08-18,116312.914398,16233312750.007200
2025-08-19,112886.101475,16501190958.403900
2025-08-20,114277.320860,14475176116.264799
2025-08-21,112347.102298,11956571281.988600
2025-08-22,116800.977035,18957055699.340599
2025-08-23,115280.444724,8291055728.143920
2025-08-24,113516.122474,14043692075.483999
2025-08-25,110089.533314,21453019255.935902
2025-08-26,111895.295495,16664986838.240801
2025-08-27,111252.307236,13497448429.489901
2025-08-28,112481.152904,11943143070.996500
2025-08-29,108473.330442,18145672643.392200
2025-08-30,108746.150825,8110253841.676160
2025-08-31,108316.446895,7415754575.457780
2025-09-01,108992.324615,14346518910.443399
2025-09-02,111140.947160,16837306198.343100
2025-09-03,111780.743587,11520236355.720800
2025-09-04,110900.633413,12259494620.532900
2025-09-05,110711.229485,17849467845.743698
2025-09-06,110243.650742,4885952743.033670
2025-09-07,111307.784421,5503361207.787960
2025-09-08,112112.311575,11881644863.416700
2025-09-09,111486.396780,13874493651.944201
2025-09-10,113930.748423,15842219824.020399
2025-09-11,115445.812933,13142678559.450899
2025-09-12,116149.174032,14548222180.891899
2025-09-13,115965.627551,7327141520.620360
2025-09-14,115395.933423,6751659781.011560
2025-09-15,115420.931814,13547222726.433300
2025-09-16,116798.867051,11803048946.749599
2025-09-17,116575.777629,16797382927.548201
2025-09-18,117014.426762,13337562658.447599
2025-09-19,115612.372542,10566943391.413099
2025-09-20,115753.165961,4442948564.842000
2025-09-21,115320.858829,4649633986.708880
2025-09-22,112727.707738,20251353066.220798
2025-09-23,112052.393282,13064802558.827700
2025-09-24,113324.623592,13125431362.882900
2025-09-25,109166.347975,22812451800.300999
2025-09-26,109669.102167,17186588078.011799
2025-09-27,109644.730693,5764670549.824660
2025-09-28,112170.007786,8417980303.996890
2025-09-29,114341.141435,15885916390.722900
2025-09-30,113971.742797,17008581021.386101
2025-10-01,118393.270386,19575644389.517700
2025-10-02,120558.594007,19649552279.147598
2025-10-03,122348.127640,23481212574.140301
2025-10-04,122379.744318,9406609215.427710
2025-10-05,123523.768314,19472740991.502201
2025-10-06,124824.453667,20349578981.262600
2025-10-07,121587.699237,22491351847.636299
2025-10-08,123390.353095,18680145344.378300
2025-10-09,121603.332786,20984333645.492500
2025-10-10,113754.852328,47908057116.698502
2025-10-11,110940.113648,28542814310.388000
2025-10-12,115152.917045,26508865408.380501
2025-10-13,115332.252930,21083944129.215801
2025-10-14,113327.079410,27503974115.986099
2025-10-15,110862.872485,21055442349.495998
2025-10-16,108135.049606,27655223427.278301
2025-10-17,106625.668651,29417620449.225101
2025-10-18,107143.913935,9105737752.268620
2025-10-19,108706.663764,12808176441.532600
2025-10-20,110640.249515,18226847720.137199
2025-10-21,108700.382072,28952668393.561901
2025-10-22,107667.630188,23143527221.064602
2025-10-23,110060.936797,16633806927.746700
2025-10-24,111024.943147,14621175357.442400
2025-10-25,111614.535858,5865239460.883900
2025-10-26,114557.100461,11180619667.240200
2025-10-27,114087.773805,16240988722.131701
2025-10-28,112980.685846,29642862016.445702
2025-10-29,110206.347983,19932119573.411201
2025-10-30,108019.723842,20863177149.622700
2025-10-31,109554.239628,16831576618.734900
2025-11-01,110005.295855,5659876251.109960
2025-11-02,110389.168627,8366699632.659800
2025-11-03,106495.802790,21396740357.528099
2025-11-04,101349.737232,32158894943.175499
2025-11-05,103915.884791,21499372722.423901
2025-11-06,101241.573678,18618495846.638401
2025-11-07,103428.471747,20941307903.614399
2025-11-08,102335.021439,8841475521.141239
2025-11-09,104685.545441,11037810584.395000
2025-11-10,106082.478157,15848166863.421400
2025-11-11,102974.405612,17179170709.978001
2025-11-12,101682.126653,15894584331.059799
2025-11-13,100035.310145,25226563256.080200
2025-11-14,94502.547603,30180964067.968102
2025-11-15,95541.315839,10481337826.146200
2025-11-16,94182.313100,14612642085.386400
2025-11-17,91911.471347,23256453972.304298
2025-11-18,92836.441911,24872777467.142200
2025-11-19,91320.481133,21238488251.404099
2025-11-20,86911.298059,24504784415.549702
2025-11-21,84948.046321,36802830241.993599
2025-11-22,84775.001545,10601923533.963800
2025-11-23,86872.454663,12948187027.700399
2025-11-24,88377.602442,18282063677.462700
2025-11-25,87434.550611,14551807977.386700
2025-11-26,90449.277068,14920757378.342501
2025-11-27,91336.200045,12150068250.017799
2025-11-28,90990.126610,14066236141.589399
2025-11-29,90842.073824,5755699796.957570
2025-11-30,90607.702151,6574524333.175320
2025-12-01,86504.636816,22724122357.920300
2025-12-02,91528.024581,18531414678.929100
2025-12-03,93609.093866,18693830635.027199
2025-12-04,92205.592954,14272111164.653400
2025-12-05,89279.834463,14846702903.829399
2025-12-06,89169.557061,6140983937.043290
2025-12-07,90067.847399,9071904290.111460
2025-12-08,90673.144444,13207334544.571400
2025-12-09,92808.851848,15802628094.801500
2025-12-10,92102.930092,15442453873.483700
2025-12-11,92623.719871,16063500689.377399
2025-12-12,90331.608309,12884081085.879000
2025-12-13,90245.267264,4168500520.410320
2025-12-14,88096.382614,7610477549.804780
2025-12-15,86352.580257,15291338042.033199
2025-12-16,87752.429034,13807826563.147200
2025-12-17,86059.552224,15690749393.587400
2025-12-18,85434.192867,18290414008.215401
2025-12-19,88168.073833,15431092856.752899
2025-12-20,88292.453637,3887794491.539490
2025-12-21,88533.430983,5539567171.581850
2025-12-22,88474.462233,13194233499.940300
2025-12-23,87365.993787,11250364614.595400
2025-12-24,87625.670790,8124244794.014070
2025-12-25,87231.304769,5710890301.500690
2025-12-26,87334.807781,12537667436.332500
2025-12-27,87695.415908,3260602911.672700
2025-12-28,87747.649155,4029679917.881180
2025-12-29,87133.510399,15862580667.114700
2025-12-30,88428.492274,11955893118.498301
2025-12-31,87516.978038,11132102416.438000
2026-01-01,88684.217847,5094051144.854800
2026-01-02,89940.180167,15137901318.763901
2026-01-03,90598.130183,5508980380.473920
2026-01-04,91359.763682,7454119280.350940
2026-01-05,93948.582179,16907301306.085600
2026-01-06,93574.287112,17088302719.685900
2026-01-07,91208.956261,14817512349.920500
2026-01-08,91096.916155,13689781865.551001
2026-01-09,90539.603229,12667583502.914301
2026-01-10,90406.142411,2998465868.936440
2026-01-11,90717.206315,4399752743.646280
2026-01-12,91141.149849,13447991100.948200
2026-01-13,95304.498294,18052772425.037102
2026-01-14,97043.992726,19573284071.115601
2026-01-15,95546.139738,15513091732.360901
2026-01-16,95489.129960,9950363881.986240
2026-01-17,95106.980463,3771967991.515700
2026-01-18,94261.329431,5172210667.304830
2026-01-19,92526.241964,10767857457.888700
2026-01-20,88236.563192,16870115090.365601
2026-01-21,89599.361875,18618685583.673100
2026-01-22,89395.700736,11238508529.497601
2026-01-23,89439.771891,12195380643.880199
2026-01-24,89185.038699,3382816668.328440
2026-01-25,86445.670593,10479342199.397200
2026-01-26,88337.454551,13972514016.965200
2026-01-27,89260.380540,12185717259.733900
2026-01-28,89177.789251,12764139942.473499
2026-01-29,84520.397311,20310891947.313599
2026-01-30,84017.034029,21908127887.690102
2026-01-31,78702.385503,22589874141.195000
2026-02-01,76911.052377,17677831721.974098
2026-02-02,78716.601809,24437332330.799900
2026-02-03,75684.766028,22188271531.537300
2026-02-04,73095.191465,22248662366.692200
2026-02-05,63494.688446,44630368803.222702
2026-02-06,70647.698219,37324027378.003502
2026-02-07,69166.259442,18403458968.953400
2026-02-08,70522.589239,10348141701.147301
2026-02-09,70244.101777,15365029287.983299
2026-02-10,68688.793113,12491716714.487200
2026-02-11,66989.716592,16288568242.851101
2026-02-12,66221.544312,13500803360.647600
2026-02-13,68860.841163,12166056907.292700
2026-02-14,69798.079125,7931475979.299240
2026-02-15,68629.959976,9805724947.982479
2026-02-16,68747.438029,8996323258.066111
2026-02-17,67471.050847,10237409745.715900
2026-02-18,66380.706961,9773524623.907909
2026-02-19,66932.352212,9077495321.161270
2026-02-20,67977.309261,13693046180.524300
2026-02-21,68020.667761,5002388456.527060
2026-02-22,67550.024077,4752977660.974730
2026-02-23,64689.912331,15313809541.571100
2026-02-24,64123.751078,13795669712.797100
2026-02-25,68038.522179,18821465002.845798
2026-02-26,67519.264529,14016731382.870001
2026-02-27,65864.135817,12404681958.202600
2026-02-28,66965.635309,12912585947.949400
2026-03-01,65733.521260,12098871406.362400
2026-03-02,68922.624297,16575437044.994900
2026-03-03,68431.174031,22036193359.599602
2026-03-04,72667.463058,21395736162.140800
2026-03-05,70987.427177,14464643420.275499
2026-03-06,68226.705393,12703080811.215200
2026-03-07,67315.552914,5390091419.785990
2026-03-08,66202.697873,8743505849.240120
2026-03-09,68528.538470,13732881594.763300
2026-03-10,69891.823858,14926029166.869400
2026-03-11,70298.575353,11806121641.626101
2026-03-12,70538.107462,10757231426.174101
2026-03-13,70930.013279,15503153905.675100
2026-03-14,71136.217920,4912921003.831070
2026-03-15,72712.146196,6685093781.730730
2026-03-16,74723.957553,14074228146.945299
2026-03-17,74086.013610,12975796814.974199
2026-03-18,71253.957928,11441129206.930201
2026-03-19,69948.904827,11156808586.900499
2026-03-20,70510.419680,9585769501.115000
2026-03-21,69707.285009,4614139324.074600
2026-03-22,68018.153482,7246839804.571120
2026-03-23,70726.211046,13251917379.275400
2026-03-24,70610.018712,10140065174.356001
2026-03-25,71281.297392,8731445657.542900
2026-03-26,68722.971837,9943606544.865669
2026-03-27,66214.171513,11658318655.130199
2026-03-28,66351.072525,4914337630.762850
2026-03-29,65966.752394,5345293011.416170
2026-03-30,66651.232004,9824296421.024879
2026-03-31,68214.868039,11230550844.216999
2026-04-01,68116.816793,8541859341.440690
2026-04-02,66908.317992,8940972793.294020
2026-04-03,66891.742228,4537508158.451230
2026-04-04,67295.130914,2713849095.873750
2026-04-05,68921.806091,4431514958.174960
2026-04-06,68742.913309,9177587835.932390
2026-04-07,72057.124361,11564273126.921000
2026-04-08,71085.058370,10472729559.096500
2026-04-09,71788.679783,9629160052.186991
2026-04-10,72945.070724,9055226545.253321
2026-04-11,73119.109117,4481982639.826380
2026-04-12,70685.369702,7014699118.688660
2026-04-13,74632.745586,13131024727.670900
2026-04-14,74173.508360,13550695493.509001
2026-04-15,74761.964655,11070705577.512400
2026-04-16,75095.744216,10039394423.358200
2026-04-17,77114.481438,13233227191.813900
2026-04-18,75792.063751,5332187760.498900
2026-04-19,73905.204102,6917646203.177570
2026-04-20,75814.145324,9730180393.459629
2026-04-21,76107.443298,9141669158.826481
2026-04-22,78317.742272,11229538356.709700
2026-04-23,78233.683749,9992572834.634670
2026-04-24,77444.269277,8039278939.109690
2026-04-25,77624.711482,2950906890.331290
2026-04-26,78538.773357,4740570129.628560
2026-04-27,77256.297160,9168642335.699209
2026-04-28,76295.531117,7095223999.427120
2026-04-29,75795.009853,9332698126.825050
2026-04-30,76299.616129,6754679935.886630
2026-05-01,78132.643785,8899608158.980360
2026-05-02,78712.538732,3142512094.680450
2026-05-03,78649.173289,3884299376.224020
2026-05-04,79826.107817,12668308186.684700
2026-05-05,80936.754825,8763765050.734730
2026-05-06,81364.620129,9240366121.475590
2026-05-07,79988.998734,8278398107.849330
2026-05-08,80179.692296,7131369152.181170
2026-05-09,80663.629652,3315687892.144630
2026-05-10,82256.781138,5558559205.018540
2026-05-11,81714.742050,7779465162.570410
2026-05-12,80525.563025,7465573232.754090
2026-05-13,79291.911002,7738595266.747380
2026-05-14,81175.827112,10604111465.964899
2026-05-15,79063.414576,8879776564.067200
2026-05-16,78164.495271,4900843128.821730
2026-05-17,77497.697113,4499336102.448010
2026-05-18,76975.911200,10848478512.241100
2026-05-19,76807.460956,6772474385.835010
2026-05-20,77408.172209,6805669527.717080
2026-05-21,77595.386172,6812039048.548540
2026-05-22,75567.543043,7352144087.414910
2026-05-23,76619.866609,7541379949.984250
