date,fold,model,actual,prev,pred
2020-01-01,2020,Naive,7170.631869,7167.395055,7167.395055
2020-01-02,2020,Naive,6946.825269,7170.631869,7170.631869
2020-01-03,2020,Naive,7315.30936,6946.825269,6946.825269
2020-01-04,2020,Naive,7343.164194,7315.30936,7315.30936
2020-01-05,2020,Naive,7345.530692,7343.164194,7343.164194
2020-01-06,2020,Naive,7765.797735,7345.530692,7345.530692
2020-01-07,2020,Naive,8136.086842,7765.797735,7765.797735
2020-01-08,2020,Naive,8059.699529,8136.086842,8136.086842
2020-01-09,2020,Naive,7817.136093,8059.699529,8059.699529
2020-01-10,2020,Naive,8129.81792,7817.136093,7817.136093
2020-01-11,2020,Naive,8032.005495,8129.81792,8129.81792
2020-01-12,2020,Naive,8164.549993,8032.005495,8032.005495
2020-01-13,2020,Naive,8121.925668,8164.549993,8164.549993
2020-01-14,2020,Naive,8830.167873,8121.925668,8121.925668
2020-01-15,2020,Naive,8811.448203,8830.167873,8830.167873
2020-01-16,2020,Naive,8718.686998,8811.448203,8811.448203
2020-01-17,2020,Naive,8912.541904,8718.686998,8718.686998
2020-01-18,2020,Naive,8928.180757,8912.541904,8912.541904
2020-01-19,2020,Naive,8687.354837,8928.180757,8928.180757
2020-01-20,2020,Naive,8636.258786,8687.354837,8687.354837
2020-01-21,2020,Naive,8730.86756,8636.258786,8636.258786
2020-01-22,2020,Naive,8647.900474,8730.86756,8730.86756
2020-01-23,2020,Naive,8366.384614,8647.900474,8647.900474
2020-01-24,2020,Naive,8423.390958,8366.384614,8366.384614
2020-01-25,2020,Naive,8344.774569,8423.390958,8423.390958
2020-01-26,2020,Naive,8573.87481,8344.774569,8344.774569
2020-01-27,2020,Naive,8901.959285,8573.87481,8573.87481
2020-01-28,2020,Naive,9297.388318,8901.959285,8901.959285
2020-01-29,2020,Naive,9311.947544,9297.388318,9297.388318
2020-01-30,2020,Naive,9508.920965,9311.947544,9311.947544
2020-01-31,2020,Naive,9357.284782,9508.920965,9508.920965
2020-02-01,2020,Naive,9381.886029,9357.284782,9357.284782
2020-02-02,2020,Naive,9339.387063,9381.886029,9381.886029
2020-02-03,2020,Naive,9279.812521,9339.387063,9339.387063
2020-02-04,2020,Naive,9161.627198,9279.812521,9279.812521
2020-02-05,2020,Naive,9628.136776,9161.627198,9161.627198
2020-02-06,2020,Naive,9739.280436,9628.136776,9628.136776
2020-02-07,2020,Naive,9800.2794,9739.280436,9739.280436
2020-02-08,2020,Naive,9911.293408,9800.2794,9800.2794
2020-02-09,2020,Naive,10151.083203,9911.293408,9911.293408
2020-02-10,2020,Naive,9872.361873,10151.083203,10151.083203
2020-02-11,2020,Naive,10272.222556,9872.361873,9872.361873
2020-02-12,2020,Naive,10360.135223,10272.222556,10272.222556
2020-02-13,2020,Naive,10235.497323,10360.135223,10360.135223
2020-02-14,2020,Naive,10361.61569,10235.497323,10235.497323
2020-02-15,2020,Naive,9911.724327,10361.61569,10361.61569
2020-02-16,2020,Naive,9952.046612,9911.724327,9911.724327
2020-02-17,2020,Naive,9683.079628,9952.046612,9952.046612
2020-02-18,2020,Naive,10195.30379,9683.079628,9683.079628
2020-02-19,2020,Naive,9636.002299,10195.30379,10195.30379
2020-02-20,2020,Naive,9614.030122,9636.002299,9636.002299
2020-02-21,2020,Naive,9701.797503,9614.030122,9614.030122
2020-02-22,2020,Naive,9675.249058,9701.797503,9701.797503
2020-02-23,2020,Naive,9972.842423,9675.249058,9675.249058
2020-02-24,2020,Naive,9648.007883,9972.842423,9972.842423
2020-02-25,2020,Naive,9344.28714,9648.007883,9648.007883
2020-02-26,2020,Naive,8798.888949,9344.28714,9344.28714
2020-02-27,2020,Naive,8779.029482,8798.888949,8798.888949
2020-02-28,2020,Naive,8750.593446,8779.029482,8779.029482
2020-02-29,2020,Naive,8582.0903,8750.593446,8750.593446
2020-03-01,2020,Naive,8541.773894,8582.0903,8582.0903
2020-03-02,2020,Naive,8906.214756,8541.773894,8541.773894
2020-03-03,2020,Naive,8768.810614,8906.214756,8906.214756
2020-03-04,2020,Naive,8756.369572,8768.810614,8768.810614
2020-03-05,2020,Naive,9062.615803,8756.369572,8756.369572
2020-03-06,2020,Naive,9147.085059,9062.615803,9062.615803
2020-03-07,2020,Naive,8898.306957,9147.085059,9147.085059
2020-03-08,2020,Naive,8109.614541,8898.306957,8898.306957
2020-03-09,2020,Naive,7896.38532,8109.614541,8109.614541
2020-03-10,2020,Naive,7909.927875,7896.38532,7896.38532
2020-03-11,2020,Naive,7939.341335,7909.927875,7909.927875
2020-03-12,2020,Naive,4959.313414,7939.341335,7939.341335
2020-03-13,2020,Naive,5627.692388,4959.313414,4959.313414
2020-03-14,2020,Naive,5145.172506,5627.692388,5627.692388
2020-03-15,2020,Naive,5358.610663,5145.172506,5145.172506
2020-03-16,2020,Naive,5012.927388,5358.610663,5358.610663
2020-03-17,2020,Naive,5416.754711,5012.927388,5012.927388
2020-03-18,2020,Naive,5392.487836,5416.754711,5416.754711
2020-03-19,2020,Naive,6203.551632,5392.487836,5392.487836
2020-03-20,2020,Naive,6174.149476,6203.551632,6203.551632
2020-03-21,2020,Naive,6175.831022,6174.149476,6174.149476
2020-03-22,2020,Naive,5830.56098,6175.831022,6175.831022
2020-03-23,2020,Naive,6486.408657,5830.56098,5830.56098
2020-03-24,2020,Naive,6775.057619,6486.408657,6486.408657
2020-03-25,2020,Naive,6689.969013,6775.057619,6775.057619
2020-03-26,2020,Naive,6754.460336,6689.969013,6689.969013
2020-03-27,2020,Naive,6490.795415,6754.460336,6754.460336
2020-03-28,2020,Naive,6231.81989,6490.795415,6490.795415
2020-03-29,2020,Naive,5904.857587,6231.81989,6231.81989
2020-03-30,2020,Naive,6436.9057,5904.857587,5904.857587
2020-03-31,2020,Naive,6432.383242,6436.9057,6436.9057
2020-04-01,2020,Naive,6643.110009,6432.383242,6432.383242
2020-04-02,2020,Naive,6792.742222,6643.110009,6643.110009
2020-04-03,2020,Naive,6751.902552,6792.742222,6792.742222
2020-04-04,2020,Naive,6859.989169,6751.902552,6751.902552
2020-04-05,2020,Naive,6790.812473,6859.989169,6859.989169
2020-04-06,2020,Naive,7298.173745,6790.812473,6790.812473
2020-04-07,2020,Naive,7187.593337,7298.173745,7298.173745
2020-04-08,2020,Naive,7372.194764,7187.593337,7187.593337
2020-04-09,2020,Naive,7299.579188,7372.194764,7372.194764
2020-04-10,2020,Naive,6859.822675,7299.579188,7299.579188
2020-04-11,2020,Naive,6883.182229,6859.822675,6859.822675
2020-04-12,2020,Naive,6978.666287,6883.182229,6883.182229
2020-04-13,2020,Naive,6863.575533,6978.666287,6978.666287
2020-04-14,2020,Naive,6875.538503,6863.575533,6863.575533
2020-04-15,2020,Naive,6625.475775,6875.538503,6875.538503
2020-04-16,2020,Naive,7127.792282,6625.475775,6625.475775
2020-04-17,2020,Naive,7081.395198,7127.792282,7127.792282
2020-04-18,2020,Naive,7262.792344,7081.395198,7081.395198
2020-04-19,2020,Naive,7150.244215,7262.792344,7262.792344
2020-04-20,2020,Naive,6853.273415,7150.244215,7150.244215
2020-04-21,2020,Naive,6870.423699,6853.273415,6853.273415
2020-04-22,2020,Naive,7123.65692,6870.423699,6870.423699
2020-04-23,2020,Naive,7488.605165,7123.65692,7123.65692
2020-04-24,2020,Naive,7506.443316,7488.605165,7488.605165
2020-04-25,2020,Naive,7537.738209,7506.443316,7506.443316
2020-04-26,2020,Naive,7684.068522,7537.738209,7537.738209
2020-04-27,2020,Naive,7777.491519,7684.068522,7684.068522
2020-04-28,2020,Naive,7769.899698,7777.491519,7777.491519
2020-04-29,2020,Naive,8761.83717,7769.899698,7769.899698
2020-04-30,2020,Naive,8652.410991,8761.83717,8761.83717
2020-05-01,2020,Naive,8855.535258,8652.410991,8652.410991
2020-05-02,2020,Naive,8977.281705,8855.535258,8855.535258
2020-05-03,2020,Naive,8896.795638,8977.281705,8977.281705
2020-05-04,2020,Naive,8881.954305,8896.795638,8896.795638
2020-05-05,2020,Naive,8985.879599,8881.954305,8881.954305
2020-05-06,2020,Naive,9266.813073,8985.879599,8985.879599
2020-05-07,2020,Naive,9993.753177,9266.813073,9266.813073
2020-05-08,2020,Naive,9859.323605,9993.753177,9993.753177
2020-05-09,2020,Naive,9577.338922,9859.323605,9859.323605
2020-05-10,2020,Naive,8715.033293,9577.338922,9577.338922
2020-05-11,2020,Naive,8591.652884,8715.033293,8715.033293
2020-05-12,2020,Naive,8817.250681,8591.652884,8591.652884
2020-05-13,2020,Naive,9322.997202,8817.250681,8817.250681
2020-05-14,2020,Naive,9801.269488,9322.997202,9322.997202
2020-05-15,2020,Naive,9326.875859,9801.269488,9801.269488
2020-05-16,2020,Naive,9395.475389,9326.875859,9326.875859
2020-05-17,2020,Naive,9682.532481,9395.475389,9395.475389
2020-05-18,2020,Naive,9726.850022,9682.532481,9682.532481
2020-05-19,2020,Naive,9754.201462,9726.850022,9726.850022
2020-05-20,2020,Naive,9515.70255,9754.201462,9754.201462
2020-05-21,2020,Naive,9068.801229,9515.70255,9515.70255
2020-05-22,2020,Naive,9161.815034,9068.801229,9068.801229
2020-05-23,2020,Naive,9183.662125,9161.815034,9161.815034
2020-05-24,2020,Naive,8806.230657,9183.662125,9183.662125
2020-05-25,2020,Naive,8909.192582,8806.230657,8806.230657
2020-05-26,2020,Naive,8835.137253,8909.192582,8909.192582
2020-05-27,2020,Naive,9169.057439,8835.137253,8835.137253
2020-05-28,2020,Naive,9568.261853,9169.057439,9169.057439
2020-05-29,2020,Naive,9432.413333,9568.261853,9568.261853
2020-05-30,2020,Naive,9691.680491,9432.413333,9432.413333
2020-05-31,2020,Naive,9433.943847,9691.680491,9691.680491
2020-06-01,2020,Naive,10199.135054,9433.943847,9433.943847
2020-06-02,2020,Naive,9512.346533,10199.135054,10199.135054
2020-06-03,2020,Naive,9642.2734,9512.346533,9512.346533
2020-06-04,2020,Naive,9813.360679,9642.2734,9642.2734
2020-06-05,2020,Naive,9641.891623,9813.360679,9813.360679
2020-06-06,2020,Naive,9668.670539,9641.891623,9641.891623
2020-06-07,2020,Naive,9747.580111,9668.670539,9668.670539
2020-06-08,2020,Naive,9769.342361,9747.580111,9747.580111
2020-06-09,2020,Naive,9779.422166,9769.342361,9769.342361
2020-06-10,2020,Naive,9888.444175,9779.422166,9779.422166
2020-06-11,2020,Naive,9277.451169,9888.444175,9888.444175
2020-06-12,2020,Naive,9456.161533,9277.451169,9277.451169
2020-06-13,2020,Naive,9461.333799,9456.161533,9456.161533
2020-06-14,2020,Naive,9342.955635,9461.333799,9461.333799
2020-06-15,2020,Naive,9441.383211,9342.955635,9342.955635
2020-06-16,2020,Naive,9520.091948,9441.383211,9441.383211
2020-06-17,2020,Naive,9448.693561,9520.091948,9520.091948
2020-06-18,2020,Naive,9389.990766,9448.693561,9448.693561
2020-06-19,2020,Naive,9285.991583,9389.990766,9389.990766
2020-06-20,2020,Naive,9357.292464,9285.991583,9285.991583
2020-06-21,2020,Naive,9284.769372,9357.292464,9357.292464
2020-06-22,2020,Naive,9684.620185,9284.769372,9284.769372
2020-06-23,2020,Naive,9611.725998,9684.620185,9684.620185
2020-06-24,2020,Naive,9292.943544,9611.725998,9611.725998
2020-06-25,2020,Naive,9247.121432,9292.943544,9292.943544
2020-06-26,2020,Naive,9159.437772,9247.121432,9247.121432
2020-06-27,2020,Naive,9002.165617,9159.437772,9159.437772
2020-06-28,2020,Naive,9108.065675,9002.165617,9002.165617
2020-06-29,2020,Naive,9184.247366,9108.065675,9108.065675
2020-06-30,2020,Naive,9143.967585,9184.247366,9184.247366
2020-07-01,2020,Naive,9241.339612,9143.967585,9143.967585
2020-07-02,2020,Naive,9094.387287,9241.339612,9241.339612
2020-07-03,2020,Naive,9066.690697,9094.387287,9094.387287
2020-07-04,2020,Naive,9126.219555,9066.690697,9066.690697
2020-07-05,2020,Naive,9079.614018,9126.219555,9126.219555
2020-07-06,2020,Naive,9338.942591,9079.614018,9079.614018
2020-07-07,2020,Naive,9252.158733,9338.942591,9338.942591
2020-07-08,2020,Naive,9434.567956,9252.158733,9252.158733
2020-07-09,2020,Naive,9231.502348,9434.567956,9434.567956
2020-07-10,2020,Naive,9285.221015,9231.502348,9231.502348
2020-07-11,2020,Naive,9237.171008,9285.221015,9285.221015
2020-07-12,2020,Naive,9289.097977,9237.171008,9237.171008
2020-07-13,2020,Naive,9236.622501,9289.097977,9289.097977
2020-07-14,2020,Naive,9260.356987,9236.622501,9236.622501
2020-07-15,2020,Naive,9196.725559,9260.356987,9260.356987
2020-07-16,2020,Naive,9132.592312,9196.725559,9196.725559
2020-07-17,2020,Naive,9156.46871,9132.592312,9132.592312
2020-07-18,2020,Naive,9175.905309,9156.46871,9156.46871
2020-07-19,2020,Naive,9218.842311,9175.905309,9175.905309
2020-07-20,2020,Naive,9167.190568,9218.842311,9218.842311
2020-07-21,2020,Naive,9388.57435,9167.190568,9167.190568
2020-07-22,2020,Naive,9531.25743,9388.57435,9388.57435
2020-07-23,2020,Naive,9609.166715,9531.25743,9531.25743
2020-07-24,2020,Naive,9548.100727,9609.166715,9609.166715
2020-07-25,2020,Naive,9702.45279,9548.100727,9548.100727
2020-07-26,2020,Naive,9933.906554,9702.45279,9702.45279
2020-07-27,2020,Naive,11046.50833,9933.906554,9933.906554
2020-07-28,2020,Naive,10944.612979,11046.50833,11046.50833
2020-07-29,2020,Naive,11115.771282,10944.612979,10944.612979
2020-07-30,2020,Naive,11135.390726,11115.771282,11115.771282
2020-07-31,2020,Naive,11338.197341,11135.390726,11135.390726
2020-08-01,2020,Naive,11797.582127,11338.197341,11338.197341
2020-08-02,2020,Naive,11094.020684,11797.582127,11797.582127
2020-08-03,2020,Naive,11236.095681,11094.020684,11094.020684
2020-08-04,2020,Naive,11202.651909,11236.095681,11236.095681
2020-08-05,2020,Naive,11721.438472,11202.651909,11202.651909
2020-08-06,2020,Naive,11769.309108,11721.438472,11721.438472
2020-08-07,2020,Naive,11598.969059,11769.309108,11769.309108
2020-08-08,2020,Naive,11743.008635,11598.969059,11598.969059
2020-08-09,2020,Naive,11680.517366,11743.008635,11743.008635
2020-08-10,2020,Naive,11870.369545,11680.517366,11680.517366
2020-08-11,2020,Naive,11392.644088,11870.369545,11870.369545
2020-08-12,2020,Naive,11575.512474,11392.644088,11392.644088
2020-08-13,2020,Naive,11773.448116,11575.512474,11575.512474
2020-08-14,2020,Naive,11774.408252,11773.448116,11773.448116
2020-08-15,2020,Naive,11866.910361,11774.408252,11774.408252
2020-08-16,2020,Naive,11899.642754,11866.910361,11866.910361
2020-08-17,2020,Naive,12315.762417,11899.642754,11899.642754
2020-08-18,2020,Naive,11992.695996,12315.762417,12315.762417
2020-08-19,2020,Naive,11736.849065,11992.695996,11992.695996
2020-08-20,2020,Naive,11867.520344,11736.849065,11736.849065
2020-08-21,2020,Naive,11524.698949,11867.520344,11867.520344
2020-08-22,2020,Naive,11682.28915,11524.698949,11524.698949
2020-08-23,2020,Naive,11665.609274,11682.28915,11682.28915
2020-08-24,2020,Naive,11771.408054,11665.609274,11665.609274
2020-08-25,2020,Naive,11358.45432,11771.408054,11771.408054
2020-08-26,2020,Naive,11472.04912,11358.45432,11358.45432
2020-08-27,2020,Naive,11314.673741,11472.04912,11472.04912
2020-08-28,2020,Naive,11527.883032,11314.673741,11314.673741
2020-08-29,2020,Naive,11490.762348,11527.883032,11527.883032
2020-08-30,2020,Naive,11698.975833,11490.762348,11490.762348
2020-08-31,2020,Naive,11678.348227,11698.975833,11698.975833
2020-09-01,2020,Naive,11970.364856,11678.348227,11678.348227
2020-09-02,2020,Naive,11414.520934,11970.364856,11970.364856
2020-09-03,2020,Naive,10261.49441,11414.520934,11414.520934
2020-09-04,2020,Naive,10471.966413,10261.49441,10261.49441
2020-09-05,2020,Naive,10128.643586,10471.966413,10471.966413
2020-09-06,2020,Naive,10253.299898,10128.643586,10128.643586
2020-09-07,2020,Naive,10367.878354,10253.299898,10253.299898
2020-09-08,2020,Naive,10108.63545,10367.878354,10367.878354
2020-09-09,2020,Naive,10223.111409,10108.63545,10108.63545
2020-09-10,2020,Naive,10334.63073,10223.111409,10223.111409
2020-09-11,2020,Naive,10387.020742,10334.63073,10334.63073
2020-09-12,2020,Naive,10436.977832,10387.020742,10387.020742
2020-09-13,2020,Naive,10322.523615,10436.977832,10436.977832
2020-09-14,2020,Naive,10662.719912,10322.523615,10322.523615
2020-09-15,2020,Naive,10779.381025,10662.719912,10662.719912
2020-09-16,2020,Naive,10968.320547,10779.381025,10779.381025
2020-09-17,2020,Naive,10936.292751,10968.320547,10968.320547
2020-09-18,2020,Naive,10920.112844,10936.292751,10936.292751
2020-09-19,2020,Naive,11073.779548,10920.112844,10920.112844
2020-09-20,2020,Naive,10921.2181,11073.779548,11073.779548
2020-09-21,2020,Naive,10455.379962,10921.2181,10921.2181
2020-09-22,2020,Naive,10519.839164,10455.379962,10455.379962
2020-09-23,2020,Naive,10233.299569,10519.839164,10519.839164
2020-09-24,2020,Naive,10739.042709,10233.299569,10233.299569
2020-09-25,2020,Naive,10683.630581,10739.042709,10739.042709
2020-09-26,2020,Naive,10742.03042,10683.630581,10683.630581
2020-09-27,2020,Naive,10758.82429,10742.03042,10742.03042
2020-09-28,2020,Naive,10727.375054,10758.82429,10758.82429
2020-09-29,2020,Naive,10841.142744,10727.375054,10727.375054
2020-09-30,2020,Naive,10772.351767,10841.142744,10841.142744
2020-10-01,2020,Naive,10606.617333,10772.351767,10772.351767
2020-10-02,2020,Naive,10570.105678,10606.617333,10606.617333
2020-10-03,2020,Naive,10555.705434,10570.105678,10570.105678
2020-10-04,2020,Naive,10665.618622,10555.705434,10555.705434
2020-10-05,2020,Naive,10772.6356,10665.618622,10665.618622
2020-10-06,2020,Naive,10596.373549,10772.6356,10772.6356
2020-10-07,2020,Naive,10667.194394,10596.373549,10596.373549
2020-10-08,2020,Naive,10902.529364,10667.194394,10667.194394
2020-10-09,2020,Naive,11074.10368,10902.529364,10902.529364
2020-10-10,2020,Naive,11302.854286,11074.10368,11074.10368
2020-10-11,2020,Naive,11378.262528,11302.854286,11302.854286
2020-10-12,2020,Naive,11548.401557,11378.262528,11378.262528
2020-10-13,2020,Naive,11434.968785,11548.401557,11548.401557
2020-10-14,2020,Naive,11417.108114,11434.968785,11434.968785
2020-10-15,2020,Naive,11502.581239,11417.108114,11417.108114
2020-10-16,2020,Naive,11338.987177,11502.581239,11502.581239
2020-10-17,2020,Naive,11362.802217,11338.987177,11338.987177
2020-10-18,2020,Naive,11489.622565,11362.802217,11362.802217
2020-10-19,2020,Naive,11745.811968,11489.622565,11489.622565
2020-10-20,2020,Naive,11929.457251,11745.811968,11745.811968
2020-10-21,2020,Naive,12848.490618,11929.457251,11929.457251
2020-10-22,2020,Naive,12997.499342,12848.490618,12848.490618
2020-10-23,2020,Naive,12953.429697,12997.499342,12997.499342
2020-10-24,2020,Naive,13113.866923,12953.429697,12953.429697
2020-10-25,2020,Naive,13041.641037,13113.866923,13113.866923
2020-10-26,2020,Naive,13080.65617,13041.641037,13041.641037
2020-10-27,2020,Naive,13675.523928,13080.65617,13080.65617
2020-10-28,2020,Naive,13290.32885,13675.523928,13675.523928
2020-10-29,2020,Naive,13475.217301,13290.32885,13290.32885
2020-10-30,2020,Naive,13603.296091,13475.217301,13475.217301
2020-10-31,2020,Naive,13807.233611,13603.296091,13603.296091
2020-11-01,2020,Naive,13736.899411,13807.233611,13807.233611
2020-11-02,2020,Naive,13595.56476,13736.899411,13736.899411
2020-11-03,2020,Naive,13996.915399,13595.56476,13595.56476
2020-11-04,2020,Naive,14129.148195,13996.915399,13996.915399
2020-11-05,2020,Naive,15606.466834,14129.148195,14129.148195
2020-11-06,2020,Naive,15618.972471,15606.466834,15606.466834
2020-11-07,2020,Naive,14866.356305,15618.972471,15618.972471
2020-11-08,2020,Naive,15500.000707,14866.356305,14866.356305
2020-11-09,2020,Naive,15319.819973,15500.000707,15500.000707
2020-11-10,2020,Naive,15319.275676,15319.819973,15319.819973
2020-11-11,2020,Naive,15731.241106,15319.275676,15319.275676
2020-11-12,2020,Naive,16289.814898,15731.241106,15731.241106
2020-11-13,2020,Naive,16330.062768,16289.814898,16289.814898
2020-11-14,2020,Naive,16102.010017,16330.062768,16330.062768
2020-11-15,2020,Naive,15986.754991,16102.010017,16102.010017
2020-11-16,2020,Naive,16743.05394,15986.754991,15986.754991
2020-11-17,2020,Naive,17682.169187,16743.05394,16743.05394
2020-11-18,2020,Naive,17804.690024,17682.169187,17682.169187
2020-11-19,2020,Naive,17818.668662,17804.690024,17804.690024
2020-11-20,2020,Naive,18663.781853,17818.668662,17818.668662
2020-11-21,2020,Naive,18706.589335,18663.781853,18663.781853
2020-11-22,2020,Naive,18482.692632,18706.589335,18706.589335
2020-11-23,2020,Naive,18373.25776,18482.692632,18482.692632
2020-11-24,2020,Naive,19150.251049,18373.25776,18373.25776
2020-11-25,2020,Naive,18748.393713,19150.251049,19150.251049
2020-11-26,2020,Naive,17113.716871,18748.393713,18748.393713
2020-11-27,2020,Naive,17101.603018,17113.716871,17113.716871
2020-11-28,2020,Naive,17745.377312,17101.603018,17101.603018
2020-11-29,2020,Naive,18190.86688,17745.377312,17745.377312
2020-11-30,2020,Naive,19664.407607,18190.86688,18190.86688
2020-12-01,2020,Naive,18820.60779,19664.407607,19664.407607
2020-12-02,2020,Naive,19214.872229,18820.60779,18820.60779
2020-12-03,2020,Naive,19470.311208,19214.872229,19214.872229
2020-12-04,2020,Naive,18732.967091,19470.311208,19470.311208
2020-12-05,2020,Naive,19114.633131,18732.967091,18732.967091
2020-12-06,2020,Naive,19356.313677,19114.633131,19114.633131
2020-12-07,2020,Naive,19182.176833,19356.313677,19356.313677
2020-12-08,2020,Naive,18340.978138,19182.176833,19182.176833
2020-12-09,2020,Naive,18574.696735,18340.978138,18340.978138
2020-12-10,2020,Naive,18294.846951,18574.696735,18574.696735
2020-12-11,2020,Naive,18061.760026,18294.846951,18294.846951
2020-12-12,2020,Naive,18813.283769,18061.760026,18061.760026
2020-12-13,2020,Naive,19156.082506,18813.283769,18813.283769
2020-12-14,2020,Naive,19286.751299,19156.082506,19156.082506
2020-12-15,2020,Naive,19432.588464,19286.751299,19286.751299
2020-12-16,2020,Naive,21370.720319,19432.588464,19432.588464
2020-12-17,2020,Naive,22789.267416,21370.720319,21370.720319
2020-12-18,2020,Naive,23048.764561,22789.267416,22789.267416
2020-12-19,2020,Naive,23856.773519,23048.764561,23048.764561
2020-12-20,2020,Naive,23528.550614,23856.773519,23856.773519
2020-12-21,2020,Naive,22937.418344,23528.550614,23528.550614
2020-12-22,2020,Naive,23756.888769,22937.418344,22937.418344
2020-12-23,2020,Naive,23307.270902,23756.888769,23756.888769
2020-12-24,2020,Naive,23707.633044,23307.270902,23307.270902
2020-12-25,2020,Naive,24669.164322,23707.633044,23707.633044
2020-12-26,2020,Naive,26478.068105,24669.164322,24669.164322
2020-12-27,2020,Naive,26430.856597,26478.068105,26478.068105
2020-12-28,2020,Naive,27039.34902,26430.856597,26430.856597
2020-12-29,2020,Naive,27231.203455,27039.34902,27039.34902
2020-12-30,2020,Naive,28844.613678,27231.203455,27231.203455
2020-12-31,2020,Naive,29022.671413,28844.613678,28844.613678
2021-01-01,2021,Naive,29380.693733,29022.671413,29022.671413
2021-01-02,2021,Naive,32022.681058,29380.693733,29380.693733
2021-01-03,2021,Naive,33277.835305,32022.681058,32022.681058
2021-01-04,2021,Naive,31802.146714,33277.835305,33277.835305
2021-01-05,2021,Naive,34013.174172,31802.146714,31802.146714
2021-01-06,2021,Naive,36643.277722,34013.174172,34013.174172
2021-01-07,2021,Naive,39215.651149,36643.277722,36643.277722
2021-01-08,2021,Naive,40775.404563,39215.651149,39215.651149
2021-01-09,2021,Naive,40370.68235,40775.404563,40775.404563
2021-01-10,2021,Naive,38329.340167,40370.68235,40370.68235
2021-01-11,2021,Naive,35269.513718,38329.340167,38329.340167
2021-01-12,2021,Naive,33712.468545,35269.513718,35269.513718
2021-01-13,2021,Naive,37296.547528,33712.468545,33712.468545
2021-01-14,2021,Naive,39045.51834,37296.547528,37296.547528
2021-01-15,2021,Naive,36710.317425,39045.51834,39045.51834
2021-01-16,2021,Naive,36177.261097,36710.317425,36710.317425
2021-01-17,2021,Naive,36069.939467,36177.261097,36177.261097
2021-01-18,2021,Naive,36594.296402,36069.939467,36069.939467
2021-01-19,2021,Naive,36250.146189,36594.296402,36594.296402
2021-01-20,2021,Naive,35515.480013,36250.146189,36250.146189
2021-01-21,2021,Naive,31022.951028,35515.480013,35515.480013
2021-01-22,2021,Naive,32986.435757,31022.951028,31022.951028
2021-01-23,2021,Naive,32036.282272,32986.435757,32986.435757
2021-01-24,2021,Naive,32216.10429,32036.282272,32036.282272
2021-01-25,2021,Naive,32419.705946,32216.10429,32216.10429
2021-01-26,2021,Naive,32640.639143,32419.705946,32419.705946
2021-01-27,2021,Naive,30358.934724,32640.639143,32640.639143
2021-01-28,2021,Naive,33511.287595,30358.934724,30358.934724
2021-01-29,2021,Naive,34166.149426,33511.287595,33511.287595
2021-01-30,2021,Naive,34349.917095,34166.149426,34166.149426
2021-01-31,2021,Naive,33157.832575,34349.917095,34349.917095
2021-02-01,2021,Naive,33570.271847,33157.832575,33157.832575
2021-02-02,2021,Naive,35596.148909,33570.271847,33570.271847
2021-02-03,2021,Naive,37578.373207,35596.148909,35596.148909
2021-02-04,2021,Naive,37129.202938,37578.373207,37578.373207
2021-02-05,2021,Naive,38045.413608,37129.202938,37129.202938
2021-02-06,2021,Naive,39341.727081,38045.413608,38045.413608
2021-02-07,2021,Naive,39003.012182,39341.727081,39341.727081
2021-02-08,2021,Naive,46121.934072,39003.012182,39003.012182
2021-02-09,2021,Naive,46548.161991,46121.934072,46121.934072
2021-02-10,2021,Naive,45078.12835,46548.161991,46548.161991
2021-02-11,2021,Naive,47892.840918,45078.12835,45078.12835
2021-02-12,2021,Naive,47525.209143,47892.840918,47892.840918
2021-02-13,2021,Naive,47208.625027,47525.209143,47525.209143
2021-02-14,2021,Naive,48829.82751,47208.625027,47208.625027
2021-02-15,2021,Naive,48110.241733,48829.82751,48829.82751
2021-02-16,2021,Naive,49140.382658,48110.241733,48110.241733
2021-02-17,2021,Naive,52224.939114,49140.382658,49140.382658
2021-02-18,2021,Naive,51650.069949,52224.939114,52224.939114
2021-02-19,2021,Naive,55820.504404,51650.069949,51650.069949
2021-02-20,2021,Naive,55861.820567,55820.504404,55820.504404
2021-02-21,2021,Naive,57500.71611,55861.820567,55861.820567
2021-02-22,2021,Naive,53952.153339,57500.71611,57500.71611
2021-02-23,2021,Naive,48560.489035,53952.153339,53952.153339
2021-02-24,2021,Naive,49567.345689,48560.489035,48560.489035
2021-02-25,2021,Naive,47568.13117,49567.345689,49567.345689
2021-02-26,2021,Naive,46231.767578,47568.13117,47568.13117
2021-02-27,2021,Naive,45834.513361,46231.767578,46231.767578
2021-02-28,2021,Naive,45359.464164,45834.513361,45834.513361
2021-03-01,2021,Naive,49634.447109,45359.464164,45359.464164
2021-03-02,2021,Naive,48304.705488,49634.447109,49634.447109
2021-03-03,2021,Naive,50690.467184,48304.705488,48304.705488
2021-03-04,2021,Naive,48472.795475,50690.467184,50690.467184
2021-03-05,2021,Naive,48800.817359,48472.795475,48472.795475
2021-03-06,2021,Naive,48970.524487,48800.817359,48800.817359
2021-03-07,2021,Naive,51086.468179,48970.524487,48970.524487
2021-03-08,2021,Naive,52088.475132,51086.468179,51086.468179
2021-03-09,2021,Naive,54739.135254,52088.475132,52088.475132
2021-03-10,2021,Naive,56116.040912,54739.135254,54739.135254
2021-03-11,2021,Naive,57847.254936,56116.040912,56116.040912
2021-03-12,2021,Naive,57334.641535,57847.254936,57847.254936
2021-03-13,2021,Naive,61288.794128,57334.641535,57334.641535
2021-03-14,2021,Naive,59905.61847,61288.794128,61288.794128
2021-03-15,2021,Naive,56121.121924,59905.61847,59905.61847
2021-03-16,2021,Naive,56500.446026,56121.121924,56121.121924
2021-03-17,2021,Naive,58683.065982,56500.446026,56500.446026
2021-03-18,2021,Naive,57731.479841,58683.065982,58683.065982
2021-03-19,2021,Naive,58168.121922,57731.479841,57731.479841
2021-03-20,2021,Naive,58247.884707,58168.121922,58168.121922
2021-03-21,2021,Naive,57447.93302,58247.884707,58247.884707
2021-03-22,2021,Naive,54453.137351,57447.93302,57447.93302
2021-03-23,2021,Naive,54563.611946,54453.137351,54453.137351
2021-03-24,2021,Naive,52595.411324,54563.611946,54563.611946
2021-03-25,2021,Naive,51547.124895,52595.411324,52595.411324
2021-03-26,2021,Naive,54817.857112,51547.124895,51547.124895
2021-03-27,2021,Naive,56019.837306,54817.857112,54817.857112
2021-03-28,2021,Naive,55713.03814,56019.837306,56019.837306
2021-03-29,2021,Naive,57571.233348,55713.03814,55713.03814
2021-03-30,2021,Naive,58684.548392,57571.233348,57571.233348
2021-03-31,2021,Naive,58792.194828,58684.548392,58684.548392
2021-04-01,2021,Naive,58818.977099,58792.194828,58792.194828
2021-04-02,2021,Naive,59031.534019,58818.977099,58818.977099
2021-04-03,2021,Naive,57282.389625,59031.534019,59031.534019
2021-04-04,2021,Naive,58202.199392,57282.389625,57282.389625
2021-04-05,2021,Naive,58755.85253,58202.199392,58202.199392
2021-04-06,2021,Naive,58084.066423,58755.85253,58755.85253
2021-04-07,2021,Naive,56266.834676,58084.066423,58084.066423
2021-04-08,2021,Naive,57963.344599,56266.834676,56266.834676
2021-04-09,2021,Naive,58051.762556,57963.344599,57963.344599
2021-04-10,2021,Naive,59651.558988,58051.762556,58051.762556
2021-04-11,2021,Naive,59932.930647,59651.558988,59651.558988
2021-04-12,2021,Naive,59905.936374,59932.930647,59932.930647
2021-04-13,2021,Naive,63445.638314,59905.936374,59905.936374
2021-04-14,2021,Naive,62869.495587,63445.638314,63445.638314
2021-04-15,2021,Naive,63231.162987,62869.495587,62869.495587
2021-04-16,2021,Naive,61571.110091,63231.162987,63231.162987
2021-04-17,2021,Naive,60280.876176,61571.110091,61571.110091
2021-04-18,2021,Naive,56389.557981,60280.876176,60280.876176
2021-04-19,2021,Naive,55798.137077,56389.557981,56389.557981
2021-04-20,2021,Naive,56474.373759,55798.137077,55798.137077
2021-04-21,2021,Naive,54025.799575,56474.373759,56474.373759
2021-04-22,2021,Naive,51882.059811,54025.799575,54025.799575
2021-04-23,2021,Naive,50954.910061,51882.059811,51882.059811
2021-04-24,2021,Naive,50279.948446,50954.910061,50954.910061
2021-04-25,2021,Naive,48946.940743,50279.948446,50279.948446
2021-04-26,2021,Naive,53943.349978,48946.940743,48946.940743
2021-04-27,2021,Naive,55027.030985,53943.349978,53943.349978
2021-04-28,2021,Naive,54787.378707,55027.030985,55027.030985
2021-04-29,2021,Naive,53567.081194,54787.378707,54787.378707
2021-04-30,2021,Naive,57741.444417,53567.081194,53567.081194
2021-05-01,2021,Naive,57863.590393,57741.444417,57741.444417
2021-05-02,2021,Naive,56572.596841,57863.590393,57863.590393
2021-05-03,2021,Naive,57243.041605,56572.596841,56572.596841
2021-05-04,2021,Naive,53724.108925,57243.041605,57243.041605
2021-05-05,2021,Naive,57342.025662,53724.108925,53724.108925
2021-05-06,2021,Naive,56527.352979,57342.025662,57342.025662
2021-05-07,2021,Naive,57341.068455,56527.352979,56527.352979
2021-05-08,2021,Naive,58736.125895,57341.068455,57341.068455
2021-05-09,2021,Naive,58288.42563,58736.125895,58736.125895
2021-05-10,2021,Naive,55902.92774,58288.42563,58288.42563
2021-05-11,2021,Naive,56612.102649,55902.92774,55902.92774
2021-05-12,2021,Naive,50972.355081,56612.102649,56612.102649
2021-05-13,2021,Naive,49368.614474,50972.355081,50972.355081
2021-05-14,2021,Naive,49997.395901,49368.614474,49368.614474
2021-05-15,2021,Naive,47047.963333,49997.395901,49997.395901
2021-05-16,2021,Naive,46022.503709,47047.963333,47047.963333
2021-05-17,2021,Naive,43492.395483,46022.503709,46022.503709
2021-05-18,2021,Naive,42789.809392,43492.395483,43492.395483
2021-05-19,2021,Naive,37642.520002,42789.809392,42789.809392
2021-05-20,2021,Naive,40799.402148,37642.520002,37642.520002
2021-05-21,2021,Naive,37174.331101,40799.402148,40799.402148
2021-05-22,2021,Naive,37643.419798,37174.331101,37174.331101
2021-05-23,2021,Naive,34774.207222,37643.419798,37643.419798
2021-05-24,2021,Naive,38630.409119,34774.207222,34774.207222
2021-05-25,2021,Naive,38269.771075,38630.409119,38630.409119
2021-05-26,2021,Naive,39194.858898,38269.771075,38269.771075
2021-05-27,2021,Naive,38510.857042,39194.858898,39194.858898
2021-05-28,2021,Naive,35596.717951,38510.857042,38510.857042
2021-05-29,2021,Naive,34681.818367,35596.717951,35596.717951
2021-05-30,2021,Naive,35652.16877,34681.818367,34681.818367
2021-05-31,2021,Naive,37312.974897,35652.16877,35652.16877
2021-06-01,2021,Naive,36661.378118,37312.974897,37312.974897
2021-06-02,2021,Naive,37639.455673,36661.378118,36661.378118
2021-06-03,2021,Naive,39160.150413,37639.455673,37639.455673
2021-06-04,2021,Naive,36884.373555,39160.150413,39160.150413
2021-06-05,2021,Naive,35409.567237,36884.373555,36884.373555
2021-06-06,2021,Naive,35720.604355,35409.567237,35409.567237
2021-06-07,2021,Naive,33724.907752,35720.604355,35720.604355
2021-06-08,2021,Naive,33475.048923,33724.907752,33724.907752
2021-06-09,2021,Naive,37372.988895,33475.048923,33475.048923
2021-06-10,2021,Naive,36826.002219,37372.988895,37372.988895
2021-06-11,2021,Naive,37185.393127,36826.002219,36826.002219
2021-06-12,2021,Naive,35669.171282,37185.393127,37185.393127
2021-06-13,2021,Naive,38925.419429,35669.171282,35669.171282
2021-06-14,2021,Naive,40455.595983,38925.419429,38925.419429
2021-06-15,2021,Naive,40254.651468,40455.595983,40455.595983
2021-06-16,2021,Naive,38265.543773,40254.651468,40254.651468
2021-06-17,2021,Naive,38018.643235,38265.543773,38265.543773
2021-06-18,2021,Naive,35714.312079,38018.643235,38018.643235
2021-06-19,2021,Naive,35555.976397,35714.312079,35714.312079
2021-06-20,2021,Naive,35599.941878,35555.976397,35555.976397
2021-06-21,2021,Naive,31715.159862,35599.941878,35599.941878
2021-06-22,2021,Naive,32394.555595,31715.159862,31715.159862
2021-06-23,2021,Naive,33610.496813,32394.555595,32394.555595
2021-06-24,2021,Naive,34658.972876,33610.496813,33610.496813
2021-06-25,2021,Naive,31683.5032,34658.972876,34658.972876
2021-06-26,2021,Naive,31890.676447,31683.5032,31683.5032
2021-06-27,2021,Naive,34506.491198,31890.676447,31890.676447
2021-06-28,2021,Naive,34376.188539,34506.491198,34506.491198
2021-06-29,2021,Naive,35933.778218,34376.188539,34376.188539
2021-06-30,2021,Naive,35065.466153,35933.778218,35933.778218
2021-07-01,2021,Naive,33505.080494,35065.466153,35065.466153
2021-07-02,2021,Naive,33782.945946,33505.080494,33505.080494
2021-07-03,2021,Naive,34588.224292,33782.945946,33782.945946
2021-07-04,2021,Naive,35355.607888,34588.224292,34588.224292
2021-07-05,2021,Naive,33911.75384,35355.607888,35355.607888
2021-07-06,2021,Naive,34123.981568,33911.75384,33911.75384
2021-07-07,2021,Naive,33931.618638,34123.981568,34123.981568
2021-07-08,2021,Naive,32819.659531,33931.618638,33931.618638
2021-07-09,2021,Naive,33914.881074,32819.659531,32819.659531
2021-07-10,2021,Naive,33610.945839,33914.881074,33914.881074
2021-07-11,2021,Naive,34258.44139,33610.945839,33610.945839
2021-07-12,2021,Naive,33135.235912,34258.44139,34258.44139
2021-07-13,2021,Naive,32641.975961,33135.235912,33135.235912
2021-07-14,2021,Naive,32798.284519,32641.975961,32641.975961
2021-07-15,2021,Naive,31707.690037,32798.284519,32798.284519
2021-07-16,2021,Naive,31455.717582,31707.690037,31707.690037
2021-07-17,2021,Naive,31547.951199,31455.717582,31455.717582
2021-07-18,2021,Naive,31707.703853,31547.951199,31547.951199
2021-07-19,2021,Naive,30883.469746,31707.703853,31707.703853
2021-07-20,2021,Naive,29766.657718,30883.469746,30883.469746
2021-07-21,2021,Naive,32119.657226,29766.657718,29766.657718
2021-07-22,2021,Naive,32306.961429,32119.657226,32119.657226
2021-07-23,2021,Naive,33439.595703,32306.961429,32306.961429
2021-07-24,2021,Naive,34166.914655,33439.595703,33439.595703
2021-07-25,2021,Naive,35119.937436,34166.914655,34166.914655
2021-07-26,2021,Naive,37444.78251,35119.937436,35119.937436
2021-07-27,2021,Naive,39126.540288,37444.78251,37444.78251
2021-07-28,2021,Naive,39939.194043,39126.540288,39126.540288
2021-07-29,2021,Naive,40086.164395,39939.194043,39939.194043
2021-07-30,2021,Naive,41789.667098,40086.164395,40086.164395
2021-07-31,2021,Naive,41793.313748,41789.667098,41789.667098
2021-08-01,2021,Naive,39968.968954,41793.313748,41793.313748
2021-08-02,2021,Naive,39304.186284,39968.968954,39968.968954
2021-08-03,2021,Naive,38288.825398,39304.186284,39304.186284
2021-08-04,2021,Naive,39773.911349,38288.825398,38288.825398
2021-08-05,2021,Naive,40941.650434,39773.911349,39773.911349
2021-08-06,2021,Naive,42790.357328,40941.650434,40941.650434
2021-08-07,2021,Naive,44484.900586,42790.357328,42790.357328
2021-08-08,2021,Naive,43972.301018,44484.900586,44484.900586
2021-08-09,2021,Naive,46265.642456,43972.301018,43972.301018
2021-08-10,2021,Naive,45488.791262,46265.642456,46265.642456
2021-08-11,2021,Naive,45676.326361,45488.791262,45488.791262
2021-08-12,2021,Naive,44405.748348,45676.326361,45676.326361
2021-08-13,2021,Naive,47717.485356,44405.748348,44405.748348
2021-08-14,2021,Naive,47124.205074,47717.485356,47717.485356
2021-08-15,2021,Naive,47074.37071,47124.205074,47124.205074
2021-08-16,2021,Naive,45984.719907,47074.37071,47074.37071
2021-08-17,2021,Naive,44714.096798,45984.719907,45984.719907
2021-08-18,2021,Naive,44954.363747,44714.096798,44714.096798
2021-08-19,2021,Naive,46646.861505,44954.363747,44954.363747
2021-08-20,2021,Naive,49240.835605,46646.861505,46646.861505
2021-08-21,2021,Naive,49070.24097,49240.835605,49240.835605
2021-08-22,2021,Naive,49363.316095,49070.24097,49070.24097
2021-08-23,2021,Naive,49590.876368,49363.316095,49363.316095
2021-08-24,2021,Naive,47925.862213,49590.876368,49590.876368
2021-08-25,2021,Naive,49002.316605,47925.862213,47925.862213
2021-08-26,2021,Naive,47190.344993,49002.316605,49002.316605
2021-08-27,2021,Naive,49048.475589,47190.344993,47190.344993
2021-08-28,2021,Naive,48852.4688,49048.475589,49048.475589
2021-08-29,2021,Naive,48948.347958,48852.4688,48852.4688
2021-08-30,2021,Naive,47125.768519,48948.347958,48948.347958
2021-08-31,2021,Naive,47219.244342,47125.768519,47125.768519
2021-09-01,2021,Naive,48688.537557,47219.244342,47219.244342
2021-09-02,2021,Naive,49369.586275,48688.537557,48688.537557
2021-09-03,2021,Naive,49860.534164,49369.586275,49369.586275
2021-09-04,2021,Naive,49919.577564,49860.534164,49860.534164
2021-09-05,2021,Naive,51747.643857,49919.577564,49919.577564
2021-09-06,2021,Naive,52640.588374,51747.643857,51747.643857
2021-09-07,2021,Naive,46854.400603,52640.588374,52640.588374
2021-09-08,2021,Naive,46187.975731,46854.400603,46854.400603
2021-09-09,2021,Naive,46448.774829,46187.975731,46187.975731
2021-09-10,2021,Naive,44765.275576,46448.774829,46448.774829
2021-09-11,2021,Naive,45098.591645,44765.275576,44765.275576
2021-09-12,2021,Naive,46180.612456,45098.591645,45098.591645
2021-09-13,2021,Naive,44991.522128,46180.612456,46180.612456
2021-09-14,2021,Naive,47022.61776,44991.522128,44991.522128
2021-09-15,2021,Naive,48167.189368,47022.61776,47022.61776
2021-09-16,2021,Naive,47797.328324,48167.189368,48167.189368
2021-09-17,2021,Naive,47213.794129,47797.328324,47797.328324
2021-09-18,2021,Naive,48204.013652,47213.794129,47213.794129
2021-09-19,2021,Naive,47218.473996,48204.013652,48204.013652
2021-09-20,2021,Naive,42855.510345,47218.473996,47218.473996
2021-09-21,2021,Naive,40526.489376,42855.510345,42855.510345
2021-09-22,2021,Naive,43577.572482,40526.489376,40526.489376
2021-09-23,2021,Naive,44861.298033,43577.572482,43577.572482
2021-09-24,2021,Naive,42803.307701,44861.298033,44861.298033
2021-09-25,2021,Naive,42735.265824,42803.307701,42803.307701
2021-09-26,2021,Naive,43131.294177,42735.265824,42735.265824
2021-09-27,2021,Naive,42496.785225,43131.294177,43131.294177
2021-09-28,2021,Naive,41223.786274,42496.785225,42496.785225
2021-09-29,2021,Naive,41453.947013,41223.786274,41223.786274
2021-09-30,2021,Naive,43781.546015,41453.947013,41453.947013
2021-10-01,2021,Naive,48078.131554,43781.546015,43781.546015
2021-10-02,2021,Naive,47792.439194,48078.131554,48078.131554
2021-10-03,2021,Naive,48202.622918,47792.439194,47792.439194
2021-10-04,2021,Naive,49288.501311,48202.622918,48202.622918
2021-10-05,2021,Naive,51558.049332,49288.501311,49288.501311
2021-10-06,2021,Naive,55419.800411,51558.049332,51558.049332
2021-10-07,2021,Naive,53805.156913,55419.800411,55419.800411
2021-10-08,2021,Naive,53933.527591,53805.156913,53805.156913
2021-10-09,2021,Naive,55010.922475,53933.527591,53933.527591
2021-10-10,2021,Naive,54701.279702,55010.922475,55010.922475
2021-10-11,2021,Naive,57289.186457,54701.279702,54701.279702
2021-10-12,2021,Naive,56196.18126,57289.186457,57289.186457
2021-10-13,2021,Naive,57348.892877,56196.18126,56196.18126
2021-10-14,2021,Naive,57384.036915,57348.892877,57348.892877
2021-10-15,2021,Naive,61446.084007,57384.036915,57384.036915
2021-10-16,2021,Naive,60932.063212,61446.084007,61446.084007
2021-10-17,2021,Naive,61462.222372,60932.063212,60932.063212
2021-10-18,2021,Naive,61977.057551,61462.222372,61462.222372
2021-10-19,2021,Naive,64290.897757,61977.057551,61977.057551
2021-10-20,2021,Naive,66061.796564,64290.897757,64290.897757
2021-10-21,2021,Naive,62373.885621,66061.796564,66061.796564
2021-10-22,2021,Naive,60750.967372,62373.885621,62373.885621
2021-10-23,2021,Naive,61250.082629,60750.967372,60750.967372
2021-10-24,2021,Naive,60865.447052,61250.082629,61250.082629
2021-10-25,2021,Naive,63031.672902,60865.447052,60865.447052
2021-10-26,2021,Naive,60393.980274,63031.672902,63031.672902
2021-10-27,2021,Naive,58563.33599,60393.980274,60393.980274
2021-10-28,2021,Naive,60564.572112,58563.33599,58563.33599
2021-10-29,2021,Naive,62230.805569,60564.572112,60564.572112
2021-10-30,2021,Naive,61742.916532,62230.805569,62230.805569
2021-10-31,2021,Naive,61432.970063,61742.916532,61742.916532
2021-11-01,2021,Naive,61092.095059,61432.970063,61432.970063
2021-11-02,2021,Naive,63024.74723,61092.095059,61092.095059
2021-11-03,2021,Naive,62955.981763,63024.74723,63024.74723
2021-11-04,2021,Naive,61393.889978,62955.981763,62955.981763
2021-11-05,2021,Naive,61005.840834,61393.889978,61393.889978
2021-11-06,2021,Naive,61455.053627,61005.840834,61005.840834
2021-11-07,2021,Naive,63043.829059,61455.053627,61455.053627
2021-11-08,2021,Naive,67541.755508,63043.829059,63043.829059
2021-11-09,2021,Naive,67095.585671,67541.755508,67541.755508
2021-11-10,2021,Naive,64756.077969,67095.585671,67095.585671
2021-11-11,2021,Naive,64962.931294,64756.077969,64756.077969
2021-11-12,2021,Naive,64078.968037,64962.931294,64962.931294
2021-11-13,2021,Naive,64397.791206,64078.968037,64078.968037
2021-11-14,2021,Naive,65032.225655,64397.791206,64397.791206
2021-11-15,2021,Naive,63753.503159,65032.225655,65032.225655
2021-11-16,2021,Naive,60322.497853,63753.503159,63753.503159
2021-11-17,2021,Naive,60154.308366,60322.497853,60322.497853
2021-11-18,2021,Naive,56794.155627,60154.308366,60154.308366
2021-11-19,2021,Naive,58014.072989,56794.155627,56794.155627
2021-11-20,2021,Naive,59749.473823,58014.072989,58014.072989
2021-11-21,2021,Naive,59032.624102,59749.473823,59749.473823
2021-11-22,2021,Naive,56383.565876,59032.624102,59032.624102
2021-11-23,2021,Naive,57642.265798,56383.565876,56383.565876
2021-11-24,2021,Naive,57141.830378,57642.265798,57642.265798
2021-11-25,2021,Naive,59008.655479,57141.830378,57141.830378
2021-11-26,2021,Naive,53800.617839,59008.655479,59008.655479
2021-11-27,2021,Naive,54635.882463,53800.617839,53800.617839
2021-11-28,2021,Naive,57248.569696,54635.882463,54635.882463
2021-11-29,2021,Naive,57920.71073,57248.569696,57248.569696
2021-11-30,2021,Naive,57097.012794,57920.71073,57920.71073
2021-12-01,2021,Naive,57180.609844,57097.012794,57097.012794
2021-12-02,2021,Naive,56582.893769,57180.609844,57180.609844
2021-12-03,2021,Naive,53671.616068,56582.893769,56582.893769
2021-12-04,2021,Naive,49159.735798,53671.616068,53671.616068
2021-12-05,2021,Naive,49327.0936,49159.735798,49159.735798
2021-12-06,2021,Naive,50535.425223,49327.0936,49327.0936
2021-12-07,2021,Naive,50574.472834,50535.425223,50535.425223
2021-12-08,2021,Naive,50500.654351,50574.472834,50574.472834
2021-12-09,2021,Naive,47937.822846,50500.654351,50500.654351
2021-12-10,2021,Naive,47437.228973,47937.822846,47937.822846
2021-12-11,2021,Naive,49321.769325,47437.228973,47437.228973
2021-12-12,2021,Naive,50136.572257,49321.769325,49321.769325
2021-12-13,2021,Naive,46785.327841,50136.572257,50136.572257
2021-12-14,2021,Naive,48292.68225,46785.327841,46785.327841
2021-12-15,2021,Naive,48830.622386,48292.68225,48292.68225
2021-12-16,2021,Naive,47663.469108,48830.622386,48830.622386
2021-12-17,2021,Naive,46334.483749,47663.469108,47663.469108
2021-12-18,2021,Naive,46904.873675,46334.483749,46334.483749
2021-12-19,2021,Naive,46876.426924,46904.873675,46904.873675
2021-12-20,2021,Naive,46954.763478,46876.426924,46876.426924
2021-12-21,2021,Naive,49082.062467,46954.763478,46954.763478
2021-12-22,2021,Naive,48692.098739,49082.062467,49082.062467
2021-12-23,2021,Naive,50712.970768,48692.098739,48692.098739
2021-12-24,2021,Naive,50783.834421,50712.970768,50712.970768
2021-12-25,2021,Naive,50590.450898,50783.834421,50783.834421
2021-12-26,2021,Naive,50798.306586,50590.450898,50590.450898
2021-12-27,2021,Naive,50796.377674,50798.306586,50798.306586
2021-12-28,2021,Naive,47673.044045,50796.377674,50796.377674
2021-12-29,2021,Naive,46470.321575,47673.044045,47673.044045
2021-12-30,2021,Naive,47102.463004,46470.321575,46470.321575
2021-12-31,2021,Naive,46355.11733,47102.463004,47102.463004
2022-01-01,2022,Naive,47560.009382,46355.11733,46355.11733
2022-01-02,2022,Naive,47352.557757,47560.009382,47560.009382
2022-01-03,2022,Naive,46453.432352,47352.557757,47352.557757
2022-01-04,2022,Naive,45905.961122,46453.432352,46453.432352
2022-01-05,2022,Naive,43530.944039,45905.961122,45905.961122
2022-01-06,2022,Naive,43144.965293,43530.944039,43530.944039
2022-01-07,2022,Naive,41512.784581,43144.965293,43144.965293
2022-01-08,2022,Naive,41799.812885,41512.784581,41512.784581
2022-01-09,2022,Naive,41886.498557,41799.812885,41799.812885
2022-01-10,2022,Naive,41816.951056,41886.498557,41886.498557
2022-01-11,2022,Naive,42768.178612,41816.951056,41816.951056
2022-01-12,2022,Naive,43961.026544,42768.178612,42768.178612
2022-01-13,2022,Naive,42626.865392,43961.026544,43961.026544
2022-01-14,2022,Naive,43102.647618,42626.865392,42626.865392
2022-01-15,2022,Naive,43206.674481,43102.647618,43102.647618
2022-01-16,2022,Naive,43168.859667,43206.674481,43206.674481
2022-01-17,2022,Naive,42211.270399,43168.859667,43168.859667
2022-01-18,2022,Naive,42431.231967,42211.270399,42211.270399
2022-01-19,2022,Naive,41787.722013,42431.231967,42431.231967
2022-01-20,2022,Naive,40756.126163,41787.722013,41787.722013
2022-01-21,2022,Naive,36492.287224,40756.126163,40756.126163
2022-01-22,2022,Naive,34996.390965,36492.287224,36492.287224
2022-01-23,2022,Naive,36271.050265,34996.390965,34996.390965
2022-01-24,2022,Naive,36659.725221,36271.050265,36271.050265
2022-01-25,2022,Naive,36952.586773,36659.725221,36659.725221
2022-01-26,2022,Naive,36825.824599,36952.586773,36952.586773
2022-01-27,2022,Naive,37021.937133,36825.824599,36825.824599
2022-01-28,2022,Naive,37768.847484,37021.937133,37021.937133
2022-01-29,2022,Naive,38088.291228,37768.847484,37768.847484
2022-01-30,2022,Naive,37983.506385,38088.291228,38088.291228
2022-01-31,2022,Naive,38462.672403,37983.506385,37983.506385
2022-02-01,2022,Naive,38787.964082,38462.672403,38462.672403
2022-02-02,2022,Naive,36942.330749,38787.964082,38787.964082
2022-02-03,2022,Naive,37057.652188,36942.330749,36942.330749
2022-02-04,2022,Naive,41079.906088,37057.652188,37057.652188
2022-02-05,2022,Naive,41508.581693,41079.906088,41079.906088
2022-02-06,2022,Naive,42358.225173,41508.581693,41508.581693
2022-02-07,2022,Naive,43888.98012,42358.225173,42358.225173
2022-02-08,2022,Naive,44167.444795,43888.98012,43888.98012
2022-02-09,2022,Naive,44405.073204,44167.444795,44167.444795
2022-02-10,2022,Naive,43614.342696,44405.073204,44405.073204
2022-02-11,2022,Naive,42357.321742,43614.342696,43614.342696
2022-02-12,2022,Naive,42173.459396,42357.321742,42357.321742
2022-02-13,2022,Naive,42195.594745,42173.459396,42173.459396
2022-02-14,2022,Naive,42646.161859,42195.594745,42195.594745
2022-02-15,2022,Naive,44511.908488,42646.161859,42646.161859
2022-02-16,2022,Naive,44065.709267,44511.908488,44511.908488
2022-02-17,2022,Naive,40610.024262,44065.709267,44065.709267
2022-02-18,2022,Naive,40044.220486,40610.024262,40610.024262
2022-02-19,2022,Naive,40095.887329,40044.220486,40044.220486
2022-02-20,2022,Naive,38551.622497,40095.887329,40095.887329
2022-02-21,2022,Naive,37098.036008,38551.622497,38551.622497
2022-02-22,2022,Naive,38202.594082,37098.036008,37098.036008
2022-02-23,2022,Naive,37308.268734,38202.594082,38202.594082
2022-02-24,2022,Naive,38283.790402,37308.268734,37308.268734
2022-02-25,2022,Naive,39323.770216,38283.790402,38283.790402
2022-02-26,2022,Naive,39056.578152,39323.770216,39323.770216
2022-02-27,2022,Naive,37664.779283,39056.578152,39056.578152
2022-02-28,2022,Naive,43179.254514,37664.779283,37664.779283
2022-03-01,2022,Naive,44334.457582,43179.254514,43179.254514
2022-03-02,2022,Naive,43984.584927,44334.457582,44334.457582
2022-03-03,2022,Naive,42492.774455,43984.584927,43984.584927
2022-03-04,2022,Naive,39106.405216,42492.774455,42492.774455
2022-03-05,2022,Naive,39383.884843,39106.405216,39106.405216
2022-03-06,2022,Naive,38399.342627,39383.884843,39383.884843
2022-03-07,2022,Naive,38146.734273,38399.342627,38399.342627
2022-03-08,2022,Naive,38725.477262,38146.734273,38146.734273
2022-03-09,2022,Naive,41989.402818,38725.477262,38725.477262
2022-03-10,2022,Naive,39482.258467,41989.402818,41989.402818
2022-03-11,2022,Naive,38825.364421,39482.258467,39482.258467
2022-03-12,2022,Naive,38951.130016,38825.364421,38825.364421
2022-03-13,2022,Naive,37808.3174,38951.130016,38951.130016
2022-03-14,2022,Naive,39649.045324,37808.3174,37808.3174
2022-03-15,2022,Naive,39356.8139,39649.045324,39649.045324
2022-03-16,2022,Naive,41101.768579,39356.8139,39356.8139
2022-03-17,2022,Naive,40966.416932,41101.768579,41101.768579
2022-03-18,2022,Naive,41826.116071,40966.416932,40966.416932
2022-03-19,2022,Naive,42193.161536,41826.116071,41826.116071
2022-03-20,2022,Naive,41294.723513,42193.161536,42193.161536
2022-03-21,2022,Naive,41064.429648,41294.723513,41294.723513
2022-03-22,2022,Naive,42383.169519,41064.429648,41064.429648
2022-03-23,2022,Naive,42734.200036,42383.169519,42383.169519
2022-03-24,2022,Naive,43974.593588,42734.200036,42734.200036
2022-03-25,2022,Naive,44347.03428,43974.593588,43974.593588
2022-03-26,2022,Naive,44519.926864,44347.03428,44347.03428
2022-03-27,2022,Naive,46777.205627,44519.926864,44519.926864
2022-03-28,2022,Naive,47223.652886,46777.205627,46777.205627
2022-03-29,2022,Naive,47463.709677,47223.652886,47223.652886
2022-03-30,2022,Naive,47123.297148,47463.709677,47463.709677
2022-03-31,2022,Naive,45562.210667,47123.297148,47123.297148
2022-04-01,2022,Naive,46250.336288,45562.210667,45562.210667
2022-04-02,2022,Naive,45939.897349,46250.336288,46250.336288
2022-04-03,2022,Naive,46440.543854,45939.897349,45939.897349
2022-04-04,2022,Naive,46663.004177,46440.543854,46440.543854
2022-04-05,2022,Naive,45693.035062,46663.004177,46663.004177
2022-04-06,2022,Naive,43304.937199,45693.035062,45693.035062
2022-04-07,2022,Naive,43569.04717,43304.937199,43304.937199
2022-04-08,2022,Naive,42222.068977,43569.04717,43569.04717
2022-04-09,2022,Naive,42680.994736,42222.068977,42222.068977
2022-04-10,2022,Naive,42264.463391,42680.994736,42680.994736
2022-04-11,2022,Naive,39544.025184,42264.463391,42264.463391
2022-04-12,2022,Naive,40096.366975,39544.025184,39544.025184
2022-04-13,2022,Naive,41152.755452,40096.366975,40096.366975
2022-04-14,2022,Naive,39916.496384,41152.755452,41152.755452
2022-04-15,2022,Naive,40527.331957,39916.496384,39916.496384
2022-04-16,2022,Naive,40439.588121,40527.331957,40527.331957
2022-04-17,2022,Naive,39704.78398,40439.588121,40439.588121
2022-04-18,2022,Naive,40818.878603,39704.78398,39704.78398
2022-04-19,2022,Naive,41489.663801,40818.878603,40818.878603
2022-04-20,2022,Naive,41395.644583,41489.663801,41489.663801
2022-04-21,2022,Naive,40457.495942,41395.644583,41395.644583
2022-04-22,2022,Naive,39737.973504,40457.495942,40457.495942
2022-04-23,2022,Naive,39582.454872,39737.973504,39737.973504
2022-04-24,2022,Naive,39511.645693,39582.454872,39582.454872
2022-04-25,2022,Naive,40473.748318,39511.645693,39511.645693
2022-04-26,2022,Naive,38072.800874,40473.748318,40473.748318
2022-04-27,2022,Naive,39218.537617,38072.800874,38072.800874
2022-04-28,2022,Naive,39747.989427,39218.537617,39218.537617
2022-04-29,2022,Naive,38609.505907,39747.989427,39747.989427
2022-04-30,2022,Naive,37714.09498,38609.505907,38609.505907
2022-05-01,2022,Naive,38459.226979,37714.09498,37714.09498
2022-05-02,2022,Naive,38566.062888,38459.226979,38459.226979
2022-05-03,2022,Naive,37704.405315,38566.062888,38566.062888
2022-05-04,2022,Naive,39641.852177,37704.405315,37704.405315
2022-05-05,2022,Naive,36502.02456,39641.852177,39641.852177
2022-05-06,2022,Naive,36042.999558,36502.02456,36502.02456
2022-05-07,2022,Naive,35508.711023,36042.999558,36042.999558
2022-05-08,2022,Naive,34058.906686,35508.711023,35508.711023
2022-05-09,2022,Naive,30457.921819,34058.906686,34058.906686
2022-05-10,2022,Naive,30990.735166,30457.921819,30457.921819
2022-05-11,2022,Naive,28796.556822,30990.735166,30990.735166
2022-05-12,2022,Naive,29030.707042,28796.556822,28796.556822
2022-05-13,2022,Naive,29285.934672,29030.707042,29030.707042
2022-05-14,2022,Naive,30051.935755,29285.934672,29285.934672
2022-05-15,2022,Naive,31182.621246,30051.935755,30051.935755
2022-05-16,2022,Naive,29889.612476,31182.621246,31182.621246
2022-05-17,2022,Naive,30438.194448,29889.612476,29889.612476
2022-05-18,2022,Naive,28771.220479,30438.194448,30438.194448
2022-05-19,2022,Naive,30257.885248,28771.220479,28771.220479
2022-05-20,2022,Naive,29224.245998,30257.885248,30257.885248
2022-05-21,2022,Naive,29420.078286,29224.245998,29224.245998
2022-05-22,2022,Naive,30331.875142,29420.078286,29420.078286
2022-05-23,2022,Naive,29088.251542,30331.875142,30331.875142
2022-05-24,2022,Naive,29643.683756,29088.251542,29088.251542
2022-05-25,2022,Naive,29577.25988,29643.683756,29643.683756
2022-05-26,2022,Naive,29332.486047,29577.25988,29577.25988
2022-05-27,2022,Naive,28612.04131,29332.486047,29332.486047
2022-05-28,2022,Naive,29045.520634,28612.04131,28612.04131
2022-05-29,2022,Naive,29430.06898,29045.520634,29045.520634
2022-05-30,2022,Naive,31735.954972,29430.06898,29430.06898
2022-05-31,2022,Naive,31831.409525,31735.954972,31735.954972
2022-06-01,2022,Naive,29825.922199,31831.409525,31831.409525
2022-06-02,2022,Naive,30504.268,29825.922199,29825.922199
2022-06-03,2022,Naive,29662.670971,30504.268,30504.268
2022-06-04,2022,Naive,29792.407678,29662.670971,29662.670971
2022-06-05,2022,Naive,29915.409301,29792.407678,29792.407678
2022-06-06,2022,Naive,31333.67702,29915.409301,29915.409301
2022-06-07,2022,Naive,31175.032429,31333.67702,31333.67702
2022-06-08,2022,Naive,30228.464698,31175.032429,31175.032429
2022-06-09,2022,Naive,30064.485529,30228.464698,30228.464698
2022-06-10,2022,Naive,29070.40003,30064.485529,30064.485529
2022-06-11,2022,Naive,28360.789923,29070.40003,29070.40003
2022-06-12,2022,Naive,26830.283946,28360.789923,28360.789923
2022-06-13,2022,Naive,22316.25704,26830.283946,26830.283946
2022-06-14,2022,Naive,22072.866309,22316.25704,22316.25704
2022-06-15,2022,Naive,22520.791009,22072.866309,22072.866309
2022-06-16,2022,Naive,20310.176985,22520.791009,22520.791009
2022-06-17,2022,Naive,20464.929087,20310.176985,20310.176985
2022-06-18,2022,Naive,19013.867254,20464.929087,20464.929087
2022-06-19,2022,Naive,20492.295168,19013.867254,19013.867254
2022-06-20,2022,Naive,20571.629225,20492.295168,20492.295168
2022-06-21,2022,Naive,20688.465131,20571.629225,20571.629225
2022-06-22,2022,Naive,20003.168338,20688.465131,20688.465131
2022-06-23,2022,Naive,21097.102833,20003.168338,20003.168338
2022-06-24,2022,Naive,21299.076985,21097.102833,21097.102833
2022-06-25,2022,Naive,21468.343157,21299.076985,21299.076985
2022-06-26,2022,Naive,21066.620943,21468.343157,21468.343157
2022-06-27,2022,Naive,20751.051696,21066.620943,21066.620943
2022-06-28,2022,Naive,20263.219639,20751.051696,20751.051696
2022-06-29,2022,Naive,20080.948086,20263.219639,20263.219639
2022-06-30,2022,Naive,19332.912129,20080.948086,20080.948086
2022-07-01,2022,Naive,19341.863124,19332.912129,19332.912129
2022-07-02,2022,Naive,19231.831708,19341.863124,19341.863124
2022-07-03,2022,Naive,19276.514664,19231.831708,19231.831708
2022-07-04,2022,Naive,20226.298475,19276.514664,19276.514664
2022-07-05,2022,Naive,20193.342794,20226.298475,20226.298475
2022-07-06,2022,Naive,20560.843813,20193.342794,20193.342794
2022-07-07,2022,Naive,21651.419142,20560.843813,20560.843813
2022-07-08,2022,Naive,21813.787124,21651.419142,21651.419142
2022-07-09,2022,Naive,21585.132192,21813.787124,21813.787124
2022-07-10,2022,Naive,20831.273392,21585.132192,21585.132192
2022-07-11,2022,Naive,19971.32947,20831.273392,20831.273392
2022-07-12,2022,Naive,19339.153473,19971.32947,19971.32947
2022-07-13,2022,Naive,20155.527839,19339.153473,19339.153473
2022-07-14,2022,Naive,20552.899029,20155.527839,20155.527839
2022-07-15,2022,Naive,20831.722701,20552.899029,20552.899029
2022-07-16,2022,Naive,21196.509143,20831.722701,20831.722701
2022-07-17,2022,Naive,20827.888609,21196.509143,21196.509143
2022-07-18,2022,Naive,22305.706643,20827.888609,20827.888609
2022-07-19,2022,Naive,23371.20266,22305.706643,22305.706643
2022-07-20,2022,Naive,23280.935668,23371.20266,23371.20266
2022-07-21,2022,Naive,23152.409311,23280.935668,23280.935668
2022-07-22,2022,Naive,22706.083555,23152.409311,23152.409311
2022-07-23,2022,Naive,22484.459232,22706.083555,22706.083555
2022-07-24,2022,Naive,22653.357026,22484.459232,22484.459232
2022-07-25,2022,Naive,21510.125587,22653.357026,22653.357026
2022-07-26,2022,Naive,21181.659197,21510.125587,21510.125587
2022-07-27,2022,Naive,22898.415068,21181.659197,21181.659197
2022-07-28,2022,Naive,23838.556884,22898.415068,22898.415068
2022-07-29,2022,Naive,23950.74038,23838.556884,23838.556884
2022-07-30,2022,Naive,23623.434961,23950.74038,23950.74038
2022-07-31,2022,Naive,23356.172222,23623.434961,23623.434961
2022-08-01,2022,Naive,23331.442697,23356.172222,23356.172222
2022-08-02,2022,Naive,23031.426883,23331.442697,23331.442697
2022-08-03,2022,Naive,22809.747442,23031.426883,23031.426883
2022-08-04,2022,Naive,22628.332082,22809.747442,22809.747442
2022-08-05,2022,Naive,23248.971502,22628.332082,22628.332082
2022-08-06,2022,Naive,22996.275045,23248.971502,23248.971502
2022-08-07,2022,Naive,23153.658471,22996.275045,22996.275045
2022-08-08,2022,Naive,23803.650515,23153.658471,23153.658471
2022-08-09,2022,Naive,23186.291746,23803.650515,23803.650515
2022-08-10,2022,Naive,23923.058483,23186.291746,23186.291746
2022-08-11,2022,Naive,23934.439056,23923.058483,23923.058483
2022-08-12,2022,Naive,24396.308846,23934.439056,23934.439056
2022-08-13,2022,Naive,24426.222575,24396.308846,24396.308846
2022-08-14,2022,Naive,24314.202132,24426.222575,24426.222575
2022-08-15,2022,Naive,24083.953975,24314.202132,24314.202132
2022-08-16,2022,Naive,23868.819353,24083.953975,24083.953975
2022-08-17,2022,Naive,23336.348931,23868.819353,23868.819353
2022-08-18,2022,Naive,23221.170603,23336.348931,23336.348931
2022-08-19,2022,Naive,20906.766314,23221.170603,23221.170603
2022-08-20,2022,Naive,21146.654802,20906.766314,20906.766314
2022-08-21,2022,Naive,21553.996172,21146.654802,21146.654802
2022-08-22,2022,Naive,21301.084058,21553.996172,21553.996172
2022-08-23,2022,Naive,21534.514352,21301.084058,21301.084058
2022-08-24,2022,Naive,21424.972823,21534.514352,21534.514352
2022-08-25,2022,Naive,21587.839584,21424.972823,21424.972823
2022-08-26,2022,Naive,20246.165573,21587.839584,21587.839584
2022-08-27,2022,Naive,20043.990949,20246.165573,20246.165573
2022-08-28,2022,Naive,19673.541219,20043.990949,20043.990949
2022-08-29,2022,Naive,20270.960384,19673.541219,19673.541219
2022-08-30,2022,Naive,19825.463207,20270.960384,20270.960384
2022-08-31,2022,Naive,20024.671606,19825.463207,19825.463207
2022-09-01,2022,Naive,20105.462607,20024.671606,20024.671606
2022-09-02,2022,Naive,19948.856747,20105.462607,20105.462607
2022-09-03,2022,Naive,19803.83327,19948.856747,19948.856747
2022-09-04,2022,Naive,19961.911891,19803.83327,19803.83327
2022-09-05,2022,Naive,19797.796788,19961.911891,19961.911891
2022-09-06,2022,Naive,18846.150537,19797.796788,19797.796788
2022-09-07,2022,Naive,19292.907075,18846.150537,18846.150537
2022-09-08,2022,Naive,19319.124851,19292.907075,19292.907075
2022-09-09,2022,Naive,21363.313615,19319.124851,19319.124851
2022-09-10,2022,Naive,21715.210798,21363.313615,21363.313615
2022-09-11,2022,Naive,21732.770569,21715.210798,21715.210798
2022-09-12,2022,Naive,22365.21456,21732.770569,21732.770569
2022-09-13,2022,Naive,20165.042161,22365.21456,22365.21456
2022-09-14,2022,Naive,20246.366042,20165.042161,20165.042161
2022-09-15,2022,Naive,19696.869866,20246.366042,20246.366042
2022-09-16,2022,Naive,19741.577617,19696.869866,19696.869866
2022-09-17,2022,Naive,20120.702346,19741.577617,19741.577617
2022-09-18,2022,Naive,19427.100263,20120.702346,20120.702346
2022-09-19,2022,Naive,19557.976958,19427.100263,19427.100263
2022-09-20,2022,Naive,18872.949867,19557.976958,19557.976958
2022-09-21,2022,Naive,18506.760748,18872.949867,18872.949867
2022-09-22,2022,Naive,19414.539645,18506.760748,18506.760748
2022-09-23,2022,Naive,19326.86482,19414.539645,19414.539645
2022-09-24,2022,Naive,18924.767787,19326.86482,19326.86482
2022-09-25,2022,Naive,18793.156153,18924.767787,18924.767787
2022-09-26,2022,Naive,19201.131721,18793.156153,18793.156153
2022-09-27,2022,Naive,19106.738914,19201.131721,19201.131721
2022-09-28,2022,Naive,19454.93721,19106.738914,19106.738914
2022-09-29,2022,Naive,19540.866411,19454.93721,19454.93721
2022-09-30,2022,Naive,19435.194692,19540.866411,19540.866411
2022-10-01,2022,Naive,19311.861629,19435.194692,19435.194692
2022-10-02,2022,Naive,19015.292805,19311.861629,19311.861629
2022-10-03,2022,Naive,19633.432586,19015.292805,19015.292805
2022-10-04,2022,Naive,20339.971281,19633.432586,19633.432586
2022-10-05,2022,Naive,20155.099699,20339.971281,20339.971281
2022-10-06,2022,Naive,19950.547796,20155.099699,20155.099699
2022-10-07,2022,Naive,19539.143922,19950.547796,19950.547796
2022-10-08,2022,Naive,19416.177229,19539.143922,19539.143922
2022-10-09,2022,Naive,19428.367132,19416.177229,19416.177229
2022-10-10,2022,Naive,19154.404235,19428.367132,19428.367132
2022-10-11,2022,Naive,19039.282068,19154.404235,19154.404235
2022-10-12,2022,Naive,19156.911565,19039.282068,19039.282068
2022-10-13,2022,Naive,19387.833681,19156.911565,19156.911565
2022-10-14,2022,Naive,19177.694103,19387.833681,19387.833681
2022-10-15,2022,Naive,19069.874927,19177.694103,19177.694103
2022-10-16,2022,Naive,19261.749788,19069.874927,19069.874927
2022-10-17,2022,Naive,19557.021811,19261.749788,19261.749788
2022-10-18,2022,Naive,19341.407554,19557.021811,19557.021811
2022-10-19,2022,Naive,19132.154425,19341.407554,19341.407554
2022-10-20,2022,Naive,19033.376024,19132.154425,19132.154425
2022-10-21,2022,Naive,19174.876349,19033.376024,19033.376024
2022-10-22,2022,Naive,19207.628508,19174.876349,19174.876349
2022-10-23,2022,Naive,19565.412324,19207.628508,19207.628508
2022-10-24,2022,Naive,19341.46021,19565.412324,19565.412324
2022-10-25,2022,Naive,20094.961122,19341.46021,19341.46021
2022-10-26,2022,Naive,20797.030826,20094.961122,20094.961122
2022-10-27,2022,Naive,20280.175128,20797.030826,20797.030826
2022-10-28,2022,Naive,20604.613854,20280.175128,20280.175128
2022-10-29,2022,Naive,20803.899921,20604.613854,20604.613854
2022-10-30,2022,Naive,20616.703377,20803.899921,20803.899921
2022-10-31,2022,Naive,20490.858181,20616.703377,20616.703377
2022-11-01,2022,Naive,20483.966531,20490.858181,20490.858181
2022-11-02,2022,Naive,20148.284554,20483.966531,20483.966531
2022-11-03,2022,Naive,20198.111186,20148.284554,20148.284554
2022-11-04,2022,Naive,21157.244928,20198.111186,20198.111186
2022-11-05,2022,Naive,21283.4716,21157.244928,21157.244928
2022-11-06,2022,Naive,20946.803036,21283.4716,21283.4716
2022-11-07,2022,Naive,20568.565118,20946.803036,20946.803036
2022-11-08,2022,Naive,18520.971164,20568.565118,20568.565118
2022-11-09,2022,Naive,15758.291282,18520.971164,18520.971164
2022-11-10,2022,Naive,17541.560287,15758.291282,15758.291282
2022-11-11,2022,Naive,16916.850631,17541.560287,17541.560287
2022-11-12,2022,Naive,16771.242672,16916.850631,16916.850631
2022-11-13,2022,Naive,16320.498338,16771.242672,16771.242672
2022-11-14,2022,Naive,16629.478415,16320.498338,16320.498338
2022-11-15,2022,Naive,16855.593786,16629.478415,16629.478415
2022-11-16,2022,Naive,16659.606335,16855.593786,16855.593786
2022-11-17,2022,Naive,16675.17902,16659.606335,16659.606335
2022-11-18,2022,Naive,16661.522958,16675.17902,16675.17902
2022-11-19,2022,Naive,16696.004058,16661.522958,16661.522958
2022-11-20,2022,Naive,16246.844699,16696.004058,16696.004058
2022-11-21,2022,Naive,15778.017405,16246.844699,16246.844699
2022-11-22,2022,Naive,16172.889345,15778.017405,15778.017405
2022-11-23,2022,Naive,16574.06173,16172.889345,16172.889345
2022-11-24,2022,Naive,16583.524345,16574.06173,16574.06173
2022-11-25,2022,Naive,16522.388777,16583.524345,16583.524345
2022-11-26,2022,Naive,16448.641308,16522.388777,16522.388777
2022-11-27,2022,Naive,16436.070769,16448.641308,16448.641308
2022-11-28,2022,Naive,16212.581416,16436.070769,16436.070769
2022-11-29,2022,Naive,16443.03682,16212.581416,16212.581416
2022-11-30,2022,Naive,17176.898691,16443.03682,16443.03682
2022-12-01,2022,Naive,16961.291804,17176.898691,17176.898691
2022-12-02,2022,Naive,17075.109137,16961.291804,16961.291804
2022-12-03,2022,Naive,16899.507383,17075.109137,17075.109137
2022-12-04,2022,Naive,17121.714982,16899.507383,16899.507383
2022-12-05,2022,Naive,16961.351787,17121.714982,17121.714982
2022-12-06,2022,Naive,17070.515828,16961.351787,16961.351787
2022-12-07,2022,Naive,16848.251824,17070.515828,17070.515828
2022-12-08,2022,Naive,17231.456322,16848.251824,16848.251824
2022-12-09,2022,Naive,17136.149001,17231.456322,17231.456322
2022-12-10,2022,Naive,17124.21468,17136.149001,17136.149001
2022-12-11,2022,Naive,17094.360659,17124.21468,17124.21468
2022-12-12,2022,Naive,17195.524996,17094.360659,17094.360659
2022-12-13,2022,Naive,17774.916632,17195.524996,17195.524996
2022-12-14,2022,Naive,17809.724084,17774.916632,17774.916632
2022-12-15,2022,Naive,17344.054457,17809.724084,17809.724084
2022-12-16,2022,Naive,16606.110175,17344.054457,17344.054457
2022-12-17,2022,Naive,16774.38537,16606.110175,16606.110175
2022-12-18,2022,Naive,16776.115925,16774.38537,16774.38537
2022-12-19,2022,Naive,16424.131386,16776.115925,16776.115925
2022-12-20,2022,Naive,16901.816936,16424.131386,16424.131386
2022-12-21,2022,Naive,16800.532971,16901.816936,16901.816936
2022-12-22,2022,Naive,16814.222579,16800.532971,16800.532971
2022-12-23,2022,Naive,16780.51698,16814.222579,16814.222579
2022-12-24,2022,Naive,16837.61217,16780.51698,16780.51698
2022-12-25,2022,Naive,16824.838974,16837.61217,16837.61217
2022-12-26,2022,Naive,16879.938227,16824.838974,16824.838974
2022-12-27,2022,Naive,16698.911271,16879.938227,16879.938227
2022-12-28,2022,Naive,16536.2942,16698.911271,16698.911271
2022-12-29,2022,Naive,16630.593155,16536.2942,16536.2942
2022-12-30,2022,Naive,16593.688829,16630.593155,16630.593155
2022-12-31,2022,Naive,16524.217802,16593.688829,16593.688829
2023-01-01,2023,Naive,16606.752043,16524.217802,16524.217802
2023-01-02,2023,Naive,16688.719273,16606.752043,16606.752043
2023-01-03,2023,Naive,16670.077384,16688.719273,16688.719273
2023-01-04,2023,Naive,16848.366039,16670.077384,16670.077384
2023-01-05,2023,Naive,16824.800183,16848.366039,16848.366039
2023-01-06,2023,Naive,16957.862274,16824.800183,16824.800183
2023-01-07,2023,Naive,16942.628589,16957.862274,16957.862274
2023-01-08,2023,Naive,17059.239944,16942.628589,16942.628589
2023-01-09,2023,Naive,17182.319852,17059.239944,17059.239944
2023-01-10,2023,Naive,17433.914632,17182.319852,17182.319852
2023-01-11,2023,Naive,17833.710766,17433.914632,17433.914632
2023-01-12,2023,Naive,18869.704484,17833.710766,17833.710766
2023-01-13,2023,Naive,19868.724745,18869.704484,18869.704484
2023-01-14,2023,Naive,21010.92272,19868.724745,19868.724745
2023-01-15,2023,Naive,20876.008556,21010.92272,21010.92272
2023-01-16,2023,Naive,21180.411949,20876.008556,20876.008556
2023-01-17,2023,Naive,21178.299396,21180.411949,21180.411949
2023-01-18,2023,Naive,20709.668604,21178.299396,21178.299396
2023-01-19,2023,Naive,21071.833415,20709.668604,20709.668604
2023-01-20,2023,Naive,22660.716942,21071.833415,21071.833415
2023-01-21,2023,Naive,22803.172762,22660.716942,22660.716942
2023-01-22,2023,Naive,22716.277197,22803.172762,22803.172762
2023-01-23,2023,Naive,22929.024894,22716.277197,22716.277197
2023-01-24,2023,Naive,22611.126879,22929.024894,22929.024894
2023-01-25,2023,Naive,23109.084519,22611.126879,22611.126879
2023-01-26,2023,Naive,23008.689477,23109.084519,23109.084519
2023-01-27,2023,Naive,23070.496458,23008.689477,23008.689477
2023-01-28,2023,Naive,23008.809465,23070.496458,23070.496458
2023-01-29,2023,Naive,23774.996368,23008.809465,23008.809465
2023-01-30,2023,Naive,22799.427262,23774.996368,23774.996368
2023-01-31,2023,Naive,23130.051913,22799.427262,22799.427262
2023-02-01,2023,Naive,23727.202608,23130.051913,23130.051913
2023-02-02,2023,Naive,23505.604843,23727.202608,23727.202608
2023-02-03,2023,Naive,23445.813177,23505.604843,23505.604843
2023-02-04,2023,Naive,23355.524386,23445.813177,23445.813177
2023-02-05,2023,Naive,22957.225191,23355.524386,23355.524386
2023-02-06,2023,Naive,22745.165037,22957.225191,22957.225191
2023-02-07,2023,Naive,23266.269204,22745.165037,22745.165037
2023-02-08,2023,Naive,22937.579945,23266.269204,23266.269204
2023-02-09,2023,Naive,21818.198946,22937.579945,22937.579945
2023-02-10,2023,Naive,21620.566784,21818.198946,21818.198946
2023-02-11,2023,Naive,21864.862641,21620.566784,21620.566784
2023-02-12,2023,Naive,21772.137325,21864.862641,21864.862641
2023-02-13,2023,Naive,21798.715717,21772.137325,21772.137325
2023-02-14,2023,Naive,22222.415044,21798.715717,21798.715717
2023-02-15,2023,Naive,24304.612983,22222.415044,22222.415044
2023-02-16,2023,Naive,23742.448835,24304.612983,24304.612983
2023-02-17,2023,Naive,24607.335605,23742.448835,23742.448835
2023-02-18,2023,Naive,24636.526613,24607.335605,24607.335605
2023-02-19,2023,Naive,24366.990761,24636.526613,24636.526613
2023-02-20,2023,Naive,24797.843036,24366.990761,24366.990761
2023-02-21,2023,Naive,24400.38939,24797.843036,24797.843036
2023-02-22,2023,Naive,24163.738981,24400.38939,24400.38939
2023-02-23,2023,Naive,23910.03421,24163.738981,24163.738981
2023-02-24,2023,Naive,23175.824204,23910.03421,23910.03421
2023-02-25,2023,Naive,23159.81544,23175.824204,23175.824204
2023-02-26,2023,Naive,23542.096428,23159.81544,23159.81544
2023-02-27,2023,Naive,23504.189418,23542.096428,23542.096428
2023-02-28,2023,Naive,23145.949128,23504.189418,23504.189418
2023-03-01,2023,Naive,23610.65909,23145.949128,23145.949128
2023-03-02,2023,Naive,23470.025482,23610.65909,23610.65909
2023-03-03,2023,Naive,22350.096234,23470.025482,23470.025482
2023-03-04,2023,Naive,22334.285264,22350.096234,22350.096234
2023-03-05,2023,Naive,22419.817139,22334.285264,22334.285264
2023-03-06,2023,Naive,22414.703306,22419.817139,22419.817139
2023-03-07,2023,Naive,22174.648473,22414.703306,22414.703306
2023-03-08,2023,Naive,21701.384623,22174.648473,22174.648473
2023-03-09,2023,Naive,20349.814173,21701.384623,21701.384623
2023-03-10,2023,Naive,20240.406695,20349.814173,20349.814173
2023-03-11,2023,Naive,20585.234329,20240.406695,20240.406695
2023-03-12,2023,Naive,22065.980036,20585.234329,20585.234329
2023-03-13,2023,Naive,24154.429095,22065.980036,22065.980036
2023-03-14,2023,Naive,24769.017569,24154.429095,24154.429095
2023-03-15,2023,Naive,24409.801752,24769.017569,24769.017569
2023-03-16,2023,Naive,25043.238847,24409.801752,24409.801752
2023-03-17,2023,Naive,27450.628293,25043.238847,25043.238847
2023-03-18,2023,Naive,26985.735992,27450.628293,27450.628293
2023-03-19,2023,Naive,28185.204332,26985.735992,26985.735992
2023-03-20,2023,Naive,27834.336109,28185.204332,28185.204332
2023-03-21,2023,Naive,28172.795056,27834.336109,27834.336109
2023-03-22,2023,Naive,27341.55713,28172.795056,28172.795056
2023-03-23,2023,Naive,28387.88975,27341.55713,27341.55713
2023-03-24,2023,Naive,27464.124945,28387.88975,28387.88975
2023-03-25,2023,Naive,27488.95488,27464.124945,27464.124945
2023-03-26,2023,Naive,28049.391691,27488.95488,27488.95488
2023-03-27,2023,Naive,27154.99637,28049.391691,28049.391691
2023-03-28,2023,Naive,27283.963403,27154.99637,27154.99637
2023-03-29,2023,Naive,28389.291778,27283.963403,27283.963403
2023-03-30,2023,Naive,28021.558301,28389.291778,28389.291778
2023-03-31,2023,Naive,28514.681306,28021.558301,28021.558301
2023-04-01,2023,Naive,28494.563886,28514.681306,28514.681306
2023-04-02,2023,Naive,28161.998036,28494.563886,28494.563886
2023-04-03,2023,Naive,27850.979944,28161.998036,28161.998036
2023-04-04,2023,Naive,28113.958519,27850.979944,27850.979944
2023-04-05,2023,Naive,28190.311606,28113.958519,28113.958519
2023-04-06,2023,Naive,28049.074476,28190.311606,28190.311606
2023-04-07,2023,Naive,27936.804261,28049.074476,28049.074476
2023-04-08,2023,Naive,27964.05125,27936.804261,27936.804261
2023-04-09,2023,Naive,28357.80727,27964.05125,27964.05125
2023-04-10,2023,Naive,29687.565185,28357.80727,28357.80727
2023-04-11,2023,Naive,30247.095919,29687.565185,29687.565185
2023-04-12,2023,Naive,29913.003546,30247.095919,30247.095919
2023-04-13,2023,Naive,30370.822072,29913.003546,29913.003546
2023-04-14,2023,Naive,30458.970041,30370.822072,30370.822072
2023-04-15,2023,Naive,30342.059108,30458.970041,30458.970041
2023-04-16,2023,Naive,30312.930853,30342.059108,30342.059108
2023-04-17,2023,Naive,29469.505073,30312.930853,30312.930853
2023-04-18,2023,Naive,30366.872381,29469.505073,29469.505073
2023-04-19,2023,Naive,28796.744095,30366.872381,30366.872381
2023-04-20,2023,Naive,28251.276379,28796.744095,28796.744095
2023-04-21,2023,Naive,27292.021105,28251.276379,28251.276379
2023-04-22,2023,Naive,27827.547592,27292.021105,27292.021105
2023-04-23,2023,Naive,27604.685574,27827.547592,27827.547592
2023-04-24,2023,Naive,27520.199673,27604.685574,27604.685574
2023-04-25,2023,Naive,28302.694218,27520.199673,27520.199673
2023-04-26,2023,Naive,28384.234033,28302.694218,28302.694218
2023-04-27,2023,Naive,29465.551427,28384.234033,28384.234033
2023-04-28,2023,Naive,29350.811887,29465.551427,29465.551427
2023-04-29,2023,Naive,29221.514508,29350.811887,29350.811887
2023-04-30,2023,Naive,29362.086797,29221.514508,29221.514508
2023-05-01,2023,Naive,28114.953187,29362.086797,29362.086797
2023-05-02,2023,Naive,28690.580996,28114.953187,28114.953187
2023-05-03,2023,Naive,29045.042774,28690.580996,28690.580996
2023-05-04,2023,Naive,28855.857447,29045.042774,29045.042774
2023-05-05,2023,Naive,29552.969524,28855.857447,28855.857447
2023-05-06,2023,Naive,28899.46296,29552.969524,29552.969524
2023-05-07,2023,Naive,28761.738434,28899.46296,28899.46296
2023-05-08,2023,Naive,27727.285409,28761.738434,28761.738434
2023-05-09,2023,Naive,27642.428109,27727.285409,27727.285409
2023-05-10,2023,Naive,27646.004902,27642.428109,27642.428109
2023-05-11,2023,Naive,26986.271066,27646.004902,27646.004902
2023-05-12,2023,Naive,26773.344359,26986.271066,26986.271066
2023-05-13,2023,Naive,26841.398291,26773.344359,26773.344359
2023-05-14,2023,Naive,26918.261598,26841.398291,26841.398291
2023-05-15,2023,Naive,27231.621605,26918.261598,26918.261598
2023-05-16,2023,Naive,27025.718186,27231.621605,27231.621605
2023-05-17,2023,Naive,27401.044061,27025.718186,27025.718186
2023-05-18,2023,Naive,26843.235094,27401.044061,27401.044061
2023-05-19,2023,Naive,26889.503632,26843.235094,26843.235094
2023-05-20,2023,Naive,27100.858288,26889.503632,26889.503632
2023-05-21,2023,Naive,26777.097783,27100.858288,27100.858288
2023-05-22,2023,Naive,26858.737064,26777.097783,26777.097783
2023-05-23,2023,Naive,27226.855876,26858.737064,26858.737064
2023-05-24,2023,Naive,26341.430645,27226.855876,27226.855876
2023-05-25,2023,Naive,26484.835923,26341.430645,26341.430645
2023-05-26,2023,Naive,26720.383807,26484.835923,26484.835923
2023-05-27,2023,Naive,26854.54037,26720.383807,26720.383807
2023-05-28,2023,Naive,28097.521126,26854.54037,26854.54037
2023-05-29,2023,Naive,27765.072869,28097.521126,28097.521126
2023-05-30,2023,Naive,27712.491584,27765.072869,27765.072869
2023-05-31,2023,Naive,27217.683258,27712.491584,27712.491584
2023-06-01,2023,Naive,26825.371345,27217.683258,27217.683258
2023-06-02,2023,Naive,27255.227994,26825.371345,26825.371345
2023-06-03,2023,Naive,27079.408464,27255.227994,27255.227994
2023-06-04,2023,Naive,27158.25457,27079.408464,27079.408464
2023-06-05,2023,Naive,25785.851484,27158.25457,27158.25457
2023-06-06,2023,Naive,27213.770519,25785.851484,25785.851484
2023-06-07,2023,Naive,26339.579029,27213.770519,27213.770519
2023-06-08,2023,Naive,26521.693601,26339.579029,26339.579029
2023-06-09,2023,Naive,26470.677578,26521.693601,26521.693601
2023-06-10,2023,Naive,25863.213851,26470.677578,26470.677578
2023-06-11,2023,Naive,25906.828152,25863.213851,25863.213851
2023-06-12,2023,Naive,25906.751935,25906.828152,25906.828152
2023-06-13,2023,Naive,25880.859973,25906.751935,25906.751935
2023-06-14,2023,Naive,25097.58538,25880.859973,25880.859973
2023-06-15,2023,Naive,25559.143329,25097.58538,25097.58538
2023-06-16,2023,Naive,26331.820094,25559.143329,25559.143329
2023-06-17,2023,Naive,26514.17135,26331.820094,26331.820094
2023-06-18,2023,Naive,26353.962683,26514.17135,26514.17135
2023-06-19,2023,Naive,26778.063442,26353.962683,26353.962683
2023-06-20,2023,Naive,28305.420457,26778.063442,26778.063442
2023-06-21,2023,Naive,30099.515351,28305.420457,28305.420457
2023-06-22,2023,Naive,29952.511287,30099.515351,30099.515351
2023-06-23,2023,Naive,30638.353764,29952.511287,29952.511287
2023-06-24,2023,Naive,30549.016287,30638.353764,30638.353764
2023-06-25,2023,Naive,30467.440371,30549.016287,30549.016287
2023-06-26,2023,Naive,30255.886124,30467.440371,30467.440371
2023-06-27,2023,Naive,30667.076295,30255.886124,30255.886124
2023-06-28,2023,Naive,30104.043272,30667.076295,30667.076295
2023-06-29,2023,Naive,30460.792978,30104.043272,30104.043272
2023-06-30,2023,Naive,30484.503258,30460.792978,30460.792978
2023-07-01,2023,Naive,30581.688966,30484.503258,30484.503258
2023-07-02,2023,Naive,30594.216474,30581.688966,30581.688966
2023-07-03,2023,Naive,31135.357599,30594.216474,30594.216474
2023-07-04,2023,Naive,30799.947456,31135.357599,31135.357599
2023-07-05,2023,Naive,30497.822128,30799.947456,30799.947456
2023-07-06,2023,Naive,29979.729809,30497.822128,30497.822128
2023-07-07,2023,Naive,30329.882979,29979.729809,29979.729809
2023-07-08,2023,Naive,30263.619634,30329.882979,30329.882979
2023-07-09,2023,Naive,30163.221056,30263.619634,30263.619634
2023-07-10,2023,Naive,30394.655581,30163.221056,30163.221056
2023-07-11,2023,Naive,30616.247094,30394.655581,30394.655581
2023-07-12,2023,Naive,30385.608785,30616.247094,30616.247094
2023-07-13,2023,Naive,31434.73547,30385.608785,30385.608785
2023-07-14,2023,Naive,30310.67202,31434.73547,31434.73547
2023-07-15,2023,Naive,30290.890596,30310.67202,30310.67202
2023-07-16,2023,Naive,30249.772966,30290.890596,30290.890596
2023-07-17,2023,Naive,30143.746274,30249.772966,30249.772966
2023-07-18,2023,Naive,29835.747408,30143.746274,30143.746274
2023-07-19,2023,Naive,29913.029465,29835.747408,29835.747408
2023-07-20,2023,Naive,29805.606571,29913.029465,29913.029465
2023-07-21,2023,Naive,29919.693492,29805.606571,29805.606571
2023-07-22,2023,Naive,29726.009627,29919.693492,29919.693492
2023-07-23,2023,Naive,30066.572448,29726.009627,29726.009627
2023-07-24,2023,Naive,29178.359704,30066.572448,30066.572448
2023-07-25,2023,Naive,29221.254853,29178.359704,29178.359704
2023-07-26,2023,Naive,29361.591758,29221.254853,29221.254853
2023-07-27,2023,Naive,29201.686518,29361.591758,29361.591758
2023-07-28,2023,Naive,29316.313075,29201.686518,29201.686518
2023-07-29,2023,Naive,29360.376179,29316.313075,29316.313075
2023-07-30,2023,Naive,29262.836734,29360.376179,29360.376179
2023-07-31,2023,Naive,29219.820189,29262.836734,29262.836734
2023-08-01,2023,Naive,29499.587539,29219.820189,29219.820189
2023-08-02,2023,Naive,29143.151962,29499.587539,29499.587539
2023-08-03,2023,Naive,29192.344862,29143.151962,29143.151962
2023-08-04,2023,Naive,29057.253244,29192.344862,29192.344862
2023-08-05,2023,Naive,29053.095698,29057.253244,29057.253244
2023-08-06,2023,Naive,29048.043328,29053.095698,29053.095698
2023-08-07,2023,Naive,29164.358587,29048.043328,29048.043328
2023-08-08,2023,Naive,29779.511384,29164.358587,29164.358587
2023-08-09,2023,Naive,29582.944238,29779.511384,29779.511384
2023-08-10,2023,Naive,29430.159912,29582.944238,29582.944238
2023-08-11,2023,Naive,29399.78474,29430.159912,29430.159912
2023-08-12,2023,Naive,29415.733902,29399.78474,29399.78474
2023-08-13,2023,Naive,29286.117611,29415.733902,29415.733902
2023-08-14,2023,Naive,29408.971713,29286.117611,29286.117611
2023-08-15,2023,Naive,29167.597217,29408.971713,29408.971713
2023-08-16,2023,Naive,28754.292408,29167.597217,29167.597217
2023-08-17,2023,Naive,26660.562726,28754.292408,28754.292408
2023-08-18,2023,Naive,26037.365847,26660.562726,26660.562726
2023-08-19,2023,Naive,26093.981808,26037.365847,26037.365847
2023-08-20,2023,Naive,26176.472164,26093.981808,26093.981808
2023-08-21,2023,Naive,26128.905016,26176.472164,26176.472164
2023-08-22,2023,Naive,25978.209691,26128.905016,26128.905016
2023-08-23,2023,Naive,26452.193588,25978.209691,25978.209691
2023-08-24,2023,Naive,26126.794333,26452.193588,26452.193588
2023-08-25,2023,Naive,26040.881255,26126.794333,26126.794333
2023-08-26,2023,Naive,26006.17408,26040.881255,26040.881255
2023-08-27,2023,Naive,26086.361259,26006.17408,26006.17408
2023-08-28,2023,Naive,26103.276573,26086.361259,26086.361259
2023-08-29,2023,Naive,27672.222131,26103.276573,26103.276573
2023-08-30,2023,Naive,27298.99778,27672.222131,27672.222131
2023-08-31,2023,Naive,25954.866594,27298.99778,27298.99778
2023-09-01,2023,Naive,25802.78853,25954.866594,25954.866594
2023-09-02,2023,Naive,25868.296098,25802.78853,25802.78853
2023-09-03,2023,Naive,25962.547569,25868.296098,25868.296098
2023-09-04,2023,Naive,25799.525687,25962.547569,25962.547569
2023-09-05,2023,Naive,25782.36222,25799.525687,25799.525687
2023-09-06,2023,Naive,25754.790268,25782.36222,25782.36222
2023-09-07,2023,Naive,26210.604564,25754.790268,25754.790268
2023-09-08,2023,Naive,25904.698213,26210.604564,26210.604564
2023-09-09,2023,Naive,25894.620598,25904.698213,25904.698213
2023-09-10,2023,Naive,25831.46478,25894.620598,25894.620598
2023-09-11,2023,Naive,25135.039378,25831.46478,25831.46478
2023-09-12,2023,Naive,25859.701807,25135.039378,25135.039378
2023-09-13,2023,Naive,26226.866752,25859.701807,25859.701807
2023-09-14,2023,Naive,26556.056943,26226.866752,26226.866752
2023-09-15,2023,Naive,26672.616082,26556.056943,26556.056943
2023-09-16,2023,Naive,26555.636103,26672.616082,26672.616082
2023-09-17,2023,Naive,26502.432119,26555.636103,26555.636103
2023-09-18,2023,Naive,26764.631906,26502.432119,26502.432119
2023-09-19,2023,Naive,27215.050485,26764.631906,26764.631906
2023-09-20,2023,Naive,27133.403724,27215.050485,27215.050485
2023-09-21,2023,Naive,26571.595292,27133.403724,27133.403724
2023-09-22,2023,Naive,26581.147612,26571.595292,26571.595292
2023-09-23,2023,Naive,26575.776387,26581.147612,26581.147612
2023-09-24,2023,Naive,26286.641049,26575.776387,26575.776387
2023-09-25,2023,Naive,26288.809501,26286.641049,26286.641049
2023-09-26,2023,Naive,26194.537888,26288.809501,26288.809501
2023-09-27,2023,Naive,26336.082597,26194.537888,26194.537888
2023-09-28,2023,Naive,27033.425442,26336.082597,26336.082597
2023-09-29,2023,Naive,26911.251474,27033.425442,27033.425442
2023-09-30,2023,Naive,26977.693313,26911.251474,26911.251474
2023-10-01,2023,Naive,27950.145359,26977.693313,26977.693313
2023-10-02,2023,Naive,27565.889295,27950.145359,27950.145359
2023-10-03,2023,Naive,27439.142239,27565.889295,27565.889295
2023-10-04,2023,Naive,27797.251177,27439.142239,27439.142239
2023-10-05,2023,Naive,27426.345093,27797.251177,27797.251177
2023-10-06,2023,Naive,27941.963376,27426.345093,27426.345093
2023-10-07,2023,Naive,27972.75157,27941.963376,27941.963376
2023-10-08,2023,Naive,27936.326116,27972.75157,27972.75157
2023-10-09,2023,Naive,27591.346762,27936.326116,27936.326116
2023-10-10,2023,Naive,27419.79718,27591.346762,27591.346762
2023-10-11,2023,Naive,26828.172571,27419.79718,27419.79718
2023-10-12,2023,Naive,26741.340599,26828.172571,26828.172571
2023-10-13,2023,Naive,26842.44677,26741.340599,26741.340599
2023-10-14,2023,Naive,26861.989238,26842.44677,26842.44677
2023-10-15,2023,Naive,27130.306709,26861.989238,26861.989238
2023-10-16,2023,Naive,28506.793674,27130.306709,27130.306709
2023-10-17,2023,Naive,28433.205152,28506.793674,28506.793674
2023-10-18,2023,Naive,28328.07502,28433.205152,28433.205152
2023-10-19,2023,Naive,28690.358041,28328.07502,28328.07502
2023-10-20,2023,Naive,29704.985367,28690.358041,28690.358041
2023-10-21,2023,Naive,29922.546404,29704.985367,29704.985367
2023-10-22,2023,Naive,29984.15932,29922.546404,29922.546404
2023-10-23,2023,Naive,32954.169048,29984.15932,29984.15932
2023-10-24,2023,Naive,33880.956654,32954.169048,32954.169048
2023-10-25,2023,Naive,34488.658921,33880.956654,33880.956654
2023-10-26,2023,Naive,34181.492252,34488.658921,34488.658921
2023-10-27,2023,Naive,33896.938528,34181.492252,34181.492252
2023-10-28,2023,Naive,34091.589033,33896.938528,33896.938528
2023-10-29,2023,Naive,34574.337721,34091.589033,34091.589033
2023-10-30,2023,Naive,34495.105021,34574.337721,34574.337721
2023-10-31,2023,Naive,34636.426474,34495.105021,34495.105021
2023-11-01,2023,Naive,35431.979453,34636.426474,34636.426474
2023-11-02,2023,Naive,34882.917337,35431.979453,35431.979453
2023-11-03,2023,Naive,34708.22188,34882.917337,34882.917337
2023-11-04,2023,Naive,35091.076306,34708.22188,34708.22188
2023-11-05,2023,Naive,35105.042027,35091.076306,35091.076306
2023-11-06,2023,Naive,35017.715148,35105.042027,35105.042027
2023-11-07,2023,Naive,35418.47689,35017.715148,35017.715148
2023-11-08,2023,Naive,35797.894609,35418.47689,35418.47689
2023-11-09,2023,Naive,36675.326433,35797.894609,35797.894609
2023-11-10,2023,Naive,37367.494372,36675.326433,36675.326433
2023-11-11,2023,Naive,36979.931241,37367.494372,37367.494372
2023-11-12,2023,Naive,37053.341051,36979.931241,36979.931241
2023-11-13,2023,Naive,36543.268087,37053.341051,37053.341051
2023-11-14,2023,Naive,35590.683565,36543.268087,36543.268087
2023-11-15,2023,Naive,37840.553489,35590.683565,35590.683565
2023-11-16,2023,Naive,36160.404451,37840.553489,37840.553489
2023-11-17,2023,Naive,36569.712053,36160.404451,36160.404451
2023-11-18,2023,Naive,36577.424962,36569.712053,36569.712053
2023-11-19,2023,Naive,37442.728512,36577.424962,36577.424962
2023-11-20,2023,Naive,37516.050371,37442.728512,37442.728512
2023-11-21,2023,Naive,36035.033086,37516.050371,37516.050371
2023-11-22,2023,Naive,37403.034717,36035.033086,36035.033086
2023-11-23,2023,Naive,37311.719216,37403.034717,37403.034717
2023-11-24,2023,Naive,37718.784163,37311.719216,37311.719216
2023-11-25,2023,Naive,37800.126093,37718.784163,37718.784163
2023-11-26,2023,Naive,37482.705526,37800.126093,37800.126093
2023-11-27,2023,Naive,37229.24522,37482.705526,37482.705526
2023-11-28,2023,Naive,37828.465591,37229.24522,37229.24522
2023-11-29,2023,Naive,37846.853123,37828.465591,37828.465591
2023-11-30,2023,Naive,37712.711479,37846.853123,37846.853123
2023-12-01,2023,Naive,38703.553682,37712.711479,37712.711479
2023-12-02,2023,Naive,39462.279927,38703.553682,38703.553682
2023-12-03,2023,Naive,39978.22261,39462.279927,39462.279927
2023-12-04,2023,Naive,41910.299482,39978.22261,39978.22261
2023-12-05,2023,Naive,44067.005476,41910.299482,41910.299482
2023-12-06,2023,Naive,43745.834391,44067.005476,44067.005476
2023-12-07,2023,Naive,43282.618226,43745.834391,43745.834391
2023-12-08,2023,Naive,44205.052209,43282.618226,43282.618226
2023-12-09,2023,Naive,43740.006393,44205.052209,44205.052209
2023-12-10,2023,Naive,43732.71209,43740.006393,43740.006393
2023-12-11,2023,Naive,41209.89479,43732.71209,43732.71209
2023-12-12,2023,Naive,41467.27357,41209.89479,41209.89479
2023-12-13,2023,Naive,42939.060758,41467.27357,41467.27357
2023-12-14,2023,Naive,43033.137156,42939.060758,42939.060758
2023-12-15,2023,Naive,41978.09702,43033.137156,43033.137156
2023-12-16,2023,Naive,42203.214045,41978.09702,41978.09702
2023-12-17,2023,Naive,41428.665786,42203.214045,42203.214045
2023-12-18,2023,Naive,42635.733191,41428.665786,41428.665786
2023-12-19,2023,Naive,42271.863026,42635.733191,42635.733191
2023-12-20,2023,Naive,43605.155555,42271.863026,42271.863026
2023-12-21,2023,Naive,43870.238234,43605.155555,43605.155555
2023-12-22,2023,Naive,44009.501655,43870.238234,43870.238234
2023-12-23,2023,Naive,43768.806752,44009.501655,44009.501655
2023-12-24,2023,Naive,43097.809326,43768.806752,43768.806752
2023-12-25,2023,Naive,43623.750403,43097.809326,43097.809326
2023-12-26,2023,Naive,42491.122908,43623.750403,43623.750403
2023-12-27,2023,Naive,43436.959427,42491.122908,42491.122908
2023-12-28,2023,Naive,42670.679718,43436.959427,43436.959427
2023-12-29,2023,Naive,41998.603344,42670.679718,42670.679718
2023-12-30,2023,Naive,42204.491774,41998.603344,41998.603344
2023-12-31,2023,Naive,42217.158791,42204.491774,42204.491774
2024-01-01,2024,Naive,44049.473553,42217.158791,42217.158791
2024-01-02,2024,Naive,44941.160494,44049.473553,44049.473553
2024-01-03,2024,Naive,42773.651542,44941.160494,44941.160494
2024-01-04,2024,Naive,44250.745267,42773.651542,42773.651542
2024-01-05,2024,Naive,44146.322202,44250.745267,44250.745267
2024-01-06,2024,Naive,43917.979815,44146.322202,44146.322202
2024-01-07,2024,Naive,43844.19595,43917.979815,43917.979815
2024-01-08,2024,Naive,46981.3243,43844.19595,43844.19595
2024-01-09,2024,Naive,46084.005795,46981.3243,46981.3243
2024-01-10,2024,Naive,46818.159276,46084.005795,46084.005795
2024-01-11,2024,Naive,46380.870808,46818.159276,46818.159276
2024-01-12,2024,Naive,42817.430536,46380.870808,46380.870808
2024-01-13,2024,Naive,42846.95447,42817.430536,42817.430536
2024-01-14,2024,Naive,41888.151307,42846.95447,42846.95447
2024-01-15,2024,Naive,42528.919249,41888.151307,41888.151307
2024-01-16,2024,Naive,43171.447224,42528.919249,42528.919249
2024-01-17,2024,Naive,42689.304327,43171.447224,43171.447224
2024-01-18,2024,Naive,41261.907618,42689.304327,42689.304327
2024-01-19,2024,Naive,41606.853533,41261.907618,41261.907618
2024-01-20,2024,Naive,41668.69041,41606.853533,41606.853533
2024-01-21,2024,Naive,41537.112356,41668.69041,41668.69041
2024-01-22,2024,Naive,39577.09986,41537.112356,41537.112356
2024-01-23,2024,Naive,39737.314362,39577.09986,39577.09986
2024-01-24,2024,Naive,40101.856898,39737.314362,39737.314362
2024-01-25,2024,Naive,39917.661146,40101.856898,40101.856898
2024-01-26,2024,Naive,41860.731046,39917.661146,39917.661146
2024-01-27,2024,Naive,42125.301416,41860.731046,41860.731046
2024-01-28,2024,Naive,41983.020274,42125.301416,42125.301416
2024-01-29,2024,Naive,43218.347082,41983.020274,41983.020274
2024-01-30,2024,Naive,42950.054128,43218.347082,43218.347082
2024-01-31,2024,Naive,42589.470806,42950.054128,42950.054128
2024-02-01,2024,Naive,43020.359655,42589.470806,42589.470806
2024-02-02,2024,Naive,43155.385203,43020.359655,43020.359655
2024-02-03,2024,Naive,42982.378998,43155.385203,43155.385203
2024-02-04,2024,Naive,42576.291305,42982.378998,42982.378998
2024-02-05,2024,Naive,42619.274274,42576.291305,42576.291305
2024-02-06,2024,Naive,43102.706263,42619.274274,42619.274274
2024-02-07,2024,Naive,44253.031473,43102.706263,43102.706263
2024-02-08,2024,Naive,45332.091572,44253.031473,44253.031473
2024-02-09,2024,Naive,47176.966514,45332.091572,45332.091572
2024-02-10,2024,Naive,47792.897216,47176.966514,47176.966514
2024-02-11,2024,Naive,48200.798606,47792.897216,47792.897216
2024-02-12,2024,Naive,49989.803717,48200.798606,48200.798606
2024-02-13,2024,Naive,49628.094153,49989.803717,49989.803717
2024-02-14,2024,Naive,51844.292919,49628.094153,49628.094153
2024-02-15,2024,Naive,51939.147292,51844.292919,51844.292919
2024-02-16,2024,Naive,52157.312398,51939.147292,51939.147292
2024-02-17,2024,Naive,51674.815852,52157.312398,52157.312398
2024-02-18,2024,Naive,52148.064537,51674.815852,51674.815852
2024-02-19,2024,Naive,51804.805154,52148.064537,52148.064537
2024-02-20,2024,Naive,52308.053171,51804.805154,51804.805154
2024-02-21,2024,Naive,51744.321808,52308.053171,52308.053171
2024-02-22,2024,Naive,51292.325257,51744.321808,51744.321808
2024-02-23,2024,Naive,50789.143176,51292.325257,51292.325257
2024-02-24,2024,Naive,51578.234916,50789.143176,50789.143176
2024-02-25,2024,Naive,51746.478967,51578.234916,51578.234916
2024-02-26,2024,Naive,54551.825918,51746.478967,51746.478967
2024-02-27,2024,Naive,57049.88822,54551.825918,54551.825918
2024-02-28,2024,Naive,62460.74062,57049.88822,57049.88822
2024-02-29,2024,Naive,61394.781852,62460.74062,62460.74062
2024-03-01,2024,Naive,62524.401817,61394.781852,61394.781852
2024-03-02,2024,Naive,62049.614564,62524.401817,62524.401817
2024-03-03,2024,Naive,62991.442291,62049.614564,62049.614564
2024-03-04,2024,Naive,68091.838824,62991.442291,62991.442291
2024-03-05,2024,Naive,63950.52433,68091.838824,68091.838824
2024-03-06,2024,Naive,66103.72154,63950.52433,63950.52433
2024-03-07,2024,Naive,67070.379148,66103.72154,66103.72154
2024-03-08,2024,Naive,68343.714955,67070.379148,67070.379148
2024-03-09,2024,Naive,68502.505339,68343.714955,68343.714955
2024-03-10,2024,Naive,68882.25134,68502.505339,68502.505339
2024-03-11,2024,Naive,72198.087534,68882.25134,68882.25134
2024-03-12,2024,Naive,71432.728302,72198.087534,72198.087534
2024-03-13,2024,Naive,73081.575905,71432.728302,71432.728302
2024-03-14,2024,Naive,71505.272908,73081.575905,73081.575905
2024-03-15,2024,Naive,69424.914175,71505.272908,71505.272908
2024-03-16,2024,Naive,65433.681901,69424.914175,69424.914175
2024-03-17,2024,Naive,68285.089169,65433.681901,65433.681901
2024-03-18,2024,Naive,67770.886525,68285.089169,68285.089169
2024-03-19,2024,Naive,61969.307539,67770.886525,67770.886525
2024-03-20,2024,Naive,67848.10764,61969.307539,61969.307539
2024-03-21,2024,Naive,65454.735723,67848.10764,67848.10764
2024-03-22,2024,Naive,63486.485,65454.735723,65454.735723
2024-03-23,2024,Naive,64361.242905,63486.485,63486.485
2024-03-24,2024,Naive,67289.565831,64361.242905,64361.242905
2024-03-25,2024,Naive,70042.020424,67289.565831,67289.565831
2024-03-26,2024,Naive,70071.047214,70042.020424,70042.020424
2024-03-27,2024,Naive,69267.887982,70071.047214,70071.047214
2024-03-28,2024,Naive,70826.896871,69267.887982,69267.887982
2024-03-29,2024,Naive,69917.043007,70826.896871,70826.896871
2024-03-30,2024,Naive,69663.011907,69917.043007,69917.043007
2024-03-31,2024,Naive,71227.451794,69663.011907,69663.011907
2024-04-01,2024,Naive,69791.627731,71227.451794,71227.451794
2024-04-02,2024,Naive,65533.754835,69791.627731,69791.627731
2024-04-03,2024,Naive,66130.216239,65533.754835,65533.754835
2024-04-04,2024,Naive,68438.135025,66130.216239,66130.216239
2024-04-05,2024,Naive,67904.909477,68438.135025,68438.135025
2024-04-06,2024,Naive,69136.071078,67904.909477,67904.909477
2024-04-07,2024,Naive,69392.683011,69136.071078,69136.071078
2024-04-08,2024,Naive,71712.797284,69392.683011,69392.683011
2024-04-09,2024,Naive,69074.541864,71712.797284,71712.797284
2024-04-10,2024,Naive,70579.445677,69074.541864,69074.541864
2024-04-11,2024,Naive,70046.553606,70579.445677,70579.445677
2024-04-12,2024,Naive,67098.113692,70046.553606,70046.553606
2024-04-13,2024,Naive,64551.648288,67098.113692,67098.113692
2024-04-14,2024,Naive,65648.80996,64551.648288,64551.648288
2024-04-15,2024,Naive,63393.325166,65648.80996,65648.80996
2024-04-16,2024,Naive,63784.820334,63393.325166,63393.325166
2024-04-17,2024,Naive,61324.218429,63784.820334,63784.820334
2024-04-18,2024,Naive,63510.145003,61324.218429,61324.218429
2024-04-19,2024,Naive,63762.63103,63510.145003,63510.145003
2024-04-20,2024,Naive,64907.992837,63762.63103,63762.63103
2024-04-21,2024,Naive,64968.19262,64907.992837,64907.992837
2024-04-22,2024,Naive,66944.596091,64968.19262,64968.19262
2024-04-23,2024,Naive,66385.300292,66944.596091,66944.596091
2024-04-24,2024,Naive,64189.967906,66385.300292,66385.300292
2024-04-25,2024,Naive,64515.387473,64189.967906,64189.967906
2024-04-26,2024,Naive,63777.4715,64515.387473,64515.387473
2024-04-27,2024,Naive,63429.309965,63777.4715,63777.4715
2024-04-28,2024,Naive,62978.577005,63429.309965,63429.309965
2024-04-29,2024,Naive,63908.388877,62978.577005,62978.577005
2024-04-30,2024,Naive,60636.326163,63908.388877,63908.388877
2024-05-01,2024,Naive,58141.77728,60636.326163,60636.326163
2024-05-02,2024,Naive,59170.108894,58141.77728,58141.77728
2024-05-03,2024,Naive,62983.655478,59170.108894,59170.108894
2024-05-04,2024,Naive,63881.130543,62983.655478,62983.655478
2024-05-05,2024,Naive,64067.595992,63881.130543,63881.130543
2024-05-06,2024,Naive,63228.103134,64067.595992,64067.595992
2024-05-07,2024,Naive,62396.99972,63228.103134,63228.103134
2024-05-08,2024,Naive,61079.274428,62396.99972,62396.99972
2024-05-09,2024,Naive,62998.490338,61079.274428,61079.274428
2024-05-10,2024,Naive,60896.641888,62998.490338,62998.490338
2024-05-11,2024,Naive,60843.572924,60896.641888,60896.641888
2024-05-12,2024,Naive,61431.274688,60843.572924,60843.572924
2024-05-13,2024,Naive,62886.939449,61431.274688,61431.274688
2024-05-14,2024,Naive,61555.567005,62886.939449,62886.939449
2024-05-15,2024,Naive,66281.532254,61555.567005,61555.567005
2024-05-16,2024,Naive,65269.260325,66281.532254,66281.532254
2024-05-17,2024,Naive,66956.440948,65269.260325,65269.260325
2024-05-18,2024,Naive,66977.600691,66956.440948,66956.440948
2024-05-19,2024,Naive,66259.470426,66977.600691,66977.600691
2024-05-20,2024,Naive,71202.20259,66259.470426,66259.470426
2024-05-21,2024,Naive,70217.254691,71202.20259,71202.20259
2024-05-22,2024,Naive,69074.914135,70217.254691,70217.254691
2024-05-23,2024,Naive,67758.730659,69074.914135,69074.914135
2024-05-24,2024,Naive,68608.99828,67758.730659,67758.730659
2024-05-25,2024,Naive,69282.792598,68608.99828,68608.99828
2024-05-26,2024,Naive,68445.006953,69282.792598,69282.792598
2024-05-27,2024,Naive,69347.81526,68445.006953,68445.006953
2024-05-28,2024,Naive,68342.820449,69347.81526,69347.81526
2024-05-29,2024,Naive,67584.26324,68342.820449,68342.820449
2024-05-30,2024,Naive,68375.476026,67584.26324,67584.26324
2024-05-31,2024,Naive,67377.762612,68375.476026,68375.476026
2024-06-01,2024,Naive,67714.35264,67377.762612,67377.762612
2024-06-02,2024,Naive,67805.485574,67714.35264,67714.35264
2024-06-03,2024,Naive,68833.302835,67805.485574,67805.485574
2024-06-04,2024,Naive,70554.089433,68833.302835,68833.302835
2024-06-05,2024,Naive,71087.443316,70554.089433,70554.089433
2024-06-06,2024,Naive,70788.501376,71087.443316,71087.443316
2024-06-07,2024,Naive,69338.157324,70788.501376,70788.501376
2024-06-08,2024,Naive,69310.109262,69338.157324,69338.157324
2024-06-09,2024,Naive,69644.019089,69310.109262,69310.109262
2024-06-10,2024,Naive,69465.936248,69644.019089,69644.019089
2024-06-11,2024,Naive,67368.263506,69465.936248,69465.936248
2024-06-12,2024,Naive,68213.834684,67368.263506,67368.263506
2024-06-13,2024,Naive,66783.490277,68213.834684,68213.834684
2024-06-14,2024,Naive,65982.18652,66783.490277,66783.490277
2024-06-15,2024,Naive,66204.904308,65982.18652,65982.18652
2024-06-16,2024,Naive,66622.599934,66204.904308,66204.904308
2024-06-17,2024,Naive,66483.878526,66622.599934,66622.599934
2024-06-18,2024,Naive,65112.123002,66483.878526,66483.878526
2024-06-19,2024,Naive,64878.714153,65112.123002,65112.123002
2024-06-20,2024,Naive,64897.701154,64878.714153,64878.714153
2024-06-21,2024,Naive,64086.048923,64897.701154,64897.701154
2024-06-22,2024,Naive,64258.135506,64086.048923,64086.048923
2024-06-23,2024,Naive,63345.021876,64258.135506,64258.135506
2024-06-24,2024,Naive,60258.955437,63345.021876,63345.021876
2024-06-25,2024,Naive,61739.665848,60258.955437,60258.955437
2024-06-26,2024,Naive,60794.476058,61739.665848,61739.665848
2024-06-27,2024,Naive,61569.923428,60794.476058,60794.476058
2024-06-28,2024,Naive,60303.314736,61569.923428,61569.923428
2024-06-29,2024,Naive,60889.329843,60303.314736,60303.314736
2024-06-30,2024,Naive,62763.279686,60889.329843,60889.329843
2024-07-01,2024,Naive,62835.399765,62763.279686,62763.279686
2024-07-02,2024,Naive,62028.617039,62835.399765,62835.399765
2024-07-03,2024,Naive,60216.392086,62028.617039,62028.617039
2024-07-04,2024,Naive,57418.242021,60216.392086,60216.392086
2024-07-05,2024,Naive,56720.988126,57418.242021,57418.242021
2024-07-06,2024,Naive,58259.221773,56720.988126,56720.988126
2024-07-07,2024,Naive,56112.572559,58259.221773,58259.221773
2024-07-08,2024,Naive,56691.914906,56112.572559,56112.572559
2024-07-09,2024,Naive,57981.432097,56691.914906,56691.914906
2024-07-10,2024,Naive,57722.011353,57981.432097,57981.432097
2024-07-11,2024,Naive,57307.712738,57722.011353,57722.011353
2024-07-12,2024,Naive,57859.120282,57307.712738,57307.712738
2024-07-13,2024,Naive,59329.037202,57859.120282,57859.120282
2024-07-14,2024,Naive,61015.033941,59329.037202,59329.037202
2024-07-15,2024,Naive,64734.76117,61015.033941,61015.033941
2024-07-16,2024,Naive,65118.826658,64734.76117,64734.76117
2024-07-17,2024,Naive,64201.370781,65118.826658,65118.826658
2024-07-18,2024,Naive,63984.302202,64201.370781,64201.370781
2024-07-19,2024,Naive,66755.783383,63984.302202,63984.302202
2024-07-20,2024,Naive,67185.497811,66755.783383,66755.783383
2024-07-21,2024,Naive,68056.620122,67185.497811,67185.497811
2024-07-22,2024,Naive,67535.197674,68056.620122,68056.620122
2024-07-23,2024,Naive,65916.408162,67535.197674,67535.197674
2024-07-24,2024,Naive,65353.385778,65916.408162,65916.408162
2024-07-25,2024,Naive,65722.061192,65353.385778,65353.385778
2024-07-26,2024,Naive,67912.243309,65722.061192,65722.061192
2024-07-27,2024,Naive,68077.373081,67912.243309,67912.243309
2024-07-28,2024,Naive,68170.669131,68077.373081,68077.373081
2024-07-29,2024,Naive,66867.167277,68170.669131,68170.669131
2024-07-30,2024,Naive,66186.914686,66867.167277,66867.167277
2024-07-31,2024,Naive,64690.634039,66186.914686,66186.914686
2024-08-01,2024,Naive,65178.055489,64690.634039,64690.634039
2024-08-02,2024,Naive,61506.769888,65178.055489,65178.055489
2024-08-03,2024,Naive,60688.244427,61506.769888,61506.769888
2024-08-04,2024,Naive,58306.264479,60688.244427,60688.244427
2024-08-05,2024,Naive,54343.627677,58306.264479,58306.264479
2024-08-06,2024,Naive,56047.471287,54343.627677,54343.627677
2024-08-07,2024,Naive,55129.741038,56047.471287,56047.471287
2024-08-08,2024,Naive,61908.789672,55129.741038,55129.741038
2024-08-09,2024,Naive,60720.940759,61908.789672,61908.789672
2024-08-10,2024,Naive,60871.555073,60720.940759,60720.940759
2024-08-11,2024,Naive,58836.104372,60871.555073,60871.555073
2024-08-12,2024,Naive,59394.162954,58836.104372,58836.104372
2024-08-13,2024,Naive,60536.245785,59394.162954,59394.162954
2024-08-14,2024,Naive,58840.64668,60536.245785,60536.245785
2024-08-15,2024,Naive,57644.187688,58840.64668,58840.64668
2024-08-16,2024,Naive,58927.276509,57644.187688,57644.187688
2024-08-17,2024,Naive,59414.674335,58927.276509,58927.276509
2024-08-18,2024,Naive,58793.206146,59414.674335,59414.674335
2024-08-19,2024,Naive,59411.519017,58793.206146,58793.206146
2024-08-20,2024,Naive,59123.300266,59411.519017,59411.519017
2024-08-21,2024,Naive,61133.025649,59123.300266,59123.300266
2024-08-22,2024,Naive,60394.473775,61133.025649,61133.025649
2024-08-23,2024,Naive,64106.802915,60394.473775,60394.473775
2024-08-24,2024,Naive,64023.226704,64106.802915,64106.802915
2024-08-25,2024,Naive,64498.018341,64023.226704,64023.226704
2024-08-26,2024,Naive,62983.442773,64498.018341,64498.018341
2024-08-27,2024,Naive,59548.007622,62983.442773,62983.442773
2024-08-28,2024,Naive,59100.774755,59548.007622,59548.007622
2024-08-29,2024,Naive,59339.790995,59100.774755,59100.774755
2024-08-30,2024,Naive,59142.939964,59339.790995,59339.790995
2024-08-31,2024,Naive,58959.926273,59142.939964,59142.939964
2024-09-01,2024,Naive,57349.080718,58959.926273,58959.926273
2024-09-02,2024,Naive,59159.023888,57349.080718,57349.080718
2024-09-03,2024,Naive,57637.775444,59159.023888,59159.023888
2024-09-04,2024,Naive,58033.39897,57637.775444,57637.775444
2024-09-05,2024,Naive,56112.95294,58033.39897,58033.39897
2024-09-06,2024,Naive,53838.953462,56112.95294,56112.95294
2024-09-07,2024,Naive,54066.439925,53838.953462,53838.953462
2024-09-08,2024,Naive,54859.258408,54066.439925,54066.439925
2024-09-09,2024,Naive,57135.781437,54859.258408,54859.258408
2024-09-10,2024,Naive,57664.499821,57135.781437,57135.781437
2024-09-11,2024,Naive,57409.195066,57664.499821,57664.499821
2024-09-12,2024,Naive,58124.641807,57409.195066,57409.195066
2024-09-13,2024,Naive,60536.88145,58124.641807,58124.641807
2024-09-14,2024,Naive,60007.170251,60536.88145,60536.88145
2024-09-15,2024,Naive,59129.919754,60007.170251,60007.170251
2024-09-16,2024,Naive,58227.464217,59129.919754,59129.919754
2024-09-17,2024,Naive,60238.217726,58227.464217,58227.464217
2024-09-18,2024,Naive,61306.233732,60238.217726,60238.217726
2024-09-19,2024,Naive,62994.609653,61306.233732,61306.233732
2024-09-20,2024,Naive,63153.951827,62994.609653,62994.609653
2024-09-21,2024,Naive,63367.729608,63153.951827,63153.951827
2024-09-22,2024,Naive,63571.952173,63367.729608,63367.729608
2024-09-23,2024,Naive,63336.012635,63571.952173,63571.952173
2024-09-24,2024,Naive,64342.789111,63336.012635,63336.012635
2024-09-25,2024,Naive,63059.626917,64342.789111,64342.789111
2024-09-26,2024,Naive,65057.786146,63059.626917,63059.626917
2024-09-27,2024,Naive,65767.713254,65057.786146,65057.786146
2024-09-28,2024,Naive,65770.527648,65767.713254,65767.713254
2024-09-29,2024,Naive,65617.761069,65770.527648,65770.527648
2024-09-30,2024,Naive,63260.042548,65617.761069,65617.761069
2024-10-01,2024,Naive,60858.248709,63260.042548,63260.042548
2024-10-02,2024,Naive,60686.099314,60858.248709,60858.248709
2024-10-03,2024,Naive,60765.23675,60686.099314,60686.099314
2024-10-04,2024,Naive,62052.51005,60765.23675,60765.23675
2024-10-05,2024,Naive,62030.453898,62052.51005,62052.51005
2024-10-06,2024,Naive,62789.881456,62030.453898,62030.453898
2024-10-07,2024,Naive,62416.50883,62789.881456,62789.881456
2024-10-08,2024,Naive,62126.327377,62416.50883,62416.50883
2024-10-09,2024,Naive,60615.258192,62126.327377,62126.327377
2024-10-10,2024,Naive,60221.117287,60615.258192,60615.258192
2024-10-11,2024,Naive,62462.539963,60221.117287,60221.117287
2024-10-12,2024,Naive,63202.880699,62462.539963,62462.539963
2024-10-13,2024,Naive,62759.431113,63202.880699,63202.880699
2024-10-14,2024,Naive,66089.758741,62759.431113,62759.431113
2024-10-15,2024,Naive,66933.974834,66089.758741,66089.758741
2024-10-16,2024,Naive,67662.953404,66933.974834,66933.974834
2024-10-17,2024,Naive,67337.907548,67662.953404,67662.953404
2024-10-18,2024,Naive,68390.537563,67337.907548,67337.907548
2024-10-19,2024,Naive,68357.898296,68390.537563,68390.537563
2024-10-20,2024,Naive,69012.353209,68357.898296,68357.898296
2024-10-21,2024,Naive,67440.462506,69012.353209,69012.353209
2024-10-22,2024,Naive,67425.755321,67440.462506,67440.462506
2024-10-23,2024,Naive,66647.286664,67425.755321,67425.755321
2024-10-24,2024,Naive,68130.994837,66647.286664,66647.286664
2024-10-25,2024,Naive,66261.537686,68130.994837,68130.994837
2024-10-26,2024,Naive,67023.339961,66261.537686,66261.537686
2024-10-27,2024,Naive,68000.147501,67023.339961,67023.339961
2024-10-28,2024,Naive,69862.520547,68000.147501,68000.147501
2024-10-29,2024,Naive,72678.78662,69862.520547,69862.520547
2024-10-30,2024,Naive,72450.284382,72678.78662,72678.78662
2024-10-31,2024,Naive,70367.081958,72450.284382,72450.284382
2024-11-01,2024,Naive,69483.58303,70367.081958,70367.081958
2024-11-02,2024,Naive,69241.679487,69483.58303,69483.58303
2024-11-03,2024,Naive,68742.754623,69241.679487,69241.679487
2024-11-04,2024,Naive,67779.09698,68742.754623,68742.754623
2024-11-05,2024,Naive,69538.024173,67779.09698,67779.09698
2024-11-06,2024,Naive,75696.036619,69538.024173,69538.024173
2024-11-07,2024,Naive,75972.295555,75696.036619,75696.036619
2024-11-08,2024,Naive,76507.447401,75972.295555,75972.295555
2024-11-09,2024,Naive,76799.252747,76507.447401,76507.447401
2024-11-10,2024,Naive,80409.286567,76799.252747,76799.252747
2024-11-11,2024,Naive,88859.998449,80409.286567,80409.286567
2024-11-12,2024,Naive,88048.748888,88859.998449,88859.998449
2024-11-13,2024,Naive,90369.381969,88048.748888,88048.748888
2024-11-14,2024,Naive,87204.256983,90369.381969,90369.381969
2024-11-15,2024,Naive,91139.084443,87204.256983,87204.256983
2024-11-16,2024,Naive,90567.695757,91139.084443,91139.084443
2024-11-17,2024,Naive,89732.970429,90567.695757,90567.695757
2024-11-18,2024,Naive,90587.696553,89732.970429,89732.970429
2024-11-19,2024,Naive,92254.13858,90587.696553,90587.696553
2024-11-20,2024,Naive,94160.040686,92254.13858,92254.13858
2024-11-21,2024,Naive,98545.56888,94160.040686,94160.040686
2024-11-22,2024,Naive,98938.349545,98545.56888,98545.56888
2024-11-23,2024,Naive,97707.048459,98938.349545,98938.349545
2024-11-24,2024,Naive,97980.208282,97707.048459,97707.048459
2024-11-25,2024,Naive,93343.029075,97980.208282,97980.208282
2024-11-26,2024,Naive,91875.569959,93343.029075,93343.029075
2024-11-27,2024,Naive,95989.080227,91875.569959,91875.569959
2024-11-28,2024,Naive,95737.940282,95989.080227,95989.080227
2024-11-29,2024,Naive,97398.94174,95737.940282,95737.940282
2024-11-30,2024,Naive,96463.624898,97398.94174,97398.94174
2024-12-01,2024,Naive,97469.604453,96463.624898,96463.624898
2024-12-02,2024,Naive,95726.441726,97469.604453,97469.604453
2024-12-03,2024,Naive,96010.877423,95726.441726,95726.441726
2024-12-04,2024,Naive,98920.252826,96010.877423,96010.877423
2024-12-05,2024,Naive,96949.664412,98920.252826,98920.252826
2024-12-06,2024,Naive,99953.105658,96949.664412,96949.664412
2024-12-07,2024,Naive,99977.700228,99953.105658,99953.105658
2024-12-08,2024,Naive,100798.983564,99977.700228,99977.700228
2024-12-09,2024,Naive,97390.19886,100798.983564,100798.983564
2024-12-10,2024,Naive,96835.501739,97390.19886,97390.19886
2024-12-11,2024,Naive,101310.2019,96835.501739,96835.501739
2024-12-12,2024,Naive,100090.89048,101310.2019,101310.2019
2024-12-13,2024,Naive,101289.823977,100090.89048,100090.89048
2024-12-14,2024,Naive,101366.871668,101289.823977,101289.823977
2024-12-15,2024,Naive,104551.367141,101366.871668,101366.871668
2024-12-16,2024,Naive,105855.67223,104551.367141,104551.367141
2024-12-17,2024,Naive,106115.910583,105855.67223,105855.67223
2024-12-18,2024,Naive,100469.770657,106115.910583,106115.910583
2024-12-19,2024,Naive,97697.04578,100469.770657,100469.770657
2024-12-20,2024,Naive,97617.442205,97697.04578,97697.04578
2024-12-21,2024,Naive,97093.019083,97617.442205,97617.442205
2024-12-22,2024,Naive,95149.105825,97093.019083,97093.019083
2024-12-23,2024,Naive,94800.756206,95149.105825,95149.105825
2024-12-24,2024,Naive,98637.733054,94800.756206,94800.756206
2024-12-25,2024,Naive,99235.367887,98637.733054,98637.733054
2024-12-26,2024,Naive,95628.30309,99235.367887,99235.367887
2024-12-27,2024,Naive,94219.982146,95628.30309,95628.30309
2024-12-28,2024,Naive,95123.58111,94219.982146,94219.982146
2024-12-29,2024,Naive,93457.57832,95123.58111,95123.58111
2024-12-30,2024,Naive,92523.163085,93457.57832,93457.57832
2024-12-31,2024,Naive,93389.732602,92523.163085,92523.163085
2025-01-01,2025,Naive,94455.796572,93389.732602,93389.732602
2025-01-02,2025,Naive,96851.393683,94455.796572,94455.796572
2025-01-03,2025,Naive,98120.684676,96851.393683,96851.393683
2025-01-04,2025,Naive,98230.047857,98120.684676,98120.684676
2025-01-05,2025,Naive,98414.812096,98230.047857,98230.047857
2025-01-06,2025,Naive,102179.560367,98414.812096,98414.812096
2025-01-07,2025,Naive,96974.995786,102179.560367,102179.560367
2025-01-08,2025,Naive,95039.280921,96974.995786,96974.995786
2025-01-09,2025,Naive,92346.169159,95039.280921,95039.280921
2025-01-10,2025,Naive,94759.119636,92346.169159,92346.169159
2025-01-11,2025,Naive,94606.50801,94759.119636,94759.119636
2025-01-12,2025,Naive,94353.775259,94606.50801,94606.50801
2025-01-13,2025,Naive,94375.72991,94353.775259,94353.775259
2025-01-14,2025,Naive,96569.475727,94375.72991,94375.72991
2025-01-15,2025,Naive,100172.405985,96569.475727,96569.475727
2025-01-16,2025,Naive,99977.729823,100172.405985,100172.405985
2025-01-17,2025,Naive,104296.588034,99977.729823,99977.729823
2025-01-18,2025,Naive,104398.156261,104296.588034,104296.588034
2025-01-19,2025,Naive,100954.572282,104398.156261,104398.156261
2025-01-20,2025,Naive,102588.998699,100954.572282,100954.572282
2025-01-21,2025,Naive,105987.888705,102588.998699,102588.998699
2025-01-22,2025,Naive,103791.128861,105987.888705,105987.888705
2025-01-23,2025,Naive,104184.616744,103791.128861,103791.128861
2025-01-24,2025,Naive,104716.124882,104184.616744,104184.616744
2025-01-25,2025,Naive,104866.085349,104716.124882,104716.124882
2025-01-26,2025,Naive,102833.369273,104866.085349,104866.085349
2025-01-27,2025,Naive,101907.446297,102833.369273,102833.369273
2025-01-28,2025,Naive,101138.144066,101907.446297,101907.446297
2025-01-29,2025,Naive,103918.795459,101138.144066,101138.144066
2025-01-30,2025,Naive,104987.446411,103918.795459,103918.795459
2025-01-31,2025,Naive,102263.043671,104987.446411,104987.446411
2025-02-01,2025,Naive,100610.29044,102263.043671,102263.043671
2025-02-02,2025,Naive,97424.7809,100610.29044,100610.29044
2025-02-03,2025,Naive,101582.408702,97424.7809,97424.7809
2025-02-04,2025,Naive,97848.149759,101582.408702,101582.408702
2025-02-05,2025,Naive,96559.332756,97848.149759,97848.149759
2025-02-06,2025,Naive,96541.300681,96559.332756,96559.332756
2025-02-07,2025,Naive,96384.110984,96541.300681,96541.300681
2025-02-08,2025,Naive,96603.318157,96384.110984,96384.110984
2025-02-09,2025,Naive,96309.753241,96603.318157,96603.318157
2025-02-10,2025,Naive,97375.225354,96309.753241,96309.753241
2025-02-11,2025,Naive,95806.258039,97375.225354,97375.225354
2025-02-12,2025,Naive,97756.497655,95806.258039,95806.258039
2025-02-13,2025,Naive,96534.740633,97756.497655,97756.497655
2025-02-14,2025,Naive,97414.358982,96534.740633,96534.740633
2025-02-15,2025,Naive,97583.243177,97414.358982,97414.358982
2025-02-16,2025,Naive,96182.266171,97583.243177,97583.243177
2025-02-17,2025,Naive,95790.510999,96182.266171,96182.266171
2025-02-18,2025,Naive,95444.031887,95790.510999,95790.510999
2025-02-19,2025,Naive,96647.913298,95444.031887,95444.031887
2025-02-20,2025,Naive,98392.219725,96647.913298,96647.913298
2025-02-21,2025,Naive,96048.993725,98392.219725,98392.219725
2025-02-22,2025,Naive,96605.709106,96048.993725,96048.993725
2025-02-23,2025,Naive,96091.632977,96605.709106,96605.709106
2025-02-24,2025,Naive,91869.654343,96091.632977,96091.632977
2025-02-25,2025,Naive,88769.735627,91869.654343,91869.654343
2025-02-26,2025,Naive,83987.895642,88769.735627,88769.735627
2025-02-27,2025,Naive,84625.419136,83987.895642,83987.895642
2025-02-28,2025,Naive,84243.777911,84625.419136,84625.419136
2025-03-01,2025,Naive,85844.368563,84243.777911,84243.777911
2025-03-02,2025,Naive,94328.009444,85844.368563,85844.368563
2025-03-03,2025,Naive,86315.930551,94328.009444,94328.009444
2025-03-04,2025,Naive,87323.690651,86315.930551,86315.930551
2025-03-05,2025,Naive,90619.409098,87323.690651,87323.690651
2025-03-06,2025,Naive,90222.069328,90619.409098,90619.409098
2025-03-07,2025,Naive,86553.592194,90222.069328,90222.069328
2025-03-08,2025,Naive,86171.278936,86553.592194,86553.592194
2025-03-09,2025,Naive,80647.796411,86171.278936,86171.278936
2025-03-10,2025,Naive,79005.960129,80647.796411,80647.796411
2025-03-11,2025,Naive,82747.160192,79005.960129,79005.960129
2025-03-12,2025,Naive,83630.15811,82747.160192,82747.160192
2025-03-13,2025,Naive,81110.289049,83630.15811,83630.15811
2025-03-14,2025,Naive,84105.833552,81110.289049,81110.289049
2025-03-15,2025,Naive,84352.877302,84105.833552,84105.833552
2025-03-16,2025,Naive,82492.102829,84352.877302,84352.877302
2025-03-17,2025,Naive,84013.947518,82492.102829,82492.102829
2025-03-18,2025,Naive,82680.806551,84013.947518,84013.947518
2025-03-19,2025,Naive,86774.235072,82680.806551,82680.806551
2025-03-20,2025,Naive,84124.971288,86774.235072,86774.235072
2025-03-21,2025,Naive,84069.40818,84124.971288,84124.971288
2025-03-22,2025,Naive,83821.220305,84069.40818,84069.40818
2025-03-23,2025,Naive,85760.881451,83821.220305,83821.220305
2025-03-24,2025,Naive,87322.571857,85760.881451,85760.881451
2025-03-25,2025,Naive,87422.842608,87322.571857,87322.571857
2025-03-26,2025,Naive,86836.676096,87422.842608,87422.842608
2025-03-27,2025,Naive,87211.324017,86836.676096,86836.676096
2025-03-28,2025,Naive,84309.078355,87211.324017,87211.324017
2025-03-29,2025,Naive,82497.179247,84309.078355,84309.078355
2025-03-30,2025,Naive,82216.466677,82497.179247,82497.179247
2025-03-31,2025,Naive,82461.449628,82216.466677,82216.466677
2025-04-01,2025,Naive,85226.713794,82461.449628,82461.449628
2025-04-02,2025,Naive,82555.631296,85226.713794,85226.713794
2025-04-03,2025,Naive,82931.697399,82555.631296,82555.631296
2025-04-04,2025,Naive,83774.179738,82931.697399,82931.697399
2025-04-05,2025,Naive,83302.171576,83774.179738,83774.179738
2025-04-06,2025,Naive,77949.088493,83302.171576,83302.171576
2025-04-07,2025,Naive,79421.804411,77949.088493,77949.088493
2025-04-08,2025,Naive,76351.42953,79421.804411,79421.804411
2025-04-09,2025,Naive,82720.603489,76351.42953,76351.42953
2025-04-10,2025,Naive,79558.955825,82720.603489,82720.603489
2025-04-11,2025,Naive,83359.899516,79558.955825,79558.955825
2025-04-12,2025,Naive,85269.249512,83359.899516,83359.899516
2025-04-13,2025,Naive,83568.954436,85269.249512,85269.249512
2025-04-14,2025,Naive,84589.032414,83568.954436,83568.954436
2025-04-15,2025,Naive,83671.343971,84589.032414,84589.032414
2025-04-16,2025,Naive,84151.535756,83671.343971,83671.343971
2025-04-17,2025,Naive,84940.583854,84151.535756,84151.535756
2025-04-18,2025,Naive,84434.772746,84940.583854,84940.583854
2025-04-19,2025,Naive,85124.721496,84434.772746,84434.772746
2025-04-20,2025,Naive,85101.746155,85124.721496,85124.721496
2025-04-21,2025,Naive,87360.719893,85101.746155,85101.746155
2025-04-22,2025,Naive,93495.610689,87360.719893,87360.719893
2025-04-23,2025,Naive,93695.740477,93495.610689,93495.610689
2025-04-24,2025,Naive,93849.881779,93695.740477,93695.740477
2025-04-25,2025,Naive,94771.412801,93849.881779,93849.881779
2025-04-26,2025,Naive,94694.511101,94771.412801,94771.412801
2025-04-27,2025,Naive,93812.876535,94694.511101,94694.511101
2025-04-28,2025,Naive,95066.021187,93812.876535,93812.876535
2025-04-29,2025,Naive,94102.840302,95066.021187,95066.021187
2025-04-30,2025,Naive,94236.732514,94102.840302,94102.840302
2025-05-01,2025,Naive,96411.742264,94236.732514,94236.732514
2025-05-02,2025,Naive,96842.102106,96411.742264,96411.742264
2025-05-03,2025,Naive,95943.611353,96842.102106,96842.102106
2025-05-04,2025,Naive,94377.78992,95943.611353,95943.611353
2025-05-05,2025,Naive,94853.729859,94377.78992,94377.78992
2025-05-06,2025,Naive,96677.924503,94853.729859,94853.729859
2025-05-07,2025,Naive,97137.375709,96677.924503,96677.924503
2025-05-08,2025,Naive,103069.539296,97137.375709,97137.375709
2025-05-09,2025,Naive,102940.802949,103069.539296,103069.539296
2025-05-10,2025,Naive,104582.821806,102940.802949,102940.802949
2025-05-11,2025,Naive,103976.137799,104582.821806,104582.821806
2025-05-12,2025,Naive,102920.074689,103976.137799,103976.137799
2025-05-13,2025,Naive,104145.711825,102920.074689,102920.074689
2025-05-14,2025,Naive,103572.719642,104145.711825,104145.711825
2025-05-15,2025,Naive,103716.283947,103572.719642,103572.719642
2025-05-16,2025,Naive,103566.269191,103716.283947,103716.283947
2025-05-17,2025,Naive,103190.041365,103566.269191,103566.269191
2025-05-18,2025,Naive,106015.689849,103190.041365,103190.041365
2025-05-19,2025,Naive,105615.82896,106015.689849,106015.689849
2025-05-20,2025,Naive,106893.330248,105615.82896,105615.82896
2025-05-21,2025,Naive,109704.85562,106893.330248,106893.330248
2025-05-22,2025,Naive,111477.014788,109704.85562,109704.85562
2025-05-23,2025,Naive,107291.88897,111477.014788,111477.014788
2025-05-24,2025,Naive,107917.328289,107291.88897,107291.88897
2025-05-25,2025,Naive,108914.876558,107917.328289,107917.328289
2025-05-26,2025,Naive,109371.985172,108914.876558,108914.876558
2025-05-27,2025,Naive,109066.345637,109371.985172,109371.985172
2025-05-28,2025,Naive,107895.402399,109066.345637,109066.345637
2025-05-29,2025,Naive,105732.957892,107895.402399,107895.402399
2025-05-30,2025,Naive,103981.302958,105732.957892,105732.957892
2025-05-31,2025,Naive,104708.96415,103981.302958,103981.302958
2025-06-01,2025,Naive,105750.159724,104708.96415,104708.96415
2025-06-02,2025,Naive,105899.696927,105750.159724,105750.159724
2025-06-03,2025,Naive,105483.985551,105899.696927,105899.696927
2025-06-04,2025,Naive,104782.8449,105483.985551,105483.985551
2025-06-05,2025,Naive,101669.190497,104782.8449,104782.8449
2025-06-06,2025,Naive,104421.051549,101669.190497,101669.190497
2025-06-07,2025,Naive,105685.250402,104421.051549,104421.051549
2025-06-08,2025,Naive,105727.739632,105685.250402,105685.250402
2025-06-09,2025,Naive,110198.158714,105727.739632,105727.739632
2025-06-10,2025,Naive,110074.119082,110198.158714,110198.158714
2025-06-11,2025,Naive,108645.785558,110074.119082,110074.119082
2025-06-12,2025,Naive,105998.985831,108645.785558,108645.785558
2025-06-13,2025,Naive,106024.822087,105998.985831,105998.985831
2025-06-14,2025,Naive,105467.108742,106024.822087,106024.822087
2025-06-15,2025,Naive,105512.797438,105467.108742,105467.108742
2025-06-16,2025,Naive,107243.933346,105512.797438,105512.797438
2025-06-17,2025,Naive,104628.396527,107243.933346,107243.933346
2025-06-18,2025,Naive,104813.367029,104628.396527,104628.396527
2025-06-19,2025,Naive,104709.720767,104813.367029,104813.367029
2025-06-20,2025,Naive,103274.95884,104709.720767,104709.720767
2025-06-21,2025,Naive,101548.196382,103274.95884,103274.95884
2025-06-22,2025,Naive,100899.234152,101548.196382,101548.196382
2025-06-23,2025,Naive,105496.947495,100899.234152,100899.234152
2025-06-24,2025,Naive,105964.065137,105496.947495,105496.947495
2025-06-25,2025,Naive,107305.0652,105964.065137,105964.065137
2025-06-26,2025,Naive,107012.822824,107305.0652,107305.0652
2025-06-27,2025,Naive,107090.959051,107012.822824,107012.822824
2025-06-28,2025,Naive,107357.617171,107090.959051,107090.959051
2025-06-29,2025,Naive,108360.901696,107357.617171,107357.617171
2025-06-30,2025,Naive,107153.101136,108360.901696,108360.901696
2025-07-01,2025,Naive,105566.356598,107153.101136,107153.101136
2025-07-02,2025,Naive,108927.134518,105566.356598,105566.356598
2025-07-03,2025,Naive,109632.159127,108927.134518,108927.134518
2025-07-04,2025,Naive,108081.395759,109632.159127,109632.159127
2025-07-05,2025,Naive,108244.788814,108081.395759,108081.395759
2025-07-06,2025,Naive,109180.005546,108244.788814,108244.788814
2025-07-07,2025,Naive,108249.401004,109180.005546,109180.005546
2025-07-08,2025,Naive,108956.631703,108249.401004,108249.401004
2025-07-09,2025,Naive,111416.80672,108956.631703,108956.631703
2025-07-10,2025,Naive,115873.903784,111416.80672,111416.80672
2025-07-11,2025,Naive,117618.605087,115873.903784,115873.903784
2025-07-12,2025,Naive,117382.372541,117618.605087,117618.605087
2025-07-13,2025,Naive,118899.737108,117382.372541,117382.372541
2025-07-14,2025,Naive,119871.096198,118899.737108,118899.737108
2025-07-15,2025,Naive,117710.891008,119871.096198,119871.096198
2025-07-16,2025,Naive,118730.187792,117710.891008,117710.891008
2025-07-17,2025,Naive,119501.663771,118730.187792,118730.187792
2025-07-18,2025,Naive,117958.511213,119501.663771,119501.663771
2025-07-19,2025,Naive,117908.524732,117958.511213,117958.511213
2025-07-20,2025,Naive,117305.680954,117908.524732,117908.524732
2025-07-21,2025,Naive,117432.435635,117305.680954,117305.680954
2025-07-22,2025,Naive,120068.005789,117432.435635,117432.435635
2025-07-23,2025,Naive,118650.587166,120068.005789,120068.005789
2025-07-24,2025,Naive,118377.081937,118650.587166,118650.587166
2025-07-25,2025,Naive,117520.17335,118377.081937,118377.081937
2025-07-26,2025,Naive,117983.204599,117520.17335,117520.17335
2025-07-27,2025,Naive,119438.164236,117983.204599,117983.204599
2025-07-28,2025,Naive,118022.63732,119438.164236,119438.164236
2025-07-29,2025,Naive,117871.370895,118022.63732,118022.63732
2025-07-30,2025,Naive,117732.643661,117871.370895,117871.370895
2025-07-31,2025,Naive,115848.339985,117732.643661,117732.643661
2025-08-01,2025,Naive,113282.144336,115848.339985,115848.339985
2025-08-02,2025,Naive,112545.673659,113282.144336,113282.144336
2025-08-03,2025,Naive,114263.693948,112545.673659,112545.673659
2025-08-04,2025,Naive,115199.933659,114263.693948,114263.693948
2025-08-05,2025,Naive,114111.361018,115199.933659,115199.933659
2025-08-06,2025,Naive,115034.678749,114111.361018,114111.361018
2025-08-07,2025,Naive,117444.913924,115034.678749,115034.678749
2025-08-08,2025,Naive,116740.687721,117444.913924,117444.913924
2025-08-09,2025,Naive,116511.655739,116740.687721,116740.687721
2025-08-10,2025,Naive,119189.19816,116511.655739,116511.655739
2025-08-11,2025,Naive,118742.043049,119189.19816,119189.19816
2025-08-12,2025,Naive,120154.324935,118742.043049,118742.043049
2025-08-13,2025,Naive,123442.679822,120154.324935,120154.324935
2025-08-14,2025,Naive,118510.271281,123442.679822,123442.679822
2025-08-15,2025,Naive,117311.209948,118510.271281,118510.271281
2025-08-16,2025,Naive,117462.426846,117311.209948,117311.209948
2025-08-17,2025,Naive,117601.952232,117462.426846,117462.426846
2025-08-18,2025,Naive,116312.914398,117601.952232,117601.952232
2025-08-19,2025,Naive,112886.101475,116312.914398,116312.914398
2025-08-20,2025,Naive,114277.32086,112886.101475,112886.101475
2025-08-21,2025,Naive,112347.102298,114277.32086,114277.32086
2025-08-22,2025,Naive,116800.977035,112347.102298,112347.102298
2025-08-23,2025,Naive,115280.444724,116800.977035,116800.977035
2025-08-24,2025,Naive,113516.122474,115280.444724,115280.444724
2025-08-25,2025,Naive,110089.533314,113516.122474,113516.122474
2025-08-26,2025,Naive,111895.295495,110089.533314,110089.533314
2025-08-27,2025,Naive,111252.307236,111895.295495,111895.295495
2025-08-28,2025,Naive,112481.152904,111252.307236,111252.307236
2025-08-29,2025,Naive,108473.330442,112481.152904,112481.152904
2025-08-30,2025,Naive,108746.150825,108473.330442,108473.330442
2025-08-31,2025,Naive,108316.446895,108746.150825,108746.150825
2025-09-01,2025,Naive,108992.324615,108316.446895,108316.446895
2025-09-02,2025,Naive,111140.94716,108992.324615,108992.324615
2025-09-03,2025,Naive,111780.743587,111140.94716,111140.94716
2025-09-04,2025,Naive,110900.633413,111780.743587,111780.743587
2025-09-05,2025,Naive,110711.229485,110900.633413,110900.633413
2025-09-06,2025,Naive,110243.650742,110711.229485,110711.229485
2025-09-07,2025,Naive,111307.784421,110243.650742,110243.650742
2025-09-08,2025,Naive,112112.311575,111307.784421,111307.784421
2025-09-09,2025,Naive,111486.39678,112112.311575,112112.311575
2025-09-10,2025,Naive,113930.748423,111486.39678,111486.39678
2025-09-11,2025,Naive,115445.812933,113930.748423,113930.748423
2025-09-12,2025,Naive,116149.174032,115445.812933,115445.812933
2025-09-13,2025,Naive,115965.627551,116149.174032,116149.174032
2025-09-14,2025,Naive,115395.933423,115965.627551,115965.627551
2025-09-15,2025,Naive,115420.931814,115395.933423,115395.933423
2025-09-16,2025,Naive,116798.867051,115420.931814,115420.931814
2025-09-17,2025,Naive,116575.777629,116798.867051,116798.867051
2025-09-18,2025,Naive,117014.426762,116575.777629,116575.777629
2025-09-19,2025,Naive,115612.372542,117014.426762,117014.426762
2025-09-20,2025,Naive,115753.165961,115612.372542,115612.372542
2025-09-21,2025,Naive,115320.858829,115753.165961,115753.165961
2025-09-22,2025,Naive,112727.707738,115320.858829,115320.858829
2025-09-23,2025,Naive,112052.393282,112727.707738,112727.707738
2025-09-24,2025,Naive,113324.623592,112052.393282,112052.393282
2025-09-25,2025,Naive,109166.347975,113324.623592,113324.623592
2025-09-26,2025,Naive,109669.102167,109166.347975,109166.347975
2025-09-27,2025,Naive,109644.730693,109669.102167,109669.102167
2025-09-28,2025,Naive,112170.007786,109644.730693,109644.730693
2025-09-29,2025,Naive,114341.141435,112170.007786,112170.007786
2025-09-30,2025,Naive,113971.742797,114341.141435,114341.141435
2025-10-01,2025,Naive,118393.270386,113971.742797,113971.742797
2025-10-02,2025,Naive,120558.594007,118393.270386,118393.270386
2025-10-03,2025,Naive,122348.12764,120558.594007,120558.594007
2025-10-04,2025,Naive,122379.744318,122348.12764,122348.12764
2025-10-05,2025,Naive,123523.768314,122379.744318,122379.744318
2025-10-06,2025,Naive,124824.453667,123523.768314,123523.768314
2025-10-07,2025,Naive,121587.699237,124824.453667,124824.453667
2025-10-08,2025,Naive,123390.353095,121587.699237,121587.699237
2025-10-09,2025,Naive,121603.332786,123390.353095,123390.353095
2025-10-10,2025,Naive,113754.852328,121603.332786,121603.332786
2025-10-11,2025,Naive,110940.113648,113754.852328,113754.852328
2025-10-12,2025,Naive,115152.917045,110940.113648,110940.113648
2025-10-13,2025,Naive,115332.25293,115152.917045,115152.917045
2025-10-14,2025,Naive,113327.07941,115332.25293,115332.25293
2025-10-15,2025,Naive,110862.872485,113327.07941,113327.07941
2025-10-16,2025,Naive,108135.049606,110862.872485,110862.872485
2025-10-17,2025,Naive,106625.668651,108135.049606,108135.049606
2025-10-18,2025,Naive,107143.913935,106625.668651,106625.668651
2025-10-19,2025,Naive,108706.663764,107143.913935,107143.913935
2025-10-20,2025,Naive,110640.249515,108706.663764,108706.663764
2025-10-21,2025,Naive,108700.382072,110640.249515,110640.249515
2025-10-22,2025,Naive,107667.630188,108700.382072,108700.382072
2025-10-23,2025,Naive,110060.936797,107667.630188,107667.630188
2025-10-24,2025,Naive,111024.943147,110060.936797,110060.936797
2025-10-25,2025,Naive,111614.535858,111024.943147,111024.943147
2025-10-26,2025,Naive,114557.100461,111614.535858,111614.535858
2025-10-27,2025,Naive,114087.773805,114557.100461,114557.100461
2025-10-28,2025,Naive,112980.685846,114087.773805,114087.773805
2025-10-29,2025,Naive,110206.347983,112980.685846,112980.685846
2025-10-30,2025,Naive,108019.723842,110206.347983,110206.347983
2025-10-31,2025,Naive,109554.239628,108019.723842,108019.723842
2025-11-01,2025,Naive,110005.295855,109554.239628,109554.239628
2025-11-02,2025,Naive,110389.168627,110005.295855,110005.295855
2025-11-03,2025,Naive,106495.80279,110389.168627,110389.168627
2025-11-04,2025,Naive,101349.737232,106495.80279,106495.80279
2025-11-05,2025,Naive,103915.884791,101349.737232,101349.737232
2025-11-06,2025,Naive,101241.573678,103915.884791,103915.884791
2025-11-07,2025,Naive,103428.471747,101241.573678,101241.573678
2025-11-08,2025,Naive,102335.021439,103428.471747,103428.471747
2025-11-09,2025,Naive,104685.545441,102335.021439,102335.021439
2025-11-10,2025,Naive,106082.478157,104685.545441,104685.545441
2025-11-11,2025,Naive,102974.405612,106082.478157,106082.478157
2025-11-12,2025,Naive,101682.126653,102974.405612,102974.405612
2025-11-13,2025,Naive,100035.310145,101682.126653,101682.126653
2025-11-14,2025,Naive,94502.547603,100035.310145,100035.310145
2025-11-15,2025,Naive,95541.315839,94502.547603,94502.547603
2025-11-16,2025,Naive,94182.3131,95541.315839,95541.315839
2025-11-17,2025,Naive,91911.471347,94182.3131,94182.3131
2025-11-18,2025,Naive,92836.441911,91911.471347,91911.471347
2025-11-19,2025,Naive,91320.481133,92836.441911,92836.441911
2025-11-20,2025,Naive,86911.298059,91320.481133,91320.481133
2025-11-21,2025,Naive,84948.046321,86911.298059,86911.298059
2025-11-22,2025,Naive,84775.001545,84948.046321,84948.046321
2025-11-23,2025,Naive,86872.454663,84775.001545,84775.001545
2025-11-24,2025,Naive,88377.602442,86872.454663,86872.454663
2025-11-25,2025,Naive,87434.550611,88377.602442,88377.602442
2025-11-26,2025,Naive,90449.277068,87434.550611,87434.550611
2025-11-27,2025,Naive,91336.200045,90449.277068,90449.277068
2025-11-28,2025,Naive,90990.12661,91336.200045,91336.200045
2025-11-29,2025,Naive,90842.073824,90990.12661,90990.12661
2025-11-30,2025,Naive,90607.702151,90842.073824,90842.073824
2025-12-01,2025,Naive,86504.636816,90607.702151,90607.702151
2025-12-02,2025,Naive,91528.024581,86504.636816,86504.636816
2025-12-03,2025,Naive,93609.093866,91528.024581,91528.024581
2025-12-04,2025,Naive,92205.592954,93609.093866,93609.093866
2025-12-05,2025,Naive,89279.834463,92205.592954,92205.592954
2025-12-06,2025,Naive,89169.557061,89279.834463,89279.834463
2025-12-07,2025,Naive,90067.847399,89169.557061,89169.557061
2025-12-08,2025,Naive,90673.144444,90067.847399,90067.847399
2025-12-09,2025,Naive,92808.851848,90673.144444,90673.144444
2025-12-10,2025,Naive,92102.930092,92808.851848,92808.851848
2025-12-11,2025,Naive,92623.719871,92102.930092,92102.930092
2025-12-12,2025,Naive,90331.608309,92623.719871,92623.719871
2025-12-13,2025,Naive,90245.267264,90331.608309,90331.608309
2025-12-14,2025,Naive,88096.382614,90245.267264,90245.267264
2025-12-15,2025,Naive,86352.580257,88096.382614,88096.382614
2025-12-16,2025,Naive,87752.429034,86352.580257,86352.580257
2025-12-17,2025,Naive,86059.552224,87752.429034,87752.429034
2025-12-18,2025,Naive,85434.192867,86059.552224,86059.552224
2025-12-19,2025,Naive,88168.073833,85434.192867,85434.192867
2025-12-20,2025,Naive,88292.453637,88168.073833,88168.073833
2025-12-21,2025,Naive,88533.430983,88292.453637,88292.453637
2025-12-22,2025,Naive,88474.462233,88533.430983,88533.430983
2025-12-23,2025,Naive,87365.993787,88474.462233,88474.462233
2025-12-24,2025,Naive,87625.67079,87365.993787,87365.993787
2025-12-25,2025,Naive,87231.304769,87625.67079,87625.67079
2025-12-26,2025,Naive,87334.807781,87231.304769,87231.304769
2025-12-27,2025,Naive,87695.415908,87334.807781,87334.807781
2025-12-28,2025,Naive,87747.649155,87695.415908,87695.415908
2025-12-29,2025,Naive,87133.510399,87747.649155,87747.649155
2025-12-30,2025,Naive,88428.492274,87133.510399,87133.510399
2025-12-31,2025,Naive,87516.978038,88428.492274,88428.492274
2026-01-01,2026,Naive,88684.217847,87516.978038,87516.978038
2026-01-02,2026,Naive,89940.180167,88684.217847,88684.217847
2026-01-03,2026,Naive,90598.130183,89940.180167,89940.180167
2026-01-04,2026,Naive,91359.763682,90598.130183,90598.130183
2026-01-05,2026,Naive,93948.582179,91359.763682,91359.763682
2026-01-06,2026,Naive,93574.287112,93948.582179,93948.582179
2026-01-07,2026,Naive,91208.956261,93574.287112,93574.287112
2026-01-08,2026,Naive,91096.916155,91208.956261,91208.956261
2026-01-09,2026,Naive,90539.603229,91096.916155,91096.916155
2026-01-10,2026,Naive,90406.142411,90539.603229,90539.603229
2026-01-11,2026,Naive,90717.206315,90406.142411,90406.142411
2026-01-12,2026,Naive,91141.149849,90717.206315,90717.206315
2026-01-13,2026,Naive,95304.498294,91141.149849,91141.149849
2026-01-14,2026,Naive,97043.992726,95304.498294,95304.498294
2026-01-15,2026,Naive,95546.139738,97043.992726,97043.992726
2026-01-16,2026,Naive,95489.12996,95546.139738,95546.139738
2026-01-17,2026,Naive,95106.980463,95489.12996,95489.12996
2026-01-18,2026,Naive,94261.329431,95106.980463,95106.980463
2026-01-19,2026,Naive,92526.241964,94261.329431,94261.329431
2026-01-20,2026,Naive,88236.563192,92526.241964,92526.241964
2026-01-21,2026,Naive,89599.361875,88236.563192,88236.563192
2026-01-22,2026,Naive,89395.700736,89599.361875,89599.361875
2026-01-23,2026,Naive,89439.771891,89395.700736,89395.700736
2026-01-24,2026,Naive,89185.038699,89439.771891,89439.771891
2026-01-25,2026,Naive,86445.670593,89185.038699,89185.038699
2026-01-26,2026,Naive,88337.454551,86445.670593,86445.670593
2026-01-27,2026,Naive,89260.38054,88337.454551,88337.454551
2026-01-28,2026,Naive,89177.789251,89260.38054,89260.38054
2026-01-29,2026,Naive,84520.397311,89177.789251,89177.789251
2026-01-30,2026,Naive,84017.034029,84520.397311,84520.397311
2026-01-31,2026,Naive,78702.385503,84017.034029,84017.034029
2026-02-01,2026,Naive,76911.052377,78702.385503,78702.385503
2026-02-02,2026,Naive,78716.601809,76911.052377,76911.052377
2026-02-03,2026,Naive,75684.766028,78716.601809,78716.601809
2026-02-04,2026,Naive,73095.191465,75684.766028,75684.766028
2026-02-05,2026,Naive,63494.688446,73095.191465,73095.191465
2026-02-06,2026,Naive,70647.698219,63494.688446,63494.688446
2026-02-07,2026,Naive,69166.259442,70647.698219,70647.698219
2026-02-08,2026,Naive,70522.589239,69166.259442,69166.259442
2026-02-09,2026,Naive,70244.101777,70522.589239,70522.589239
2026-02-10,2026,Naive,68688.793113,70244.101777,70244.101777
2026-02-11,2026,Naive,66989.716592,68688.793113,68688.793113
2026-02-12,2026,Naive,66221.544312,66989.716592,66989.716592
2026-02-13,2026,Naive,68860.841163,66221.544312,66221.544312
2026-02-14,2026,Naive,69798.079125,68860.841163,68860.841163
2026-02-15,2026,Naive,68629.959976,69798.079125,69798.079125
2026-02-16,2026,Naive,68747.438029,68629.959976,68629.959976
2026-02-17,2026,Naive,67471.050847,68747.438029,68747.438029
2026-02-18,2026,Naive,66380.706961,67471.050847,67471.050847
2026-02-19,2026,Naive,66932.352212,66380.706961,66380.706961
2026-02-20,2026,Naive,67977.309261,66932.352212,66932.352212
2026-02-21,2026,Naive,68020.667761,67977.309261,67977.309261
2026-02-22,2026,Naive,67550.024077,68020.667761,68020.667761
2026-02-23,2026,Naive,64689.912331,67550.024077,67550.024077
2026-02-24,2026,Naive,64123.751078,64689.912331,64689.912331
2026-02-25,2026,Naive,68038.522179,64123.751078,64123.751078
2026-02-26,2026,Naive,67519.264529,68038.522179,68038.522179
2026-02-27,2026,Naive,65864.135817,67519.264529,67519.264529
2026-02-28,2026,Naive,66965.635309,65864.135817,65864.135817
2026-03-01,2026,Naive,65733.52126,66965.635309,66965.635309
2026-03-02,2026,Naive,68922.624297,65733.52126,65733.52126
2026-03-03,2026,Naive,68431.174031,68922.624297,68922.624297
2026-03-04,2026,Naive,72667.463058,68431.174031,68431.174031
2026-03-05,2026,Naive,70987.427177,72667.463058,72667.463058
2026-03-06,2026,Naive,68226.705393,70987.427177,70987.427177
2026-03-07,2026,Naive,67315.552914,68226.705393,68226.705393
2026-03-08,2026,Naive,66202.697873,67315.552914,67315.552914
2026-03-09,2026,Naive,68528.53847,66202.697873,66202.697873
2026-03-10,2026,Naive,69891.823858,68528.53847,68528.53847
2026-03-11,2026,Naive,70298.575353,69891.823858,69891.823858
2026-03-12,2026,Naive,70538.107462,70298.575353,70298.575353
2026-03-13,2026,Naive,70930.013279,70538.107462,70538.107462
2026-03-14,2026,Naive,71136.21792,70930.013279,70930.013279
2026-03-15,2026,Naive,72712.146196,71136.21792,71136.21792
2026-03-16,2026,Naive,74723.957553,72712.146196,72712.146196
2026-03-17,2026,Naive,74086.01361,74723.957553,74723.957553
2026-03-18,2026,Naive,71253.957928,74086.01361,74086.01361
2026-03-19,2026,Naive,69948.904827,71253.957928,71253.957928
2026-03-20,2026,Naive,70510.41968,69948.904827,69948.904827
2026-03-21,2026,Naive,69707.285009,70510.41968,70510.41968
2026-03-22,2026,Naive,68018.153482,69707.285009,69707.285009
2026-03-23,2026,Naive,70726.211046,68018.153482,68018.153482
2026-03-24,2026,Naive,70610.018712,70726.211046,70726.211046
2026-03-25,2026,Naive,71281.297392,70610.018712,70610.018712
2026-03-26,2026,Naive,68722.971837,71281.297392,71281.297392
2026-03-27,2026,Naive,66214.171513,68722.971837,68722.971837
2026-03-28,2026,Naive,66351.072525,66214.171513,66214.171513
2026-03-29,2026,Naive,65966.752394,66351.072525,66351.072525
2026-03-30,2026,Naive,66651.232004,65966.752394,65966.752394
2026-03-31,2026,Naive,68214.868039,66651.232004,66651.232004
2026-04-01,2026,Naive,68116.816793,68214.868039,68214.868039
2026-04-02,2026,Naive,66908.317992,68116.816793,68116.816793
2026-04-03,2026,Naive,66891.742228,66908.317992,66908.317992
2026-04-04,2026,Naive,67295.130914,66891.742228,66891.742228
2026-04-05,2026,Naive,68921.806091,67295.130914,67295.130914
2026-04-06,2026,Naive,68742.913309,68921.806091,68921.806091
2026-04-07,2026,Naive,72057.124361,68742.913309,68742.913309
2026-04-08,2026,Naive,71085.05837,72057.124361,72057.124361
2026-04-09,2026,Naive,71788.679783,71085.05837,71085.05837
2026-04-10,2026,Naive,72945.070724,71788.679783,71788.679783
2026-04-11,2026,Naive,73119.109117,72945.070724,72945.070724
2026-04-12,2026,Naive,70685.369702,73119.109117,73119.109117
2026-04-13,2026,Naive,74632.745586,70685.369702,70685.369702
2026-04-14,2026,Naive,74173.50836,74632.745586,74632.745586
2026-04-15,2026,Naive,74761.964655,74173.50836,74173.50836
2026-04-16,2026,Naive,75095.744216,74761.964655,74761.964655
2026-04-17,2026,Naive,77114.481438,75095.744216,75095.744216
2026-04-18,2026,Naive,75792.063751,77114.481438,77114.481438
2026-04-19,2026,Naive,73905.204102,75792.063751,75792.063751
2026-04-20,2026,Naive,75814.145324,73905.204102,73905.204102
2026-04-21,2026,Naive,76107.443298,75814.145324,75814.145324
2026-04-22,2026,Naive,78317.742272,76107.443298,76107.443298
2026-04-23,2026,Naive,78233.683749,78317.742272,78317.742272
2026-04-24,2026,Naive,77444.269277,78233.683749,78233.683749
2026-04-25,2026,Naive,77624.711482,77444.269277,77444.269277
2026-04-26,2026,Naive,78538.773357,77624.711482,77624.711482
2026-04-27,2026,Naive,77256.29716,78538.773357,78538.773357
2026-04-28,2026,Naive,76295.531117,77256.29716,77256.29716
2026-04-29,2026,Naive,75795.009853,76295.531117,76295.531117
2026-04-30,2026,Naive,76299.616129,75795.009853,75795.009853
2026-05-01,2026,Naive,78132.643785,76299.616129,76299.616129
2026-05-02,2026,Naive,78712.538732,78132.643785,78132.643785
2026-05-03,2026,Naive,78649.173289,78712.538732,78712.538732
2026-05-04,2026,Naive,79826.107817,78649.173289,78649.173289
2026-05-05,2026,Naive,80936.754825,79826.107817,79826.107817
2026-05-06,2026,Naive,81364.620129,80936.754825,80936.754825
2026-05-07,2026,Naive,79988.998734,81364.620129,81364.620129
2026-05-08,2026,Naive,80179.692296,79988.998734,79988.998734
2026-05-09,2026,Naive,80663.629652,80179.692296,80179.692296
2026-05-10,2026,Naive,82256.781138,80663.629652,80663.629652
2026-05-11,2026,Naive,81714.74205,82256.781138,82256.781138
2026-05-12,2026,Naive,80525.563025,81714.74205,81714.74205
2026-05-13,2026,Naive,79291.911002,80525.563025,80525.563025
2026-05-14,2026,Naive,81175.827112,79291.911002,79291.911002
2026-05-15,2026,Naive,79063.414576,81175.827112,81175.827112
2026-05-16,2026,Naive,78164.495271,79063.414576,79063.414576
2026-05-17,2026,Naive,77497.697113,78164.495271,78164.495271
2026-05-18,2026,Naive,76975.9112,77497.697113,77497.697113
2026-05-19,2026,Naive,76807.460956,76975.9112,76975.9112
2026-05-20,2026,Naive,77408.172209,76807.460956,76807.460956
2026-05-21,2026,Naive,77595.386172,77408.172209,77408.172209
2026-05-22,2026,Naive,75567.543043,77595.386172,77595.386172
2026-05-23,2026,Naive,76619.866609,75567.543043,75567.543043
2020-01-01,2020,Drift,7170.631869,7167.395055,7181.367590670255
2020-01-02,2020,Drift,6946.825269,7170.631869,7184.61071470322
2020-01-03,2020,Drift,7315.30936,6946.825269,6960.3678131351135
2020-01-04,2020,Drift,7343.164194,7315.30936,7329.5702483963005
2020-01-05,2020,Drift,7345.530692,7343.164194,7357.47938422544
2020-01-06,2020,Drift,7765.797735,7345.530692,7359.850495613912
2020-01-07,2020,Drift,8136.086842,7765.797735,7780.936831565436
2020-01-08,2020,Drift,8059.699529,8136.086842,8151.947801629514
2020-01-09,2020,Drift,7817.136093,8059.699529,8075.41157477065
2020-01-10,2020,Drift,8129.81792,7817.136093,7832.375271538441
2020-01-11,2020,Drift,8032.005495,8129.81792,8145.666658629335
2020-01-12,2020,Drift,8164.549993,8032.005495,8047.663552414358
2020-01-13,2020,Drift,8121.925668,8164.549993,8180.4664403471
2020-01-14,2020,Drift,8830.167873,8121.925668,8137.759021015489
2020-01-15,2020,Drift,8811.448203,8830.167873,8847.38191445203
2020-01-16,2020,Drift,8718.686998,8811.448203,8828.625751241481
2020-01-17,2020,Drift,8912.541904,8718.686998,8735.683712167773
2020-01-18,2020,Drift,8928.180757,8912.541904,8929.916530166225
2020-01-19,2020,Drift,8687.354837,8928.180757,8945.585870453408
2020-01-20,2020,Drift,8636.258786,8687.354837,8704.290470435675
2020-01-21,2020,Drift,8730.86756,8636.258786,8653.09480982999
2020-01-22,2020,Drift,8647.900474,8730.86756,8747.88801966188
2020-01-23,2020,Drift,8366.384614,8647.900474,8664.759192811862
2020-01-24,2020,Drift,8423.390958,8366.384614,8382.694529464845
2020-01-25,2020,Drift,8344.774569,8423.390958,8439.812004938532
2020-01-26,2020,Drift,8573.87481,8344.774569,8361.042356589613
2020-01-27,2020,Drift,8901.959285,8573.87481,8590.589218888546
2020-01-28,2020,Drift,9297.388318,8901.959285,8919.313280794895
2020-01-29,2020,Drift,9311.947544,9297.388318,9315.513186088978
2020-01-30,2020,Drift,9508.920965,9311.947544,9330.100794688662
2020-01-31,2020,Drift,9357.284782,9508.920965,9527.458207101146
2020-02-01,2020,Drift,9381.886029,9357.284782,9375.526415730239
2020-02-02,2020,Drift,9339.387063,9381.886029,9400.175621828153
2020-02-03,2020,Drift,9279.812521,9339.387063,9357.593805878649
2020-02-04,2020,Drift,9161.627198,9279.812521,9297.903125810808
2020-02-05,2020,Drift,9628.136776,9161.627198,9179.487405486727
2020-02-06,2020,Drift,9739.280436,9628.136776,9646.906424318311
2020-02-07,2020,Drift,9800.2794,9739.280436,9758.266754216085
2020-02-08,2020,Drift,9911.293408,9800.2794,9819.384633134796
2020-02-09,2020,Drift,10151.083203,9911.293408,9930.61505828144
2020-02-10,2020,Drift,9872.361873,10151.083203,10170.872313416998
2020-02-11,2020,Drift,10272.222556,9872.361873,9891.60762788886
2020-02-12,2020,Drift,10360.135223,10272.222556,10292.247822498515
2020-02-13,2020,Drift,10235.497323,10360.135223,10380.331871551003
2020-02-14,2020,Drift,10361.61569,10235.497323,10255.45099519903
2020-02-15,2020,Drift,9911.724327,10361.61569,10381.815224659249
2020-02-16,2020,Drift,9952.046612,9911.724327,9931.046817339935
2020-02-17,2020,Drift,9683.079628,9952.046612,9971.44770894124
2020-02-18,2020,Drift,10195.30379,9683.079628,9701.956385101
2020-02-19,2020,Drift,9636.002299,10195.30379,10215.179106594343
2020-02-20,2020,Drift,9614.030122,9636.002299,9654.787280825092
2020-02-21,2020,Drift,9701.797503,9614.030122,9632.772269988736
2020-02-22,2020,Drift,9675.249058,9701.797503,9720.71074981227
2020-02-23,2020,Drift,9972.842423,9675.249058,9694.110549733625
2020-02-24,2020,Drift,9648.007883,9972.842423,9992.284060501479
2020-02-25,2020,Drift,9344.28714,9648.007883,9666.816269206936
2020-02-26,2020,Drift,8798.888949,9344.28714,9362.503435372986
2020-02-27,2020,Drift,8779.029482,8798.888949,8816.042013503225
2020-02-28,2020,Drift,8750.593446,8779.029482,8796.143831306292
2020-02-29,2020,Drift,8582.0903,8750.593446,8767.652360448263
2020-03-01,2020,Drift,8541.773894,8582.0903,8598.820724641299
2020-03-02,2020,Drift,8906.214756,8541.773894,8558.42572350086
2020-03-03,2020,Drift,8768.810614,8906.214756,8923.577047656903
2020-03-04,2020,Drift,8756.369572,8768.810614,8785.90504205226
2020-03-05,2020,Drift,9062.615803,8756.369572,8773.439746763333
2020-03-06,2020,Drift,9147.085059,9062.615803,9080.282991930084
2020-03-07,2020,Drift,8898.306957,9147.085059,9164.916917197432
2020-03-08,2020,Drift,8109.614541,8898.306957,8915.653832734837
2020-03-09,2020,Drift,7896.38532,8109.614541,8125.4238939904
2020-03-10,2020,Drift,7909.927875,7896.38532,7911.778991578464
2020-03-11,2020,Drift,7939.341335,7909.927875,7925.347947220727
2020-03-12,2020,Drift,4959.313414,7939.341335,7954.818747525801
2020-03-13,2020,Drift,5627.692388,4959.313414,4968.981387237885
2020-03-14,2020,Drift,5145.172506,5627.692388,5638.663337979617
2020-03-15,2020,Drift,5358.610663,5145.172506,5155.202803732724
2020-03-16,2020,Drift,5012.927388,5358.610663,5369.057049456617
2020-03-17,2020,Drift,5416.754711,5012.927388,5022.699879428718
2020-03-18,2020,Drift,5392.487836,5416.754711,5427.314446836476
2020-03-19,2020,Drift,6203.551632,5392.487836,5403.0002645827335
2020-03-20,2020,Drift,6174.149476,6203.551632,6215.64519539301
2020-03-21,2020,Drift,6175.831022,6174.149476,6186.18572112461
2020-03-22,2020,Drift,5830.56098,6175.831022,6187.870545227922
2020-03-23,2020,Drift,6486.408657,5830.56098,5841.927413780403
2020-03-24,2020,Drift,6775.057619,6486.408657,6499.053638284875
2020-03-25,2020,Drift,6689.969013,6775.057619,6788.265309314695
2020-03-26,2020,Drift,6754.460336,6689.969013,6703.01082665053
2020-03-27,2020,Drift,6490.795415,6754.460336,6767.627872776454
2020-03-28,2020,Drift,6231.81989,6490.795415,6503.448948085377
2020-03-29,2020,Drift,5904.857587,6231.81989,6243.968561174876
2020-03-30,2020,Drift,6436.9057,5904.857587,5916.368858895719
2020-03-31,2020,Drift,6432.383242,6436.9057,6449.454177349045
2020-04-01,2020,Drift,6643.110009,6432.383242,6444.92290300709
2020-04-02,2020,Drift,6792.742222,6643.110009,6656.0604729900415
2020-04-03,2020,Drift,6751.902552,6792.742222,6805.984387705591
2020-04-04,2020,Drift,6859.989169,6751.902552,6765.065102483957
2020-04-05,2020,Drift,6790.812473,6859.989169,6873.362429804782
2020-04-06,2020,Drift,7298.173745,6790.812473,6804.050876740954
2020-04-07,2020,Drift,7187.593337,7298.173745,7312.401228234456
2020-04-08,2020,Drift,7372.194764,7187.593337,7201.605248372803
2020-04-09,2020,Drift,7299.579188,7372.194764,7386.566548102538
2020-04-10,2020,Drift,6859.822675,7299.579188,7313.809411086563
2020-04-11,2020,Drift,6883.182229,6859.822675,6873.19561123172
2020-04-12,2020,Drift,6978.666287,6883.182229,6896.600703701276
2020-04-13,2020,Drift,6863.575533,6978.666287,6992.270903862564
2020-04-14,2020,Drift,6875.538503,6863.575533,6876.955785270793
2020-04-15,2020,Drift,6625.475775,6875.538503,6888.942076578432
2020-04-16,2020,Drift,7127.792282,6625.475775,6638.391861791395
2020-04-17,2020,Drift,7081.395198,7127.792282,7141.687613727381
2020-04-18,2020,Drift,7262.792344,7081.395198,7095.200080560534
2020-04-19,2020,Drift,7150.244215,7262.792344,7276.950852679022
2020-04-20,2020,Drift,6853.273415,7150.244215,7164.183315827911
2020-04-21,2020,Drift,6870.423699,6853.273415,6866.633583724381
2020-04-22,2020,Drift,7123.65692,6870.423699,6883.817301482826
2020-04-23,2020,Drift,7488.605165,7123.65692,7137.5441900128235
2020-04-24,2020,Drift,7506.443316,7488.605165,7503.203886290718
2020-04-25,2020,Drift,7537.738209,7506.443316,7521.076812016992
2020-04-26,2020,Drift,7684.068522,7537.738209,7552.43271309669
2020-04-27,2020,Drift,7777.491519,7684.068522,7699.04829089685
2020-04-28,2020,Drift,7769.899698,7777.491519,7792.653412106272
2020-04-29,2020,Drift,8761.83717,7769.899698,7785.046791170045
2020-04-30,2020,Drift,8652.410991,8761.83717,8778.918003616029
2020-05-01,2020,Drift,8855.535258,8652.410991,8669.278502875339
2020-05-02,2020,Drift,8977.281705,8855.535258,8872.798752103801
2020-05-03,2020,Drift,8896.795638,8977.281705,8994.782538689575
2020-05-04,2020,Drift,8881.954305,8896.795638,8914.139567481912
2020-05-05,2020,Drift,8985.879599,8881.954305,8899.269301926479
2020-05-06,2020,Drift,9266.813073,8985.879599,9003.397193922867
2020-05-07,2020,Drift,9993.753177,9266.813073,9284.878335932835
2020-05-08,2020,Drift,9859.323605,9993.753177,10013.23557913827
2020-05-09,2020,Drift,9577.338922,9859.323605,9878.543942332926
2020-05-10,2020,Drift,8715.033293,9577.338922,9596.009542035157
2020-05-11,2020,Drift,8591.652884,8715.033293,8732.02288442331
2020-05-12,2020,Drift,8817.250681,8591.652884,8608.401950497233
2020-05-13,2020,Drift,9322.997202,8817.250681,8834.439540928672
2020-05-14,2020,Drift,9801.269488,9322.997202,9341.17199353291
2020-05-15,2020,Drift,9326.875859,9801.269488,9820.376651269775
2020-05-16,2020,Drift,9395.475389,9326.875859,9345.05821181185
2020-05-17,2020,Drift,9682.532481,9395.475389,9413.791473714797
2020-05-18,2020,Drift,9726.850022,9682.532481,9701.408171460902
2020-05-19,2020,Drift,9754.201462,9726.850022,9745.812107646
2020-05-20,2020,Drift,9515.70255,9754.201462,9773.216868129675
2020-05-21,2020,Drift,9068.801229,9515.70255,9534.253012516318
2020-05-22,2020,Drift,9161.815034,9068.801229,9086.480476158318
2020-05-23,2020,Drift,9183.662125,9161.815034,9179.67560766512
2020-05-24,2020,Drift,8806.230657,9183.662125,9201.565288651573
2020-05-25,2020,Drift,8909.192582,8806.230657,8823.398033854663
2020-05-26,2020,Drift,8835.137253,8909.192582,8926.560678803638
2020-05-27,2020,Drift,9169.057439,8835.137253,8852.360982049653
2020-05-28,2020,Drift,9568.261853,9169.057439,9186.932131429528
2020-05-29,2020,Drift,9432.413333,9568.261853,9586.914777670327
2020-05-30,2020,Drift,9691.680491,9432.413333,9450.801426685444
2020-05-31,2020,Drift,9433.943847,9691.680491,9710.57401512223
2020-06-01,2020,Drift,10199.135054,9433.943847,9452.334924358214
2020-06-02,2020,Drift,9512.346533,10199.135054,10219.017839482622
2020-06-03,2020,Drift,9642.2734,9512.346533,9530.890453102109
2020-06-04,2020,Drift,9813.360679,9642.2734,9661.070607073143
2020-06-05,2020,Drift,9641.891623,9813.360679,9832.491413538868
2020-06-06,2020,Drift,9668.670539,9641.891623,9660.688085814912
2020-06-07,2020,Drift,9747.580111,9668.670539,9687.519206187095
2020-06-08,2020,Drift,9769.342361,9747.580111,9766.582609083958
2020-06-09,2020,Drift,9779.422166,9769.342361,9788.387283676446
2020-06-10,2020,Drift,9888.444175,9779.422166,9798.486738832999
2020-06-11,2020,Drift,9277.451169,9888.444175,9907.721281661245
2020-06-12,2020,Drift,9456.161533,9277.451169,9295.537170454249
2020-06-13,2020,Drift,9461.333799,9456.161533,9474.595922804057
2020-06-14,2020,Drift,9342.955635,9461.333799,9479.778271919418
2020-06-15,2020,Drift,9441.383211,9342.955635,9361.169334659904
2020-06-16,2020,Drift,9520.091948,9441.383211,9459.788791085923
2020-06-17,2020,Drift,9448.693561,9520.091948,9538.650967463387
2020-06-18,2020,Drift,9389.990766,9448.693561,9467.113392306253
2020-06-19,2020,Drift,9285.991583,9389.990766,9408.296158672583
2020-06-20,2020,Drift,9357.292464,9285.991583,9304.094233632693
2020-06-21,2020,Drift,9284.769372,9357.292464,9375.534112705975
2020-06-22,2020,Drift,9684.620185,9284.769372,9302.869639983675
2020-06-23,2020,Drift,9611.725998,9684.620185,9703.499945352178
2020-06-24,2020,Drift,9292.943544,9611.725998,9630.463654195759
2020-06-25,2020,Drift,9247.121432,9292.943544,9311.05974718872
2020-06-26,2020,Drift,9159.437772,9247.121432,9265.148306905641
2020-06-27,2020,Drift,9002.165617,9159.437772,9177.293711292681
2020-06-28,2020,Drift,9108.065675,9002.165617,9019.71496083104
2020-06-29,2020,Drift,9184.247366,9108.065675,9125.821466546913
2020-06-30,2020,Drift,9143.967585,9184.247366,9202.151670554324
2020-07-01,2020,Drift,9241.339612,9143.967585,9161.793365812786
2020-07-02,2020,Drift,9094.387287,9241.339612,9259.355215490355
2020-07-03,2020,Drift,9066.690697,9094.387287,9112.116413103922
2020-07-04,2020,Drift,9126.219555,9066.690697,9084.365829764814
2020-07-05,2020,Drift,9079.614018,9126.219555,9144.010736773615
2020-07-06,2020,Drift,9338.942591,9079.614018,9097.3143442364
2020-07-07,2020,Drift,9252.158733,9338.942591,9357.14846739915
2020-07-08,2020,Drift,9434.567956,9252.158733,9270.195427912404
2020-07-09,2020,Drift,9231.502348,9434.567956,9452.960250032502
2020-07-10,2020,Drift,9285.221015,9231.502348,9249.498774157295
2020-07-11,2020,Drift,9237.171008,9285.221015,9303.322163442735
2020-07-12,2020,Drift,9289.097977,9237.171008,9255.178484971913
2020-07-13,2020,Drift,9236.622501,9289.097977,9307.206683417344
2020-07-14,2020,Drift,9260.356987,9236.622501,9254.628908680552
2020-07-15,2020,Drift,9196.725559,9260.356987,9278.409664064297
2020-07-16,2020,Drift,9132.592312,9196.725559,9214.654189267567
2020-07-17,2020,Drift,9156.46871,9132.592312,9150.395917195769
2020-07-18,2020,Drift,9175.905309,9156.46871,9174.318861230997
2020-07-19,2020,Drift,9218.842311,9175.905309,9193.793351064522
2020-07-20,2020,Drift,9167.190568,9218.842311,9236.814056946814
2020-07-21,2020,Drift,9388.57435,9167.190568,9185.06162104291
2020-07-22,2020,Drift,9531.25743,9388.57435,9406.876981429072
2020-07-23,2020,Drift,9609.166715,9531.25743,9549.83821610166
2020-07-24,2020,Drift,9548.100727,9609.166715,9627.899381981026
2020-07-25,2020,Drift,9702.45279,9548.100727,9566.71434840184
2020-07-26,2020,Drift,9933.906554,9702.45279,9721.367314266758
2020-07-27,2020,Drift,11046.50833,9933.906554,9953.272287659946
2020-07-28,2020,Drift,10944.612979,11046.50833,11068.043034099368
2020-07-29,2020,Drift,11115.771282,10944.612979,10965.949042391612
2020-07-30,2020,Drift,11135.390726,11115.771282,11137.441011315645
2020-07-31,2020,Drift,11338.197341,11135.390726,11157.098702597817
2020-08-01,2020,Drift,11797.582127,11338.197341,11360.300680577046
2020-08-02,2020,Drift,11094.020684,11797.582127,11820.581017925828
2020-08-03,2020,Drift,11236.095681,11094.020684,11115.648011438243
2020-08-04,2020,Drift,11202.651909,11236.095681,11257.99997767856
2020-08-05,2020,Drift,11721.438472,11202.651909,11224.491008449493
2020-08-06,2020,Drift,11769.309108,11721.438472,11744.288924068003
2020-08-07,2020,Drift,11598.969059,11769.309108,11792.252881862592
2020-08-08,2020,Drift,11743.008635,11598.969059,11621.58076209037
2020-08-09,2020,Drift,11680.517366,11743.008635,11765.90113719495
2020-08-10,2020,Drift,11870.369545,11680.517366,11703.288044090308
2020-08-11,2020,Drift,11392.644088,11870.369545,11893.510331940566
2020-08-12,2020,Drift,11575.512474,11392.644088,11414.853569223871
2020-08-13,2020,Drift,11773.448116,11575.512474,11598.078449462955
2020-08-14,2020,Drift,11774.408252,11773.448116,11796.399958684873
2020-08-15,2020,Drift,11866.910361,11774.408252,11797.361966429686
2020-08-16,2020,Drift,11899.642754,11866.910361,11890.044404406624
2020-08-17,2020,Drift,12315.762417,11899.642754,11922.840607832206
2020-08-18,2020,Drift,11992.695996,12315.762417,12339.771478640585
2020-08-19,2020,Drift,11736.849065,11992.695996,12016.075253219782
2020-08-20,2020,Drift,11867.520344,11736.849065,11759.7295593719
2020-08-21,2020,Drift,11524.698949,11867.520344,11890.655576542867
2020-08-22,2020,Drift,11682.28915,11524.698949,11547.165865629846
2020-08-23,2020,Drift,11665.609274,11682.28915,11705.063282108811
2020-08-24,2020,Drift,11771.408054,11665.609274,11688.350889391008
2020-08-25,2020,Drift,11358.45432,11771.408054,11794.355919669675
2020-08-26,2020,Drift,11472.04912,11358.45432,11380.597149706931
2020-08-27,2020,Drift,11314.673741,11472.04912,11494.4133979992
2020-08-28,2020,Drift,11527.883032,11314.673741,11336.731222306704
2020-08-29,2020,Drift,11490.762348,11527.883032,11550.35615586594
2020-08-30,2020,Drift,11698.975833,11490.762348,11513.163106651338
2020-08-31,2020,Drift,11678.348227,11698.975833,11721.782495096575
2020-09-01,2020,Drift,11970.364856,11678.348227,11701.114676444919
2020-09-02,2020,Drift,11414.520934,11970.364856,11993.70057960013
2020-09-03,2020,Drift,10261.49441,11414.520934,11436.773063216448
2020-09-04,2020,Drift,10471.966413,10261.49441,10281.498762428408
2020-09-05,2020,Drift,10128.643586,10471.966413,10492.38107175964
2020-09-06,2020,Drift,10253.299898,10128.643586,10148.388951325993
2020-09-07,2020,Drift,10367.878354,10253.299898,10273.288275571385
2020-09-08,2020,Drift,10108.63545,10367.878354,10388.09009745972
2020-09-09,2020,Drift,10223.111409,10108.63545,10128.341810305086
2020-09-10,2020,Drift,10334.63073,10223.111409,10243.040935379824
2020-09-11,2020,Drift,10387.020742,10334.63073,10354.777658612942
2020-09-12,2020,Drift,10436.977832,10387.020742,10407.269802741257
2020-09-13,2020,Drift,10322.523615,10436.977832,10457.3242819903
2020-09-14,2020,Drift,10662.719912,10322.523615,10342.646941300678
2020-09-15,2020,Drift,10779.381025,10662.719912,10683.506436695388
2020-09-16,2020,Drift,10968.320547,10779.381025,10800.394975636085
2020-09-17,2020,Drift,10936.292751,10968.320547,10989.702827299847
2020-09-18,2020,Drift,10920.112844,10936.292751,10957.61259445653
2020-09-19,2020,Drift,11073.779548,10920.112844,10941.401145407295
2020-09-20,2020,Drift,10921.2181,11073.779548,11095.367416193623
2020-09-21,2020,Drift,10455.379962,10921.2181,10942.508556057453
2020-09-22,2020,Drift,10519.839164,10455.379962,10475.762286169951
2020-09-23,2020,Drift,10233.299569,10519.839164,10540.347148677334
2020-09-24,2020,Drift,10739.042709,10233.299569,10253.248956769901
2020-09-25,2020,Drift,10683.630581,10739.042709,10759.97802178302
2020-09-26,2020,Drift,10742.03042,10683.630581,10704.457870166474
2020-09-27,2020,Drift,10758.82429,10742.03042,10762.971557200146
2020-09-28,2020,Drift,10727.375054,10758.82429,10779.798166144466
2020-09-29,2020,Drift,10841.142744,10727.375054,10748.287621179572
2020-09-30,2020,Drift,10772.351767,10841.142744,10862.277096513637
2020-10-01,2020,Drift,10606.617333,10772.351767,10793.352014392802
2020-10-02,2020,Drift,10570.105678,10606.617333,10627.294488073614
2020-10-03,2020,Drift,10555.705434,10570.105678,10590.711655135472
2020-10-04,2020,Drift,10665.618622,10555.705434,10576.28333846452
2020-10-05,2020,Drift,10772.6356,10665.618622,10686.410797608803
2020-10-06,2020,Drift,10596.373549,10772.6356,10793.636400713314
2020-10-07,2020,Drift,10667.194394,10596.373549,10617.030734246886
2020-10-08,2020,Drift,10902.529364,10667.194394,10687.989641510145
2020-10-09,2020,Drift,11074.10368,10902.529364,10923.783387151441
2020-10-10,2020,Drift,11302.854286,11074.10368,11095.692180075346
2020-10-11,2020,Drift,11378.262528,11302.854286,11324.88872577553
2020-10-12,2020,Drift,11548.401557,11378.262528,11400.443972976595
2020-10-13,2020,Drift,11434.968785,11548.401557,11570.914680868767
2020-10-14,2020,Drift,11417.108114,11434.968785,11457.26077644328
2020-10-15,2020,Drift,11502.581239,11417.108114,11439.365286815211
2020-10-16,2020,Drift,11338.987177,11502.581239,11525.005038083016
2020-10-17,2020,Drift,11362.802217,11338.987177,11361.092056329162
2020-10-18,2020,Drift,11489.622565,11362.802217,11384.953522749545
2020-10-19,2020,Drift,11745.811968,11489.622565,11512.021101692244
2020-10-20,2020,Drift,11929.457251,11745.811968,11768.709935174908
2020-10-21,2020,Drift,12848.490618,11929.457251,11952.713226942069
2020-10-22,2020,Drift,12997.499342,12848.490618,12873.538210896906
2020-10-23,2020,Drift,12953.429697,12997.499342,13022.837421146833
2020-10-24,2020,Drift,13113.866923,12953.429697,12978.681864224578
2020-10-25,2020,Drift,13041.641037,13113.866923,13139.431855859222
2020-10-26,2020,Drift,13080.65617,13041.641037,13067.065168527537
2020-10-27,2020,Drift,13675.523928,13080.65617,13106.15635989091
2020-10-28,2020,Drift,13290.32885,13675.523928,13702.183787604099
2020-10-29,2020,Drift,13475.217301,13290.32885,13316.23778797552
2020-10-30,2020,Drift,13603.296091,13475.217301,13501.486671246492
2020-10-31,2020,Drift,13807.233611,13603.296091,13629.815145469021
2020-11-01,2020,Drift,13736.899411,13807.233611,13834.150233100056
2020-11-02,2020,Drift,13595.56476,13736.899411,13763.678919530788
2020-11-03,2020,Drift,13996.915399,13595.56476,13622.068742563908
2020-11-04,2020,Drift,14129.148195,13996.915399,14024.201797780213
2020-11-05,2020,Drift,15606.466834,14129.148195,14156.692376062998
2020-11-06,2020,Drift,15618.972471,15606.466834,15636.890985710823
2020-11-07,2020,Drift,14866.356305,15618.972471,15649.421001924988
2020-11-08,2020,Drift,15500.000707,14866.356305,14895.337642314931
2020-11-09,2020,Drift,15319.819973,15500.000707,15530.217307467201
2020-11-10,2020,Drift,15319.275676,15319.819973,15349.685318692826
2020-11-11,2020,Drift,15731.241106,15319.275676,15349.139960608682
2020-11-12,2020,Drift,16289.814898,15731.241106,15761.908499914281
2020-11-13,2020,Drift,16330.062768,16289.814898,16321.571208064894
2020-11-14,2020,Drift,16102.010017,16330.062768,16361.897539597278
2020-11-15,2020,Drift,15986.754991,16102.010017,16133.40020933611
2020-11-16,2020,Drift,16743.05394,15986.754991,16017.920498502974
2020-11-17,2020,Drift,17682.169187,16743.05394,16775.693820543835
2020-11-18,2020,Drift,17804.690024,17682.169187,17716.639833280406
2020-11-19,2020,Drift,17818.668662,17804.690024,17839.399519506966
2020-11-20,2020,Drift,18663.781853,17818.668662,17853.405408274724
2020-11-21,2020,Drift,18706.589335,18663.781853,18700.166111950675
2020-11-22,2020,Drift,18482.692632,18706.589335,18743.057045339167
2020-11-23,2020,Drift,18373.25776,18482.692632,18518.723865119042
2020-11-24,2020,Drift,19150.251049,18373.25776,18409.075654431716
2020-11-25,2020,Drift,18748.393713,19150.251049,19187.58365921936
2020-11-26,2020,Drift,17113.716871,18748.393713,18784.942919218534
2020-11-27,2020,Drift,17101.603018,17113.716871,17147.0793433621
2020-11-28,2020,Drift,17745.377312,17101.603018,17134.94187491439
2020-11-29,2020,Drift,18190.86688,17745.377312,17779.971179865715
2020-11-30,2020,Drift,19664.407607,18190.86688,18226.329211070526
2020-12-01,2020,Drift,18820.60779,19664.407607,19702.742543837558
2020-12-02,2020,Drift,19214.872229,18820.60779,18857.297774529063
2020-12-03,2020,Drift,19470.311208,19214.872229,19252.330815496054
2020-12-04,2020,Drift,18732.967091,19470.311208,19508.26776205864
2020-12-05,2020,Drift,19114.633131,18732.967091,18769.486223666772
2020-12-06,2020,Drift,19356.313677,19114.633131,19151.896305583967
2020-12-07,2020,Drift,19182.176833,19356.313677,19394.047997659196
2020-12-08,2020,Drift,18340.978138,19182.176833,19219.57168119457
2020-12-09,2020,Drift,18574.696735,18340.978138,18376.733104664185
2020-12-10,2020,Drift,18294.846951,18574.696735,18610.907326254197
2020-12-11,2020,Drift,18061.760026,18294.846951,18330.511986852373
2020-12-12,2020,Drift,18813.283769,18061.760026,18096.9706686804
2020-12-13,2020,Drift,19156.082506,18813.283769,18849.959475657695
2020-12-14,2020,Drift,19286.751299,19156.082506,19193.426484399894
2020-12-15,2020,Drift,19432.588464,19286.751299,19324.35001072451
2020-12-16,2020,Drift,21370.720319,19432.588464,19470.47147915335
2020-12-17,2020,Drift,22789.267416,21370.720319,21412.381640814256
2020-12-18,2020,Drift,23048.764561,22789.267416,22833.69413580902
2020-12-19,2020,Drift,23856.773519,23048.764561,23093.697159595806
2020-12-20,2020,Drift,23528.550614,23856.773519,23903.281297127687
2020-12-21,2020,Drift,22937.418344,23528.550614,23574.41853535787
2020-12-22,2020,Drift,23756.888769,22937.418344,22982.133877821667
2020-12-23,2020,Drift,23307.270902,23756.888769,23803.20182600215
2020-12-24,2020,Drift,23707.633044,23307.270902,23352.707447851804
2020-12-25,2020,Drift,24669.164322,23707.633044,23753.850079034717
2020-12-26,2020,Drift,26478.068105,24669.164322,24717.255821882383
2020-12-27,2020,Drift,26430.856597,26478.068105,26529.68598684376
2020-12-28,2020,Drift,27039.34902,26430.856597,26482.38244199153
2020-12-29,2020,Drift,27231.203455,27039.34902,27092.06109541698
2020-12-30,2020,Drift,28844.613678,27231.203455,27284.289542581224
2020-12-31,2020,Drift,29022.671413,28844.613678,28900.845041056993
2021-01-01,2021,Drift,29380.693733,29022.671413,29088.47877633189
2021-01-02,2021,Drift,32022.681058,29380.693733,29447.312892894577
2021-01-03,2021,Drift,33277.835305,32022.681058,32095.290783592005
2021-01-04,2021,Drift,31802.146714,33277.835305,33353.29102606894
2021-01-05,2021,Drift,34013.174172,31802.146714,31874.256389700106
2021-01-06,2021,Drift,36643.277722,34013.174172,34090.29723482753
2021-01-07,2021,Drift,39215.651149,36643.277722,36726.3644046974
2021-01-08,2021,Drift,40775.404563,39215.651149,39304.570551584795
2021-01-09,2021,Drift,40370.68235,40775.404563,40867.86062346727
2021-01-10,2021,Drift,38329.340167,40370.68235,40462.22072438178
2021-01-11,2021,Drift,35269.513718,38329.340167,38416.24990658763
2021-01-12,2021,Drift,33712.468545,35269.513718,35349.48546390689
2021-01-13,2021,Drift,37296.547528,33712.468545,33788.90977381679
2021-01-14,2021,Drift,39045.51834,37296.547528,37381.11546522651
2021-01-15,2021,Drift,36710.317425,39045.51834,39134.05197549199
2021-01-16,2021,Drift,36177.261097,36710.317425,36793.55611665724
2021-01-17,2021,Drift,36069.939467,36177.261097,36259.29111179376
2021-01-18,2021,Drift,36594.296402,36069.939467,36151.72613570758
2021-01-19,2021,Drift,36250.146189,36594.296402,36677.272022160265
2021-01-20,2021,Drift,35515.480013,36250.146189,36332.341466862155
2021-01-21,2021,Drift,31022.951028,35515.480013,35596.00947439462
2021-01-22,2021,Drift,32986.435757,31022.951028,31093.293918937754
2021-01-23,2021,Drift,32036.282272,32986.435757,33061.23074509722
2021-01-24,2021,Drift,32216.10429,32036.282272,32108.922837621125
2021-01-25,2021,Drift,32419.705946,32216.10429,32289.152592479844
2021-01-26,2021,Drift,32640.639143,32419.705946,32493.21590440258
2021-01-27,2021,Drift,30358.934724,32640.639143,32714.65005567244
2021-01-28,2021,Drift,33511.287595,30358.934724,30427.77199329618
2021-01-29,2021,Drift,34166.149426,33511.287595,33587.27265671612
2021-01-30,2021,Drift,34349.917095,34166.149426,34243.619352077214
2021-01-31,2021,Drift,33157.832575,34349.917095,34427.80370448965
2021-02-01,2021,Drift,33570.271847,33157.832575,33233.01619626319
2021-02-02,2021,Drift,35596.148909,33570.271847,33646.39065236939
2021-02-03,2021,Drift,37578.373207,35596.148909,35676.861282824466
2021-02-04,2021,Drift,37129.202938,37578.373207,37663.58016895963
2021-02-05,2021,Drift,38045.413608,37129.202938,37213.39143027194
2021-02-06,2021,Drift,39341.727081,38045.413608,38131.67955922089
2021-02-07,2021,Drift,39003.012182,39341.727081,39430.932354052966
2021-02-08,2021,Drift,46121.934072,39003.012182,39091.44943704018
2021-02-09,2021,Drift,46548.161991,46121.934072,46226.51310367679
2021-02-10,2021,Drift,45078.12835,46548.161991,46653.70747180647
2021-02-11,2021,Drift,47892.840918,45078.12835,45180.340607735896
2021-02-12,2021,Drift,47525.209143,47892.840918,48001.43538673231
2021-02-13,2021,Drift,47208.625027,47525.209143,47632.97002624166
2021-02-14,2021,Drift,48829.82751,47208.625027,47315.6680726019
2021-02-15,2021,Drift,48110.241733,48829.82751,48940.54654597905
2021-02-16,2021,Drift,49140.382658,48110.241733,48219.32914651392
2021-02-17,2021,Drift,52224.939114,49140.382658,49251.80586125463
2021-02-18,2021,Drift,51650.069949,52224.939114,52343.356384910534
2021-02-19,2021,Drift,55820.504404,51650.069949,51767.18373466374
2021-02-20,2021,Drift,55861.820567,55820.504404,55947.074427910266
2021-02-21,2021,Drift,57500.71611,55861.820567,55988.484273111724
2021-02-22,2021,Drift,53952.153339,57500.71611,57631.095924561094
2021-02-23,2021,Drift,48560.489035,53952.153339,54074.48697627251
2021-02-24,2021,Drift,49567.345689,48560.489035,48670.597360316635
2021-02-25,2021,Drift,47568.13117,49567.345689,49679.737008211654
2021-02-26,2021,Drift,46231.767578,47568.13117,47675.989376654295
2021-02-27,2021,Drift,45834.513361,46231.767578,46336.59565130817
2021-02-28,2021,Drift,45359.464164,45834.513361,45938.44068150629
2021-03-01,2021,Drift,49634.447109,45359.464164,45462.314335726194
2021-03-02,2021,Drift,48304.705488,49634.447109,49746.99057711149
2021-03-03,2021,Drift,50690.467184,48304.705488,48414.233837732296
2021-03-04,2021,Drift,48472.795475,50690.467184,50805.40512144798
2021-03-05,2021,Drift,48800.817359,48472.795475,48582.704959834904
2021-03-06,2021,Drift,48970.524487,48800.817359,48911.470616005085
2021-03-07,2021,Drift,51086.468179,48970.524487,49081.562545888875
2021-03-08,2021,Drift,52088.475132,51086.468179,51202.30402763565
2021-03-09,2021,Drift,54739.135254,52088.475132,52206.58297809166
2021-03-10,2021,Drift,56116.040912,54739.135254,54863.25333089487
2021-03-11,2021,Drift,57847.254936,56116.040912,56243.28104921868
2021-03-12,2021,Drift,57334.641535,57847.254936,57978.420508912095
2021-03-13,2021,Drift,61288.794128,57334.641535,57464.64478429797
2021-03-14,2021,Drift,59905.61847,61288.794128,61427.76320792929
2021-03-15,2021,Drift,56121.121924,59905.61847,60041.45127271405
2021-03-16,2021,Drift,56500.446026,56121.121924,56248.373582143075
2021-03-17,2021,Drift,58683.065982,56500.446026,56628.557781363124
2021-03-18,2021,Drift,57731.479841,58683.065982,58816.126711991135
2021-03-19,2021,Drift,58168.121922,57731.479841,57862.38290004378
2021-03-20,2021,Drift,58247.884707,58168.121922,58300.01504373172
2021-03-21,2021,Drift,57447.93302,58247.884707,58379.95868660308
2021-03-22,2021,Drift,54453.137351,57447.93302,57578.19315171274
2021-03-23,2021,Drift,54563.611946,54453.137351,54576.6069428658
2021-03-24,2021,Drift,52595.411324,54563.611946,54687.33203313237
2021-03-25,2021,Drift,51547.124895,52595.411324,52714.66862093643
2021-03-26,2021,Drift,54817.857112,51547.124895,51664.0052582308
2021-03-27,2021,Drift,56019.837306,54817.857112,54942.15368651963
2021-03-28,2021,Drift,55713.03814,56019.837306,56146.859306660415
2021-03-29,2021,Drift,57571.233348,55713.03814,55839.364489874184
2021-03-30,2021,Drift,58684.548392,57571.233348,57701.773056646525
2021-03-31,2021,Drift,58792.194828,58684.548392,58817.612483276935
2021-04-01,2021,Drift,58818.977099,58792.194828,58925.50300184344
2021-04-02,2021,Drift,59031.534019,58818.977099,58952.346000218036
2021-04-03,2021,Drift,57282.389625,59031.534019,59165.38488172544
2021-04-04,2021,Drift,58202.199392,57282.389625,57412.27439587201
2021-04-05,2021,Drift,58755.85253,58202.199392,58334.16978258192
2021-04-06,2021,Drift,58084.066423,58755.85253,58889.078299616245
2021-04-07,2021,Drift,56266.834676,58084.066423,58215.76895335975
2021-04-08,2021,Drift,57963.344599,56266.834676,56394.416730055855
2021-04-09,2021,Drift,58051.762556,57963.344599,58094.773399046615
2021-04-10,2021,Drift,59651.558988,58051.762556,58183.39183906
2021-04-11,2021,Drift,59932.930647,59651.558988,59786.81572435537
2021-04-12,2021,Drift,59905.936374,59932.930647,60068.82537862231
2021-04-13,2021,Drift,63445.638314,59905.936374,60041.76989754445
2021-04-14,2021,Drift,62869.495587,63445.638314,63589.497923370174
2021-04-15,2021,Drift,63231.162987,62869.495587,63012.04882338929
2021-04-16,2021,Drift,61571.110091,63231.162987,63374.53628497696
2021-04-17,2021,Drift,60280.876176,61571.110091,61710.71930735529
2021-04-18,2021,Drift,56389.557981,60280.876176,60417.559855597516
2021-04-19,2021,Drift,55798.137077,56389.557981,56517.41830362068
2021-04-20,2021,Drift,56474.373759,55798.137077,55924.65638418631
2021-04-21,2021,Drift,54025.799575,56474.373759,56602.42639688483
2021-04-22,2021,Drift,51882.059811,54025.799575,54148.300201194426
2021-04-23,2021,Drift,50954.910061,51882.059811,51999.69962133324
2021-04-24,2021,Drift,50279.948446,50954.910061,51070.447608602386
2021-04-25,2021,Drift,48946.940743,50279.948446,50393.95555405045
2021-04-26,2021,Drift,53943.349978,48946.940743,49057.92532700408
2021-04-27,2021,Drift,55027.030985,53943.349978,54065.66365411981
2021-04-28,2021,Drift,54787.378707,55027.030985,55151.80185014795
2021-04-29,2021,Drift,53567.081194,54787.378707,54911.606173357846
2021-04-30,2021,Drift,57741.444417,53567.081194,53688.54170067077
2021-05-01,2021,Drift,57863.590393,57741.444417,57872.37007018971
2021-05-02,2021,Drift,56572.596841,57863.590393,57994.79300569175
2021-05-03,2021,Drift,57243.041605,56572.596841,56700.87219449749
2021-05-04,2021,Drift,53724.108925,57243.041605,57372.8371563301
2021-05-05,2021,Drift,57342.025662,53724.108925,53845.92548369645
2021-05-06,2021,Drift,56527.352979,57342.025662,57472.04565441308
2021-05-07,2021,Drift,57341.068455,56527.352979,56655.52574444752
2021-05-08,2021,Drift,58736.125895,57341.068455,57471.086276997135
2021-05-09,2021,Drift,58288.42563,58736.125895,58869.30693552091
2021-05-10,2021,Drift,55902.92774,58288.42563,58420.59153398908
2021-05-11,2021,Drift,56612.102649,55902.92774,56029.684654439465
2021-05-12,2021,Drift,50972.355081,56612.102649,56740.4675798153
2021-05-13,2021,Drift,49368.614474,50972.355081,51087.93218425711
2021-05-14,2021,Drift,49997.395901,49368.614474,49480.55518075476
2021-05-15,2021,Drift,47047.963333,49997.395901,50110.76233618734
2021-05-16,2021,Drift,46022.503709,47047.963333,47154.64208675846
2021-05-17,2021,Drift,43492.395483,46022.503709,46126.8572876187
2021-05-18,2021,Drift,42789.809392,43492.395483,43591.012175825934
2021-05-19,2021,Drift,37642.520002,42789.809392,42886.83300824438
2021-05-20,2021,Drift,40799.402148,37642.520002,37727.87241340448
2021-05-21,2021,Drift,37174.331101,40799.402148,40891.91262171451
2021-05-22,2021,Drift,37643.419798,37174.331101,37258.621918980585
2021-05-23,2021,Drift,34774.207222,37643.419798,37728.77424964404
2021-05-24,2021,Drift,38630.409119,34774.207222,34853.05588677906
2021-05-25,2021,Drift,38269.771075,38630.409119,38718.00151641849
2021-05-26,2021,Drift,39194.858898,38269.771075,38356.54574484078
2021-05-27,2021,Drift,38510.857042,39194.858898,39283.73115526186
2021-05-28,2021,Drift,35596.717951,38510.857042,38598.178361444436
2021-05-29,2021,Drift,34681.818367,35596.717951,35677.43161509692
2021-05-30,2021,Drift,35652.16877,34681.818367,34760.45754496573
2021-05-31,2021,Drift,37312.974897,35652.16877,35733.00816587884
2021-06-01,2021,Drift,36661.378118,37312.974897,37397.580082411725
2021-06-02,2021,Drift,37639.455673,36661.378118,36744.505842382336
2021-06-03,2021,Drift,39160.150413,37639.455673,37724.8011362015
2021-06-04,2021,Drift,36884.373555,39160.150413,39248.94397061873
2021-06-05,2021,Drift,35409.567237,36884.373555,36968.006909671676
2021-06-06,2021,Drift,35720.604355,35409.567237,35489.85654680993
2021-06-07,2021,Drift,33724.907752,35720.604355,35801.598924926846
2021-06-08,2021,Drift,33475.048923,33724.907752,33801.37718605686
2021-06-09,2021,Drift,37372.988895,33475.048923,33550.95181545537
2021-06-10,2021,Drift,36826.002219,37372.988895,37457.73015895926
2021-06-11,2021,Drift,37185.393127,36826.002219,36909.503219772836
2021-06-12,2021,Drift,35669.171282,37185.393127,37269.709027536
2021-06-13,2021,Drift,38925.419429,35669.171282,35750.049230170225
2021-06-14,2021,Drift,40455.595983,38925.419429,39013.680746600934
2021-06-15,2021,Drift,40254.651468,40455.595983,40547.32689452694
2021-06-16,2021,Drift,38265.543773,40254.651468,40345.92674853005
2021-06-17,2021,Drift,38018.643235,38265.543773,38352.308857658405
2021-06-18,2021,Drift,35714.312079,38018.643235,38104.848485824376
2021-06-19,2021,Drift,35555.976397,35714.312079,35795.29238152579
2021-06-20,2021,Drift,35599.941878,35555.976397,35636.5976817908
2021-06-21,2021,Drift,31715.159862,35599.941878,35680.66285217987
2021-06-22,2021,Drift,32394.555595,31715.159862,31787.07229964117
2021-06-23,2021,Drift,33610.496813,32394.555595,32468.008526319765
2021-06-24,2021,Drift,34658.972876,33610.496813,33686.706826339694
2021-06-25,2021,Drift,31683.5032,34658.972876,34737.56025303034
2021-06-26,2021,Drift,31890.676447,31683.5032,31755.343857844317
2021-06-27,2021,Drift,34506.491198,31890.676447,31962.986859159628
2021-06-28,2021,Drift,34376.188539,34506.491198,34584.73283093797
2021-06-29,2021,Drift,35933.778218,34376.188539,34454.1347175912
2021-06-30,2021,Drift,35065.466153,35933.778218,36015.25614831968
2021-07-01,2021,Drift,33505.080494,35065.466153,35144.975231909215
2021-07-02,2021,Drift,33782.945946,33505.080494,33581.05148144485
2021-07-03,2021,Drift,34588.224292,33782.945946,33859.54697857394
2021-07-04,2021,Drift,35355.607888,34588.224292,34666.651250380164
2021-07-05,2021,Drift,33911.75384,35355.607888,35435.774847856876
2021-07-06,2021,Drift,34123.981568,33911.75384,33988.6469376206
2021-07-07,2021,Drift,33931.618638,34123.981568,34201.355880702664
2021-07-08,2021,Drift,32819.659531,33931.618638,34008.556777993195
2021-07-09,2021,Drift,33914.881074,32819.659531,32894.07636287778
2021-07-10,2021,Drift,33610.945839,33914.881074,33991.78126245731
2021-07-11,2021,Drift,34258.44139,33610.945839,33687.156870482264
2021-07-12,2021,Drift,33135.235912,34258.44139,34336.12058319536
2021-07-13,2021,Drift,32641.975961,33135.235912,33210.36829653205
2021-07-14,2021,Drift,32798.284519,32641.975961,32715.98990483613
2021-07-15,2021,Drift,31707.690037,32798.284519,32872.65288417529
2021-07-16,2021,Drift,31455.717582,31707.690037,31779.5855372104
2021-07-17,2021,Drift,31547.951199,31455.717582,31527.041748074414
2021-07-18,2021,Drift,31707.703853,31547.951199,31619.484499893842
2021-07-19,2021,Drift,30883.469746,31707.703853,31779.599384537443
2021-07-20,2021,Drift,29766.657718,30883.469746,30953.49637055166
2021-07-21,2021,Drift,32119.657226,29766.657718,29834.15203069607
2021-07-22,2021,Drift,32306.961429,32119.657226,32192.48683989351
2021-07-23,2021,Drift,33439.595703,32306.961429,32380.215745208643
2021-07-24,2021,Drift,34166.914655,33439.595703,33515.41820716525
2021-07-25,2021,Drift,35119.937436,34166.914655,34244.38631619326
2021-07-26,2021,Drift,37444.78251,35119.937436,35199.57002564538
2021-07-27,2021,Drift,39126.540288,37444.78251,37529.68656216162
2021-07-28,2021,Drift,39939.194043,39126.540288,39215.25763644845
2021-07-29,2021,Drift,40086.164395,39939.194043,40029.754040602194
2021-07-30,2021,Drift,41789.667098,40086.164395,40177.05764005607
2021-07-31,2021,Drift,41793.313748,41789.667098,41884.42294480343
2021-08-01,2021,Drift,39968.968954,41793.313748,41888.0778633883
2021-08-02,2021,Drift,39304.186284,39968.968954,40059.59646462877
2021-08-03,2021,Drift,38288.825398,39304.186284,39393.30643529307
2021-08-04,2021,Drift,39773.911349,38288.825398,38375.643272504436
2021-08-05,2021,Drift,40941.650434,39773.911349,39864.0965768871
2021-08-06,2021,Drift,42790.357328,40941.650434,41034.48344813496
2021-08-07,2021,Drift,44484.900586,42790.357328,42887.38218666011
2021-08-08,2021,Drift,43972.301018,44484.900586,44585.76773134261
2021-08-09,2021,Drift,46265.642456,43972.301018,44072.00587109407
2021-08-10,2021,Drift,45488.791262,46265.642456,46370.54733879178
2021-08-11,2021,Drift,45676.326361,45488.791262,45591.934676040306
2021-08-12,2021,Drift,44405.748348,45676.326361,45779.895000899836
2021-08-13,2021,Drift,47717.485356,44405.748348,44506.43601985409
2021-08-14,2021,Drift,47124.205074,47717.485356,47825.68221532494
2021-08-15,2021,Drift,47074.37071,47124.205074,47231.05670184987
2021-08-16,2021,Drift,45984.719907,47074.37071,47181.10934108085
2021-08-17,2021,Drift,44714.096798,45984.719907,46088.987812857886
2021-08-18,2021,Drift,44954.363747,44714.096798,44815.48363355936
2021-08-19,2021,Drift,46646.861505,44954.363747,45056.29537508327
2021-08-20,2021,Drift,49240.835605,46646.861505,46752.630781703345
2021-08-21,2021,Drift,49070.24097,49240.835605,49352.48657996754
2021-08-22,2021,Drift,49363.316095,49070.24097,49181.50513070884
2021-08-23,2021,Drift,49590.876368,49363.316095,49475.24478796227
2021-08-24,2021,Drift,47925.862213,49590.876368,49703.321041774376
2021-08-25,2021,Drift,49002.316605,47925.862213,48034.53155576189
2021-08-26,2021,Drift,47190.344993,49002.316605,49113.426750825
2021-08-27,2021,Drift,49048.475589,47190.344993,47297.34658959736
2021-08-28,2021,Drift,48852.4688,49048.475589,49159.690397865415
2021-08-29,2021,Drift,48948.347958,48852.4688,48963.239173899536
2021-08-30,2021,Drift,47125.768519,48948.347958,49059.33573278922
2021-08-31,2021,Drift,47219.244342,47125.768519,47232.62369187823
2021-09-01,2021,Drift,48688.537557,47219.244342,47326.311466333675
2021-09-02,2021,Drift,49369.586275,48688.537557,48798.93622552769
2021-09-03,2021,Drift,49860.534164,49369.586275,49481.529185261825
2021-09-04,2021,Drift,49919.577564,49860.534164,49973.59027248016
2021-09-05,2021,Drift,51747.643857,49919.577564,50032.76755024837
2021-09-06,2021,Drift,52640.588374,51747.643857,51864.9788863089
2021-09-07,2021,Drift,46854.400603,52640.588374,52759.94810749374
2021-09-08,2021,Drift,46187.975731,46854.400603,46960.64046356633
2021-09-09,2021,Drift,46448.774829,46187.975731,46292.704508624956
2021-09-10,2021,Drift,44765.275576,46448.774829,46554.09495470435
2021-09-11,2021,Drift,45098.591645,44765.275576,44866.778456715605
2021-09-12,2021,Drift,46180.612456,45098.591645,45200.850302168605
2021-09-13,2021,Drift,44991.522128,46180.612456,46285.32453779065
2021-09-14,2021,Drift,47022.61776,44991.522128,45093.53801073523
2021-09-15,2021,Drift,48167.189368,47022.61776,47129.23904402014
2021-09-16,2021,Drift,47797.328324,48167.189368,48276.40590724649
2021-09-17,2021,Drift,47213.794129,47797.328324,47905.706223006986
2021-09-18,2021,Drift,48204.013652,47213.794129,47320.84889526567
2021-09-19,2021,Drift,47218.473996,48204.013652,48313.31368835129
2021-09-20,2021,Drift,42855.510345,47218.473996,47325.53937361511
2021-09-21,2021,Drift,40526.489376,42855.510345,42952.68293465981
2021-09-22,2021,Drift,43577.572482,40526.489376,40618.381034523816
2021-09-23,2021,Drift,44861.298033,43577.572482,43676.38230913949
2021-09-24,2021,Drift,42803.307701,44861.298033,44963.018639528156
2021-09-25,2021,Drift,42735.265824,42803.307701,42900.36192394188
2021-09-26,2021,Drift,43131.294177,42735.265824,42832.16576560583
2021-09-27,2021,Drift,42496.785225,43131.294177,43229.09209182631
2021-09-28,2021,Drift,41223.786274,42496.785225,42593.14442453551
2021-09-29,2021,Drift,41453.947013,41223.786274,41317.25901614165
2021-09-30,2021,Drift,43781.546015,41453.947013,41547.94163237206
2021-10-01,2021,Drift,48078.131554,43781.546015,43880.81834127353
2021-10-02,2021,Drift,47792.439194,48078.131554,48187.1461593914
2021-10-03,2021,Drift,48202.622918,47792.439194,47900.80600716482
2021-10-04,2021,Drift,49288.501311,48202.622918,48311.91980093594
2021-10-05,2021,Drift,51558.049332,49288.501311,49400.26036541993
2021-10-06,2021,Drift,55419.800411,51558.049332,51674.95446581048
2021-10-07,2021,Drift,53805.156913,55419.800411,55545.46185992484
2021-10-08,2021,Drift,53933.527591,53805.156913,53927.15724369723
2021-10-09,2021,Drift,55010.922475,53933.527591,54055.81899537987
2021-10-10,2021,Drift,54701.279702,55010.922475,55135.65681495856
2021-10-11,2021,Drift,57289.186457,54701.279702,54825.31194344474
2021-10-12,2021,Drift,56196.18126,57289.186457,57419.08663932696
2021-10-13,2021,Drift,57348.892877,56196.18126,56323.60311119406
2021-10-14,2021,Drift,57384.036915,57348.892877,57478.928440457734
2021-10-15,2021,Drift,61446.084007,57384.036915,57514.152165694126
2021-10-16,2021,Drift,60932.063212,61446.084007,61585.4097333616
2021-10-17,2021,Drift,61462.222372,60932.063212,61070.22342355646
2021-10-18,2021,Drift,61977.057551,61462.222372,61601.584691245625
2021-10-19,2021,Drift,64290.897757,61977.057551,62117.58723162316
2021-10-20,2021,Drift,66061.796564,64290.897757,64436.67394718672
2021-10-21,2021,Drift,62373.885621,66061.796564,66211.58817301423
2021-10-22,2021,Drift,60750.967372,62373.885621,62515.3150881594
2021-10-23,2021,Drift,61250.082629,60750.967372,60888.71695837412
2021-10-24,2021,Drift,60865.447052,61250.082629,61388.96393266487
2021-10-25,2021,Drift,63031.672902,60865.447052,61003.45621495785
2021-10-26,2021,Drift,60393.980274,63031.672902,63174.59386682272
2021-10-27,2021,Drift,58563.33599,60393.980274,60530.92041112224
2021-10-28,2021,Drift,60564.572112,58563.33599,58696.12523860428
2021-10-29,2021,Drift,62230.805569,60564.572112,60701.899057038885
2021-10-30,2021,Drift,61742.916532,62230.805569,62371.91060975379
2021-10-31,2021,Drift,61432.970063,61742.916532,61882.91531031962
2021-11-01,2021,Drift,61092.095059,61432.970063,61572.266054191285
2021-11-02,2021,Drift,63024.74723,61092.095059,61230.61813425533
2021-11-03,2021,Drift,62955.981763,63024.74723,63167.65249122992
2021-11-04,2021,Drift,61393.889978,62955.981763,63098.73110219204
2021-11-05,2021,Drift,61005.840834,61393.889978,61533.09735717773
2021-11-06,2021,Drift,61455.053627,61005.840834,61144.16833238914
2021-11-07,2021,Drift,63043.829059,61455.053627,61594.39969149774
2021-11-08,2021,Drift,67541.755508,63043.829059,63186.77758726197
2021-11-09,2021,Drift,67095.585671,67541.755508,67694.90284518129
2021-11-10,2021,Drift,64756.077969,67095.585671,67247.72134181352
2021-11-11,2021,Drift,64962.931294,64756.077969,64902.90893056838
2021-11-12,2021,Drift,64078.968037,64962.931294,65110.23128447758
2021-11-13,2021,Drift,64397.791206,64078.968037,64224.26368782194
2021-11-14,2021,Drift,65032.225655,64397.791206,64543.80977139526
2021-11-15,2021,Drift,63753.503159,65032.225655,65179.68276675447
2021-11-16,2021,Drift,60322.497853,63753.503159,63898.060835526834
2021-11-17,2021,Drift,60154.308366,60322.497853,60459.27590753571
2021-11-18,2021,Drift,56794.155627,60154.308366,60290.70505982215
2021-11-19,2021,Drift,58014.072989,56794.155627,56922.933353257125
2021-11-20,2021,Drift,59749.473823,58014.072989,58145.61681297203
2021-11-21,2021,Drift,59032.624102,59749.473823,59884.95257603436
2021-11-22,2021,Drift,56383.565876,59032.624102,59166.47743643065
2021-11-23,2021,Drift,57642.265798,56383.565876,56511.41261184139
2021-11-24,2021,Drift,57141.830378,57642.265798,57772.96656894775
2021-11-25,2021,Drift,59008.655479,57141.830378,57271.39643825763
2021-11-26,2021,Drift,53800.617839,59008.655479,59142.4544658532
2021-11-27,2021,Drift,54635.882463,53800.617839,53922.60787758842
2021-11-28,2021,Drift,57248.569696,54635.882463,54759.76641968465
2021-11-29,2021,Drift,57920.71073,57248.569696,57378.37778198233
2021-11-30,2021,Drift,57097.012794,57920.71073,58052.04286001691
2021-12-01,2021,Drift,57180.609844,57097.012794,57226.47723277035
2021-12-02,2021,Drift,56582.893769,57180.609844,57310.263834633595
2021-12-03,2021,Drift,53671.616068,56582.893769,56711.1924702339
2021-12-04,2021,Drift,49159.735798,53671.616068,53793.31360193599
2021-12-05,2021,Drift,49327.0936,49159.735798,49271.20288346993
2021-12-06,2021,Drift,50535.425223,49327.0936,49438.94016038201
2021-12-07,2021,Drift,50574.472834,50535.425223,50650.011611050126
2021-12-08,2021,Drift,50500.654351,50574.472834,50689.14776043061
2021-12-09,2021,Drift,47937.822846,50500.654351,50615.161897947786
2021-12-10,2021,Drift,47437.228973,47937.822846,48046.51930886087
2021-12-11,2021,Drift,49321.769325,47437.228973,47544.790365887005
2021-12-12,2021,Drift,50136.572257,49321.769325,49433.60381287171
2021-12-13,2021,Drift,46785.327841,50136.572257,50250.25426716995
2021-12-14,2021,Drift,48292.68225,46785.327841,46891.41108275338
2021-12-15,2021,Drift,48830.622386,48292.68225,48402.1833376798
2021-12-16,2021,Drift,47663.469108,48830.622386,48941.34322431809
2021-12-17,2021,Drift,46334.483749,47663.469108,47771.54348835643
2021-12-18,2021,Drift,46904.873675,46334.483749,46439.54472576109
2021-12-19,2021,Drift,46876.426924,46904.873675,47011.22798057176
2021-12-20,2021,Drift,46954.763478,46876.426924,46982.71672807732
2021-12-21,2021,Drift,49082.062467,46954.763478,47061.23090604577
2021-12-22,2021,Drift,48692.098739,49082.062467,49193.35343232436
2021-12-23,2021,Drift,50712.970768,48692.098739,48802.505482318404
2021-12-24,2021,Drift,50783.834421,50712.970768,50827.959731127434
2021-12-25,2021,Drift,50590.450898,50783.834421,50898.98406369045
2021-12-26,2021,Drift,50798.306586,50590.450898,50705.16205384066
2021-12-27,2021,Drift,50796.377674,50798.306586,50913.48904355462
2021-12-28,2021,Drift,47673.044045,50796.377674,50911.55575784929
2021-12-29,2021,Drift,46470.321575,47673.044045,47781.140136016664
2021-12-30,2021,Drift,47102.463004,46470.321575,46575.69055680455
2021-12-31,2021,Drift,46355.11733,47102.463004,47209.265332862895
2022-01-01,2022,Drift,47560.009382,46355.11733,46453.63308559263
2022-01-02,2022,Drift,47352.557757,47560.009382,47661.085822534165
2022-01-03,2022,Drift,46453.432352,47352.557757,47453.19331301563
2022-01-04,2022,Drift,45905.961122,46453.432352,46552.157050622794
2022-01-05,2022,Drift,43530.944039,45905.961122,46003.52231279463
2022-01-06,2022,Drift,43144.965293,43530.944039,43623.45774817979
2022-01-07,2022,Drift,41512.784581,43144.965293,43236.65870465936
2022-01-08,2022,Drift,41799.812885,41512.784581,41601.00921671038
2022-01-09,2022,Drift,41886.498557,41799.812885,41888.647524780565
2022-01-10,2022,Drift,41816.951056,41886.498557,41975.51742464941
2022-01-11,2022,Drift,42768.178612,41816.951056,41905.82211850933
2022-01-12,2022,Drift,43961.026544,42768.178612,42859.07126148436
2022-01-13,2022,Drift,42626.865392,43961.026544,44054.45428177874
2022-01-14,2022,Drift,43102.647618,42626.865392,42717.45771695827
2022-01-15,2022,Drift,43206.674481,43102.647618,43194.25109443824
2022-01-16,2022,Drift,43168.859667,43206.674481,43298.49903950211
2022-01-17,2022,Drift,42211.270399,43168.859667,43260.60385994187
2022-01-18,2022,Drift,42431.231967,42211.270399,42300.97948480122
2022-01-19,2022,Drift,41787.722013,42431.231967,42521.40852395264
2022-01-20,2022,Drift,40756.126163,41787.722013,41876.53095677418
2022-01-21,2022,Drift,36492.287224,40756.126163,40842.74271787555
2022-01-22,2022,Drift,34996.390965,36492.287224,36569.84209725342
2022-01-23,2022,Drift,36271.050265,34996.390965,35070.766699493084
2022-01-24,2022,Drift,36659.725221,36271.050265,36348.134956589856
2022-01-25,2022,Drift,36952.586773,36659.725221,36737.635940203974
2022-01-26,2022,Drift,36825.824599,36952.586773,37031.1198933269
2022-01-27,2022,Drift,37021.937133,36825.824599,36904.088319267714
2022-01-28,2022,Drift,37768.847484,37021.937133,37100.617639495016
2022-01-29,2022,Drift,38088.291228,37768.847484,37849.115354346664
2022-01-30,2022,Drift,37983.506385,38088.291228,38169.23799301078
2022-01-31,2022,Drift,38462.672403,37983.506385,38064.23045705739
2022-02-01,2022,Drift,38787.964082,38462.672403,38544.4148179079
2022-02-02,2022,Drift,36942.330749,38787.964082,38870.39781983815
2022-02-03,2022,Drift,37057.652188,36942.330749,37020.84207281312
2022-02-04,2022,Drift,41079.906088,37057.652188,37136.40859756315
2022-02-05,2022,Drift,41508.581693,41079.906088,41167.21075296553
2022-02-06,2022,Drift,42358.225173,41508.581693,41596.79739656414
2022-02-07,2022,Drift,43888.98012,42358.225173,42448.24657298425
2022-02-08,2022,Drift,44167.444795,43888.98012,43982.25474182721
2022-02-09,2022,Drift,44405.073204,44167.444795,44261.311221129385
2022-02-10,2022,Drift,43614.342696,44405.073204,44499.444647560274
2022-02-11,2022,Drift,42357.321742,43614.342696,43707.03364735245
2022-02-12,2022,Drift,42173.459396,42357.321742,42447.341221976436
2022-02-13,2022,Drift,42195.594745,42173.459396,42263.08812434027
2022-02-14,2022,Drift,42646.161859,42195.594745,42285.27051627226
2022-02-15,2022,Drift,44511.908488,42646.161859,42736.795193584316
2022-02-16,2022,Drift,44065.709267,44511.908488,44606.50698219316
2022-02-17,2022,Drift,40610.024262,44065.709267,44159.3594807026
2022-02-18,2022,Drift,40044.220486,40610.024262,40696.33031525244
2022-02-19,2022,Drift,40095.887329,40044.220486,40129.32407036183
2022-02-20,2022,Drift,38551.622497,40095.887329,40181.100717809975
2022-02-21,2022,Drift,37098.036008,38551.622497,38633.553952217255
2022-02-22,2022,Drift,38202.594082,37098.036008,37176.87824287804
2022-02-23,2022,Drift,37308.268734,38202.594082,38283.7837680231
2022-02-24,2022,Drift,38283.790402,37308.268734,37387.55776390402
2022-02-25,2022,Drift,39323.770216,38283.790402,38365.152649700794
2022-02-26,2022,Drift,39056.578152,39323.770216,39407.34267053616
2022-02-27,2022,Drift,37664.779283,39056.578152,39139.58275923927
2022-02-28,2022,Drift,43179.254514,37664.779283,37744.825983429626
2022-03-01,2022,Drift,44334.457582,43179.254514,43271.020798487865
2022-03-02,2022,Drift,43984.584927,44334.457582,44428.67895040658
2022-03-03,2022,Drift,42492.774455,43984.584927,44078.06273199969
2022-03-04,2022,Drift,39106.405216,42492.774455,42583.08180451785
2022-03-05,2022,Drift,39383.884843,39106.405216,39189.51571771525
2022-03-06,2022,Drift,38399.342627,39383.884843,39467.585055553885
2022-03-07,2022,Drift,38146.734273,38399.342627,38480.9504509265
2022-03-08,2022,Drift,38725.477262,38146.734273,38227.80524351535
2022-03-09,2022,Drift,41989.402818,38725.477262,38807.778200340676
2022-03-10,2022,Drift,39482.258467,41989.402818,42078.64038191447
2022-03-11,2022,Drift,38825.364421,39482.258467,39566.167747127365
2022-03-12,2022,Drift,38951.130016,38825.364421,38907.877643539476
2022-03-13,2022,Drift,37808.3174,38951.130016,39033.91052062898
2022-03-14,2022,Drift,39649.045324,37808.3174,37888.66915339609
2022-03-15,2022,Drift,39356.8139,39649.045324,39733.309066249065
2022-03-16,2022,Drift,41101.768579,39356.8139,39440.456580299455
2022-03-17,2022,Drift,40966.416932,41101.768579,41189.11970700876
2022-03-18,2022,Drift,41826.116071,40966.416932,41053.48040525685
2022-03-19,2022,Drift,42193.161536,41826.116071,41915.006611367004
2022-03-20,2022,Drift,41294.723513,42193.161536,42282.83213611885
2022-03-21,2022,Drift,41064.429648,41294.723513,41382.48471657782
2022-03-22,2022,Drift,42383.169519,41064.429648,41151.70142181417
2022-03-23,2022,Drift,42734.200036,42383.169519,42473.243931709396
2022-03-24,2022,Drift,43974.593588,42734.200036,42825.02047285107
2022-03-25,2022,Drift,44347.03428,43974.593588,44068.0501590051
2022-03-26,2022,Drift,44519.926864,44347.03428,44441.282376909876
2022-03-27,2022,Drift,46777.205627,44519.926864,44614.542399167614
2022-03-28,2022,Drift,47223.652886,46777.205627,46876.61842157993
2022-03-29,2022,Drift,47463.709677,47223.652886,47324.0144882108
2022-03-30,2022,Drift,47123.297148,47463.709677,47564.58145753657
2022-03-31,2022,Drift,45562.210667,47123.297148,47223.4454701691
2022-04-01,2022,Drift,46250.336288,45562.210667,45659.04130553287
2022-04-02,2022,Drift,45939.897349,46250.336288,46348.62935871728
2022-04-03,2022,Drift,46440.543854,45939.897349,46037.53066242612
2022-04-04,2022,Drift,46663.004177,46440.543854,46539.241161469625
2022-04-05,2022,Drift,45693.035062,46663.004177,46762.17426607545
2022-04-06,2022,Drift,43304.937199,45693.035062,45790.14373378715
2022-04-07,2022,Drift,43569.04717,43304.937199,43396.970589373705
2022-04-08,2022,Drift,42222.068977,43569.04717,43661.64185748288
2022-04-09,2022,Drift,42680.994736,42222.068977,42311.80101237253
2022-04-10,2022,Drift,42264.463391,42680.994736,42771.70209881236
2022-04-11,2022,Drift,39544.025184,42264.463391,42354.285524682455
2022-04-12,2022,Drift,40096.366975,39544.025184,39628.06573323305
2022-04-13,2022,Drift,41152.755452,40096.366975,40181.5813831729
2022-04-14,2022,Drift,39916.496384,41152.755452,41240.21493935736
2022-04-15,2022,Drift,40527.331957,39916.496384,40001.328523974655
2022-04-16,2022,Drift,40439.588121,40527.331957,40613.462269247386
2022-04-17,2022,Drift,39704.78398,40439.588121,40525.531956525934
2022-04-18,2022,Drift,40818.878603,39704.78398,39789.1661802776
2022-04-19,2022,Drift,41489.663801,40818.878603,40905.628521879305
2022-04-20,2022,Drift,41395.644583,41489.663801,41577.83929950088
2022-04-21,2022,Drift,40457.495942,41395.644583,41483.620268085775
2022-04-22,2022,Drift,39737.973504,40457.495942,40543.47783594577
2022-04-23,2022,Drift,39582.454872,39737.973504,39822.426239985914
2022-04-24,2022,Drift,39511.645693,39582.454872,39666.577093548185
2022-04-25,2022,Drift,40473.748318,39511.645693,39595.61742803938
2022-04-26,2022,Drift,38072.800874,40473.748318,40559.76475214746
2022-04-27,2022,Drift,39218.537617,38072.800874,38153.71471828882
2022-04-28,2022,Drift,39747.989427,39218.537617,39301.88642699376
2022-04-29,2022,Drift,38609.505907,39747.989427,39832.46344922741
2022-04-30,2022,Drift,37714.09498,38609.505907,38691.560378363065
2022-05-01,2022,Drift,38459.226979,37714.09498,37794.24648812794
2022-05-02,2022,Drift,38566.062888,38459.226979,38540.96207155455
2022-05-03,2022,Drift,37704.405315,38566.062888,38648.02503251571
2022-05-04,2022,Drift,39641.852177,37704.405315,37784.53623026303
2022-05-05,2022,Drift,36502.02456,39641.852177,39726.100632084395
2022-05-06,2022,Drift,36042.999558,36502.02456,36579.60012743065
2022-05-07,2022,Drift,35508.711023,36042.999558,36119.59958707561
2022-05-08,2022,Drift,34058.906686,35508.711023,35584.17556063989
2022-05-09,2022,Drift,30457.921819,34058.906686,34131.29004128187
2022-05-10,2022,Drift,30990.735166,30457.921819,30522.652216734063
2022-05-11,2022,Drift,28796.556822,30990.735166,31056.597920041044
2022-05-12,2022,Drift,29030.707042,28796.556822,28857.756420171427
2022-05-13,2022,Drift,29285.934672,29030.707042,29092.404265615478
2022-05-14,2022,Drift,30051.935755,29285.934672,29348.174315617107
2022-05-15,2022,Drift,31182.621246,30051.935755,30115.803334858523
2022-05-16,2022,Drift,29889.612476,31182.621246,31248.891804038696
2022-05-17,2022,Drift,30438.194448,29889.612476,29953.135079911914
2022-05-18,2022,Drift,28771.220479,30438.194448,30502.882920333548
2022-05-19,2022,Drift,30257.885248,28771.220479,28832.36623135853
2022-05-20,2022,Drift,29224.245998,30257.885248,30322.190519985852
2022-05-21,2022,Drift,29420.078286,29224.245998,29286.35453837154
2022-05-22,2022,Drift,30331.875142,29420.078286,29482.603017008798
2022-05-23,2022,Drift,29088.251542,30331.875142,30396.337660277815
2022-05-24,2022,Drift,29643.683756,29088.251542,29150.07106149616
2022-05-25,2022,Drift,29577.25988,29643.683756,29706.683702326987
2022-05-26,2022,Drift,29332.486047,29577.25988,29640.11865964011
2022-05-27,2022,Drift,28612.04131,29332.486047,29394.824623467375
2022-05-28,2022,Drift,29045.520634,28612.04131,28672.848768400672
2022-05-29,2022,Drift,29430.06898,29045.520634,29107.249340055674
2022-05-30,2022,Drift,31735.954972,29430.06898,29492.614943632616
2022-05-31,2022,Drift,31831.409525,31735.954972,31803.40149707862
2022-06-01,2022,Drift,29825.922199,31831.409525,31899.05891392527
2022-06-02,2022,Drift,30504.268,29825.922199,29889.30944577933
2022-06-03,2022,Drift,29662.670971,30504.268,30569.09689449781
2022-06-04,2022,Drift,29792.407678,29662.670971,29725.711269718267
2022-06-05,2022,Drift,29915.409301,29792.407678,29855.723698374353
2022-06-06,2022,Drift,31333.67702,29915.409301,29978.98672935964
2022-06-07,2022,Drift,31175.032429,31333.67702,31400.26860783151
2022-06-08,2022,Drift,30228.464698,31175.032429,31241.286858980267
2022-06-09,2022,Drift,30064.485529,30228.464698,30292.707444252337
2022-06-10,2022,Drift,29070.40003,30064.485529,30128.379780141855
2022-06-11,2022,Drift,28360.789923,29070.40003,29132.18161074647
2022-06-12,2022,Drift,26830.283946,28360.789923,28421.063411870236
2022-06-13,2022,Drift,22316.25704,26830.283946,26887.30474214831
2022-06-14,2022,Drift,22072.866309,22316.25704,22363.684445018607
2022-06-15,2022,Drift,22520.791009,22072.866309,22119.776450269754
2022-06-16,2022,Drift,20310.176985,22520.791009,22568.65309781753
2022-06-17,2022,Drift,20464.929087,20310.176985,20353.340988181204
2022-06-18,2022,Drift,19013.867254,20464.929087,20508.42197555862
2022-06-19,2022,Drift,20492.295168,19013.867254,19054.27628771964
2022-06-20,2022,Drift,20571.629225,20492.295168,20535.846216052167
2022-06-21,2022,Drift,20688.465131,20571.629225,20615.3488769738
2022-06-22,2022,Drift,20003.168338,20688.465131,20732.43308732989
2022-06-23,2022,Drift,21097.102833,20003.168338,20045.679874084264
2022-06-24,2022,Drift,21299.076985,21097.102833,21141.939242572917
2022-06-25,2022,Drift,21468.343157,21299.076985,21344.34263814602
2022-06-26,2022,Drift,21066.620943,21468.343157,21513.96854140745
2022-06-27,2022,Drift,20751.051696,21066.620943,21111.392571237044
2022-06-28,2022,Drift,20263.219639,20751.051696,20795.15266380944
2022-06-29,2022,Drift,20080.948086,20263.219639,20306.283846545077
2022-06-30,2022,Drift,19332.912129,20080.948086,20123.624922726038
2022-07-01,2022,Drift,19341.863124,19332.912129,19373.99920969134
2022-07-02,2022,Drift,19231.831708,19341.863124,19382.96922770512
2022-07-03,2022,Drift,19276.514664,19231.831708,19272.703968524253
2022-07-04,2022,Drift,20226.298475,19276.514664,19317.48188653548
2022-07-05,2022,Drift,20193.342794,20226.298475,20269.284216205688
2022-07-06,2022,Drift,20560.843813,20193.342794,20236.258496469905
2022-07-07,2022,Drift,21651.419142,20560.843813,20604.540543383395
2022-07-08,2022,Drift,21813.787124,21651.419142,21697.433606837658
2022-07-09,2022,Drift,21585.132192,21813.787124,21860.146659788872
2022-07-10,2022,Drift,20831.273392,21585.132192,21631.00578115141
2022-07-11,2022,Drift,19971.32947,20831.273392,20875.544850177095
2022-07-12,2022,Drift,19339.153473,19971.32947,20013.77334084429
2022-07-13,2022,Drift,20155.527839,19339.153473,19380.253818046076
2022-07-14,2022,Drift,20552.899029,20155.527839,20198.363175610015
2022-07-15,2022,Drift,20831.722701,20552.899029,20596.578874809613
2022-07-16,2022,Drift,21196.509143,20831.722701,20875.995114066613
2022-07-17,2022,Drift,20827.888609,21196.509143,21241.556814852127
2022-07-18,2022,Drift,22305.706643,20827.888609,20872.152873700434
2022-07-19,2022,Drift,23371.20266,22305.706643,22353.111625891514
2022-07-20,2022,Drift,23280.935668,23371.20266,23420.872077785472
2022-07-21,2022,Drift,23152.409311,23280.935668,23330.413246751636
2022-07-22,2022,Drift,22706.083555,23152.409311,23201.613740379944
2022-07-23,2022,Drift,22484.459232,22706.083555,22754.339434972124
2022-07-24,2022,Drift,22653.357026,22484.459232,22532.244107067043
2022-07-25,2022,Drift,21510.125587,22653.357026,22701.500849436765
2022-07-26,2022,Drift,21181.659197,21510.125587,21555.839769104423
2022-07-27,2022,Drift,22898.415068,21181.659197,21226.675309150956
2022-07-28,2022,Drift,23838.556884,22898.415068,22947.079698621863
2022-07-29,2022,Drift,23950.74038,23838.556884,23889.219541737366
2022-07-30,2022,Drift,23623.434961,23950.74038,24001.641454605015
2022-07-31,2022,Drift,23356.172222,23623.434961,23673.640432993703
2022-08-01,2022,Drift,23331.442697,23356.172222,23405.80969649546
2022-08-02,2022,Drift,23031.426883,23331.442697,23381.027615316525
2022-08-03,2022,Drift,22809.747442,23031.426883,23080.3741956689
2022-08-04,2022,Drift,22628.332082,22809.747442,22858.223632624835
2022-08-05,2022,Drift,23248.971502,22628.332082,22676.422721421517
2022-08-06,2022,Drift,22996.275045,23248.971502,23298.38114922332
2022-08-07,2022,Drift,23153.658471,22996.275045,23045.14765157213
2022-08-08,2022,Drift,23803.650515,23153.658471,23202.865555144905
2022-08-09,2022,Drift,23186.291746,23803.650515,23854.238988321165
2022-08-10,2022,Drift,23923.058483,23186.291746,23235.568183690517
2022-08-11,2022,Drift,23934.439056,23923.058483,23973.90072692663
2022-08-12,2022,Drift,24396.308846,23934.439056,23985.305486377074
2022-08-13,2022,Drift,24426.222575,24396.308846,24448.156860589737
2022-08-14,2022,Drift,24314.202132,24426.222575,24478.134163447055
2022-08-15,2022,Drift,24083.953975,24314.202132,24365.87565010618
2022-08-16,2022,Drift,23868.819353,24083.953975,24135.138160483006
2022-08-17,2022,Drift,23336.348931,23868.819353,23919.546325750922
2022-08-18,2022,Drift,23221.170603,23336.348931,23385.944276241913
2022-08-19,2022,Drift,20906.766314,23221.170603,23270.52116663711
2022-08-20,2022,Drift,21146.654802,20906.766314,20951.19821276448
2022-08-21,2022,Drift,21553.996172,21146.654802,21191.59652140597
2022-08-22,2022,Drift,21301.084058,21553.996172,21599.803589632204
2022-08-23,2022,Drift,21534.514352,21301.084058,21346.353976658105
2022-08-24,2022,Drift,21424.972823,21534.514352,21580.28036608653
2022-08-25,2022,Drift,21587.839584,21424.972823,21470.50603503317
2022-08-26,2022,Drift,20246.165573,21587.839584,21633.718927009533
2022-08-27,2022,Drift,20043.990949,20246.165573,20289.19353655963
2022-08-28,2022,Drift,19673.541219,20043.990949,20086.589242935384
2022-08-29,2022,Drift,20270.960384,19673.541219,19715.35221830294
2022-08-30,2022,Drift,19825.463207,20270.960384,20314.04104248699
2022-08-31,2022,Drift,20024.671606,19825.463207,19867.59707700851
2022-09-01,2022,Drift,20105.462607,20024.671606,20067.22884169235
2022-09-02,2022,Drift,19948.856747,20105.462607,20148.191542969842
2022-09-03,2022,Drift,19803.83327,19948.856747,19991.252857911535
2022-09-04,2022,Drift,19961.911891,19803.83327,19845.92117119838
2022-09-05,2022,Drift,19797.796788,19961.911891,20004.33574722747
2022-09-06,2022,Drift,18846.150537,19797.796788,19839.87186022459
2022-09-07,2022,Drift,19292.907075,18846.150537,18886.203132422157
2022-09-08,2022,Drift,19319.124851,19292.907075,19333.909135345166
2022-09-09,2022,Drift,21363.313615,19319.124851,19360.18263041485
2022-09-10,2022,Drift,21715.210798,21363.313615,21408.715786409928
2022-09-11,2022,Drift,21732.770569,21715.210798,21761.360835424966
2022-09-12,2022,Drift,22365.21456,21732.770569,21778.957925154973
2022-09-13,2022,Drift,20165.042161,22365.21456,22412.746011504787
2022-09-14,2022,Drift,20246.366042,20165.042161,20207.897717828946
2022-09-15,2022,Drift,19696.869866,20246.366042,20289.394431604393
2022-09-16,2022,Drift,19741.577617,19696.869866,19738.730444279736
2022-09-17,2022,Drift,20120.702346,19741.577617,19783.53320998629
2022-09-18,2022,Drift,19427.100263,20120.702346,20163.463670074736
2022-09-19,2022,Drift,19557.976958,19427.100263,19468.387516093513
2022-09-20,2022,Drift,18872.949867,19557.976958,19599.54235549784
2022-09-21,2022,Drift,18506.760748,18872.949867,18913.059417433735
2022-09-22,2022,Drift,19414.539645,18506.760748,18546.092058622773
2022-09-23,2022,Drift,19326.86482,19414.539645,19455.80020376408
2022-09-24,2022,Drift,18924.767787,19326.86482,19367.939048707573
2022-09-25,2022,Drift,18793.156153,18924.767787,18964.987462956786
2022-09-26,2022,Drift,19201.131721,18793.156153,18833.0961226306
2022-09-27,2022,Drift,19106.738914,19201.131721,19241.93873667988
2022-09-28,2022,Drift,19454.93721,19106.738914,19147.345322298435
2022-09-29,2022,Drift,19540.866411,19454.93721,19496.283623290383
2022-09-30,2022,Drift,19435.194692,19540.866411,19582.395444476708
2022-10-01,2022,Drift,19311.861629,19435.194692,19476.499147698858
2022-10-02,2022,Drift,19015.292805,19311.861629,19352.90397232398
2022-10-03,2022,Drift,19633.432586,19015.292805,19055.704868357832
2022-10-04,2022,Drift,20339.971281,19633.432586,19675.158344826523
2022-10-05,2022,Drift,20155.099699,20339.971281,20383.19860421472
2022-10-06,2022,Drift,19950.547796,20155.099699,20197.934125709704
2022-10-07,2022,Drift,19539.143922,19950.547796,19992.94750079673
2022-10-08,2022,Drift,19416.177229,19539.143922,19580.66929477396
2022-10-09,2022,Drift,19428.367132,19416.177229,19457.441268023314
2022-10-10,2022,Drift,19154.404235,19428.367132,19469.65707749435
2022-10-11,2022,Drift,19039.282068,19154.404235,19195.11194355145
2022-10-12,2022,Drift,19156.911565,19039.282068,19079.745114302255
2022-10-13,2022,Drift,19387.833681,19156.911565,19197.62460222978
2022-10-14,2022,Drift,19177.694103,19387.833681,19429.037483177668
2022-10-15,2022,Drift,19069.874927,19177.694103,19218.45130811355
2022-10-16,2022,Drift,19261.749788,19069.874927,19110.4029904739
2022-10-17,2022,Drift,19557.021811,19261.749788,19302.685631628487
2022-10-18,2022,Drift,19341.407554,19557.021811,19598.585178581106
2022-10-19,2022,Drift,19132.154425,19341.407554,19382.512689509476
2022-10-20,2022,Drift,19033.376024,19132.154425,19172.814847362344
2022-10-21,2022,Drift,19174.876349,19033.376024,19073.826518540536
2022-10-22,2022,Drift,19207.628508,19174.876349,19215.627565709667
2022-10-23,2022,Drift,19565.412324,19207.628508,19248.44933091233
2022-10-24,2022,Drift,19341.46021,19565.412324,19606.99352343605
2022-10-25,2022,Drift,20094.961122,19341.46021,19382.56545741612
2022-10-26,2022,Drift,20797.030826,20094.961122,20137.66773979249
2022-10-27,2022,Drift,20280.175128,20797.030826,20841.229510501667
2022-10-28,2022,Drift,20604.613854,20280.175128,20323.275370030726
2022-10-29,2022,Drift,20803.899921,20604.613854,20648.403606231033
2022-10-30,2022,Drift,20616.703377,20803.899921,20848.113203978024
2022-10-31,2022,Drift,20490.858181,20616.703377,20660.51882237047
2022-11-01,2022,Drift,20483.966531,20490.858181,20534.40617510973
2022-11-02,2022,Drift,20148.284554,20483.966531,20527.49987869858
2022-11-03,2022,Drift,20198.111186,20148.284554,20191.10449689006
2022-11-04,2022,Drift,21157.244928,20198.111186,20241.03702244794
2022-11-05,2022,Drift,21283.4716,21157.244928,21202.209153966727
2022-11-06,2022,Drift,20946.803036,21283.4716,21328.70408795557
2022-11-07,2022,Drift,20568.565118,20946.803036,20991.32002241276
2022-11-08,2022,Drift,18520.971164,20568.565118,20612.27825801064
2022-11-09,2022,Drift,15758.291282,18520.971164,18560.33267516912
2022-11-10,2022,Drift,17541.560287,15758.291282,15791.781435016834
2022-11-11,2022,Drift,16916.850631,17541.560287,17578.840314869307
2022-11-12,2022,Drift,16771.242672,16916.850631,16952.803000838616
2022-11-13,2022,Drift,16320.498338,16771.242672,16806.885589960864
2022-11-14,2022,Drift,16629.478415,16320.498338,16355.18331601376
2022-11-15,2022,Drift,16855.593786,16629.478415,16664.82004987285
2022-11-16,2022,Drift,16659.606335,16855.593786,16891.41597033337
2022-11-17,2022,Drift,16675.17902,16659.606335,16695.011998937476
2022-11-18,2022,Drift,16661.522958,16675.17902,16710.617779632576
2022-11-19,2022,Drift,16696.004058,16661.522958,16696.932695221592
2022-11-20,2022,Drift,16246.844699,16696.004058,16731.487075839046
2022-11-21,2022,Drift,15778.017405,16246.844699,16281.373145344416
2022-11-22,2022,Drift,16172.889345,15778.017405,15811.549480765048
2022-11-23,2022,Drift,16574.06173,16172.889345,16207.26061845825
2022-11-24,2022,Drift,16583.524345,16574.06173,16609.285591110005
2022-11-25,2022,Drift,16522.388777,16583.524345,16618.768316439142
2022-11-26,2022,Drift,16448.641308,16522.388777,16557.50282067664
2022-11-27,2022,Drift,16436.070769,16448.641308,16483.598620596014
2022-11-28,2022,Drift,16212.581416,16436.070769,16471.001366182074
2022-11-29,2022,Drift,16443.03682,16212.581416,16247.037044640392
2022-11-30,2022,Drift,17176.898691,16443.03682,16477.98222171321
2022-12-01,2022,Drift,16961.291804,17176.898691,17213.403725411525
2022-12-02,2022,Drift,17075.109137,16961.291804,16997.338622002913
2022-12-03,2022,Drift,16899.507383,17075.109137,17111.39784416652
2022-12-04,2022,Drift,17121.714982,16899.507383,16935.42289427198
2022-12-05,2022,Drift,16961.351787,17121.714982,17158.102737778623
2022-12-06,2022,Drift,17070.515828,16961.351787,16997.39873248119
2022-12-07,2022,Drift,16848.251824,17070.515828,17106.794773281905
2022-12-08,2022,Drift,17231.456322,16848.251824,16884.05840490109
2022-12-09,2022,Drift,17136.149001,17231.456322,17268.077304478335
2022-12-10,2022,Drift,17124.21468,17136.149001,17172.56743253504
2022-12-11,2022,Drift,17094.360659,17124.21468,17160.607748237126
2022-12-12,2022,Drift,17195.524996,17094.360659,17130.690280273648
2022-12-13,2022,Drift,17774.916632,17195.524996,17232.069615782388
2022-12-14,2022,Drift,17809.724084,17774.916632,17812.692598138354
2022-12-15,2022,Drift,17344.054457,17809.724084,17847.574024332178
2022-12-16,2022,Drift,16606.110175,17344.054457,17380.91473755343
2022-12-17,2022,Drift,16774.38537,16606.110175,16641.402146751432
2022-12-18,2022,Drift,16776.115925,16774.38537,16810.03496694877
2022-12-19,2022,Drift,16424.131386,16776.115925,16811.769199793704
2022-12-20,2022,Drift,16901.816936,16424.131386,16459.036609126193
2022-12-21,2022,Drift,16800.532971,16901.816936,16937.737355626694
2022-12-22,2022,Drift,16814.222579,16800.532971,16836.238137879725
2022-12-23,2022,Drift,16780.51698,16814.222579,16849.956839584018
2022-12-24,2022,Drift,16837.61217,16780.51698,16816.179608092407
2022-12-25,2022,Drift,16824.838974,16837.61217,16873.39613908144
2022-12-26,2022,Drift,16879.938227,16824.838974,16860.595796972706
2022-12-27,2022,Drift,16698.911271,16879.938227,16915.81214911633
2022-12-28,2022,Drift,16536.2942,16698.911271,16734.400467364783
2022-12-29,2022,Drift,16630.593155,16536.2942,16571.437796039627
2022-12-30,2022,Drift,16593.688829,16630.593155,16665.937158963032
2022-12-31,2022,Drift,16524.217802,16593.688829,16628.95440240844
2023-01-01,2023,Drift,16606.752043,16524.217802,16548.992133968502
2023-01-02,2023,Drift,16688.719273,16606.752043,16631.650116419376
2023-01-03,2023,Drift,16670.077384,16688.719273,16713.740237765327
2023-01-04,2023,Drift,16848.366039,16670.077384,16695.07039946376
2023-01-05,2023,Drift,16824.800183,16848.366039,16873.62635802863
2023-01-06,2023,Drift,16957.862274,16824.800183,16850.025170350804
2023-01-07,2023,Drift,16942.628589,16957.862274,16983.286757899103
2023-01-08,2023,Drift,17059.239944,16942.628589,16968.030233429556
2023-01-09,2023,Drift,17182.319852,17059.239944,17084.816420815252
2023-01-10,2023,Drift,17433.914632,17182.319852,17208.080859335
2023-01-11,2023,Drift,17833.710766,17433.914632,17460.052848875323
2023-01-12,2023,Drift,18869.704484,17833.710766,17860.448386869033
2023-01-13,2023,Drift,19868.724745,18869.704484,18897.995343430433
2023-01-14,2023,Drift,21010.92272,19868.724745,19898.513409644926
2023-01-15,2023,Drift,20876.008556,21010.92272,21042.423852499407
2023-01-16,2023,Drift,21180.411949,20876.008556,20907.307415186006
2023-01-17,2023,Drift,21178.299396,21180.411949,21212.16719231268
2023-01-18,2023,Drift,20709.668604,21178.299396,21210.051472016654
2023-01-19,2023,Drift,21071.833415,20709.668604,20740.71807400221
2023-01-20,2023,Drift,22660.716942,21071.833415,21103.425869327555
2023-01-21,2023,Drift,22803.172762,22660.716942,22694.69156826627
2023-01-22,2023,Drift,22716.277197,22803.172762,22837.360968589273
2023-01-23,2023,Drift,22929.024894,22716.277197,22750.335123318237
2023-01-24,2023,Drift,22611.126879,22929.024894,22963.401787432696
2023-01-25,2023,Drift,23109.084519,22611.126879,22645.027156168613
2023-01-26,2023,Drift,23008.689477,23109.084519,23143.731371167043
2023-01-27,2023,Drift,23070.496458,23008.689477,23043.18580947962
2023-01-28,2023,Drift,23008.809465,23070.496458,23105.085456086163
2023-01-29,2023,Drift,23774.996368,23008.809465,23043.30597737452
2023-01-30,2023,Drift,22799.427262,23774.996368,23810.641604563
2023-01-31,2023,Drift,23130.051913,22799.427262,22833.60985305809
2023-02-01,2023,Drift,23727.202608,23130.051913,23164.73020103806
2023-02-02,2023,Drift,23505.604843,23727.202608,23762.776188615924
2023-02-03,2023,Drift,23445.813177,23505.604843,23540.846187823627
2023-02-04,2023,Drift,23355.524386,23445.813177,23480.96487772669
2023-02-05,2023,Drift,22957.225191,23355.524386,23390.540719079756
2023-02-06,2023,Drift,22745.165037,22957.225191,22991.644364407937
2023-02-07,2023,Drift,23266.269204,22745.165037,22779.266274108897
2023-02-08,2023,Drift,22937.579945,23266.269204,23301.151719096037
2023-02-09,2023,Drift,21818.198946,22937.579945,22971.96966479919
2023-02-10,2023,Drift,21620.566784,21818.198946,21850.91040684613
2023-02-11,2023,Drift,21864.862641,21620.566784,21652.98194006198
2023-02-12,2023,Drift,21772.137325,21864.862641,21897.644063516007
2023-02-13,2023,Drift,21798.715717,21772.137325,21804.779726850218
2023-02-14,2023,Drift,22222.415044,21798.715717,21831.397967145276
2023-02-15,2023,Drift,24304.612983,22222.415044,22255.73253557744
2023-02-16,2023,Drift,23742.448835,24304.612983,24341.052260043056
2023-02-17,2023,Drift,24607.335605,23742.448835,23778.04527388937
2023-02-18,2023,Drift,24636.526613,24607.335605,24644.22874623328
2023-02-19,2023,Drift,24366.990761,24636.526613,24673.463519555873
2023-02-20,2023,Drift,24797.843036,24366.990761,24403.523559430763
2023-02-21,2023,Drift,24400.38939,24797.843036,24835.021800092683
2023-02-22,2023,Drift,24163.738981,24400.38939,24436.972262130592
2023-02-23,2023,Drift,23910.03421,24163.738981,24199.967049298826
2023-02-24,2023,Drift,23175.824204,23910.03421,23945.881905303628
2023-02-25,2023,Drift,23159.81544,23175.824204,23210.571117248997
2023-02-26,2023,Drift,23542.096428,23159.81544,23194.538351723568
2023-02-27,2023,Drift,23504.189418,23542.096428,23577.392483712316
2023-02-28,2023,Drift,23145.949128,23504.189418,23539.428640713566
2023-03-01,2023,Drift,23610.65909,23145.949128,23180.65125032096
2023-03-02,2023,Drift,23470.025482,23610.65909,23646.05793993649
2023-03-03,2023,Drift,22350.096234,23470.025482,23505.213483608764
2023-03-04,2023,Drift,22334.285264,22350.096234,22383.605154680175
2023-03-05,2023,Drift,22419.817139,22334.285264,22367.77047970217
2023-03-06,2023,Drift,22414.703306,22419.817139,22453.43059042809
2023-03-07,2023,Drift,22174.648473,22414.703306,22448.309090390663
2023-03-08,2023,Drift,21701.384623,22174.648473,22207.894349394133
2023-03-09,2023,Drift,20349.814173,21701.384623,21733.92094715577
2023-03-10,2023,Drift,20240.406695,20349.814173,20380.32412256979
2023-03-11,2023,Drift,20585.234329,20240.406695,20270.75261277039
2023-03-12,2023,Drift,22065.980036,20585.234329,20616.09723791508
2023-03-13,2023,Drift,24154.429095,22065.980036,22099.062988619768
2023-03-14,2023,Drift,24769.017569,24154.429095,24190.643205227763
2023-03-15,2023,Drift,24409.801752,24769.017569,24806.15311581625
2023-03-16,2023,Drift,25043.238847,24409.801752,24446.39873584127
2023-03-17,2023,Drift,27450.628293,25043.238847,25080.78552667927
2023-03-18,2023,Drift,26985.735992,27450.628293,27491.784309352708
2023-03-19,2023,Drift,28185.204332,26985.735992,27026.19500736104
2023-03-20,2023,Drift,27834.336109,28185.204332,28227.46167919114
2023-03-21,2023,Drift,28172.795056,27834.336109,27876.067408547737
2023-03-22,2023,Drift,27341.55713,28172.795056,28215.033798284883
2023-03-23,2023,Drift,28387.88975,27341.55713,27382.549618781675
2023-03-24,2023,Drift,27464.124945,28387.88975,28430.450978191187
2023-03-25,2023,Drift,27488.95488,27464.124945,27505.301196533645
2023-03-26,2023,Drift,28049.391691,27488.95488,27530.168358412393
2023-03-27,2023,Drift,27154.99637,28049.391691,28091.44541781443
2023-03-28,2023,Drift,27283.963403,27154.99637,27195.70915306393
2023-03-29,2023,Drift,28389.291778,27283.963403,27324.86954299778
2023-03-30,2023,Drift,28021.558301,28389.291778,28431.85510821547
2023-03-31,2023,Drift,28514.681306,28021.558301,28063.57029793336
2023-04-01,2023,Drift,28494.563886,28514.681306,28557.432629488692
2023-04-02,2023,Drift,28161.998036,28494.563886,28537.285047961694
2023-04-03,2023,Drift,27850.979944,28161.998036,28204.220590592315
2023-04-04,2023,Drift,28113.958519,27850.979944,27892.736197218674
2023-04-05,2023,Drift,28190.311606,28113.958519,28156.109049188133
2023-04-06,2023,Drift,28049.074476,28190.311606,28232.576610394826
2023-04-07,2023,Drift,27936.804261,28049.074476,28091.127727222192
2023-04-08,2023,Drift,27964.05125,27936.804261,27978.689188395318
2023-04-09,2023,Drift,28357.80727,27964.05125,28005.977028100548
2023-04-10,2023,Drift,29687.565185,28357.80727,28400.323396307707
2023-04-11,2023,Drift,30247.095919,29687.565185,29732.07498292464
2023-04-12,2023,Drift,29913.003546,30247.095919,30292.444606868892
2023-04-13,2023,Drift,30370.822072,29913.003546,29957.8513378231
2023-04-14,2023,Drift,30458.970041,30370.822072,30416.35625928704
2023-04-15,2023,Drift,30342.059108,30458.970041,30504.63638625497
2023-04-16,2023,Drift,30312.930853,30342.059108,30387.550171719737
2023-04-17,2023,Drift,29469.505073,30312.930853,30358.378245481093
2023-04-18,2023,Drift,30366.872381,29469.505073,29513.687939043903
2023-04-19,2023,Drift,28796.744095,30366.872381,30412.400646617574
2023-04-20,2023,Drift,28251.276379,28796.744095,28839.918307926146
2023-04-21,2023,Drift,27292.021105,28251.276379,28293.632786300717
2023-04-22,2023,Drift,27827.547592,27292.021105,27332.93932570179
2023-04-23,2023,Drift,27604.685574,27827.547592,27869.26871369994
2023-04-24,2023,Drift,27520.199673,27604.685574,27646.072564445847
2023-04-25,2023,Drift,28302.694218,27520.199673,27561.459995921665
2023-04-26,2023,Drift,28384.234033,28302.694218,28345.12771473562
2023-04-27,2023,Drift,29465.551427,28384.234033,28426.78978026933
2023-04-28,2023,Drift,29350.811887,29465.551427,29509.728365444807
2023-04-29,2023,Drift,29221.514508,29350.811887,29394.816799422882
2023-04-30,2023,Drift,29362.086797,29221.514508,29265.325568209824
2023-05-01,2023,Drift,28114.953187,29362.086797,29406.10861360356
2023-05-02,2023,Drift,28690.580996,28114.953187,28157.105208468114
2023-05-03,2023,Drift,29045.042774,28690.580996,28733.596041340188
2023-05-04,2023,Drift,28855.857447,29045.042774,29088.58925470757
2023-05-05,2023,Drift,29552.969524,28855.857447,28899.120287044465
2023-05-06,2023,Drift,28899.46296,29552.969524,29597.277526134545
2023-05-07,2023,Drift,28761.738434,28899.46296,28942.791176661238
2023-05-08,2023,Drift,27727.285409,28761.738434,28804.86016384484
2023-05-09,2023,Drift,27642.428109,27727.285409,27768.856210204576
2023-05-10,2023,Drift,27646.004902,27642.428109,27683.871685851485
2023-05-11,2023,Drift,26986.271066,27646.004902,27687.453841444636
2023-05-12,2023,Drift,26773.344359,26986.271066,27026.730883583634
2023-05-13,2023,Drift,26841.398291,26773.344359,26813.484941084113
2023-05-14,2023,Drift,26918.261598,26841.398291,26881.64090458257
2023-05-15,2023,Drift,27231.621605,26918.261598,26958.6194507489
2023-05-16,2023,Drift,27025.718186,27231.621605,27272.449270295074
2023-05-17,2023,Drift,27401.044061,27025.718186,27066.23714562943
2023-05-18,2023,Drift,26843.235094,27401.044061,27442.125736997317
2023-05-19,2023,Drift,26889.503632,26843.235094,26883.480461453753
2023-05-20,2023,Drift,27100.858288,26889.503632,26929.81836867497
2023-05-21,2023,Drift,26777.097783,27100.858288,27141.489903239122
2023-05-22,2023,Drift,26858.737064,26777.097783,26817.243992495547
2023-05-23,2023,Drift,27226.855876,26858.737064,26899.005673156058
2023-05-24,2023,Drift,26341.430645,27226.855876,27267.67639616096
2023-05-25,2023,Drift,26484.835923,26341.430645,26380.923670034175
2023-05-26,2023,Drift,26720.383807,26484.835923,26524.54395185498
2023-05-27,2023,Drift,26854.54037,26720.383807,26760.444986699553
2023-05-28,2023,Drift,28097.521126,26854.54037,26894.802687161387
2023-05-29,2023,Drift,27765.072869,28097.521126,28139.647012030342
2023-05-30,2023,Drift,27712.491584,27765.072869,27806.700323965102
2023-05-31,2023,Drift,27217.683258,27712.491584,27754.040205205736
2023-06-01,2023,Drift,26825.371345,27217.683258,27258.490025892257
2023-06-02,2023,Drift,27255.227994,26825.371345,26865.589929797337
2023-06-03,2023,Drift,27079.408464,27255.227994,27296.091051742977
2023-06-04,2023,Drift,27158.25457,27079.408464,27120.007920073294
2023-06-05,2023,Drift,25785.851484,27158.25457,27198.972237998838
2023-06-06,2023,Drift,27213.770519,25785.851484,25824.511543581026
2023-06-07,2023,Drift,26339.579029,27213.770519,27254.571420623968
2023-06-08,2023,Drift,26521.693601,26339.579029,26379.069277954244
2023-06-09,2023,Drift,26470.677578,26521.693601,26561.456889617424
2023-06-10,2023,Drift,25863.213851,26470.677578,26510.364379614854
2023-06-11,2023,Drift,25906.828152,25863.213851,25901.989897975098
2023-06-12,2023,Drift,25906.751935,25906.828152,25945.66958876749
2023-06-13,2023,Drift,25880.859973,25906.751935,25945.593257497316
2023-06-14,2023,Drift,25097.58538,25880.859973,25919.662476348985
2023-06-15,2023,Drift,25559.143329,25097.58538,25135.21354002926
2023-06-16,2023,Drift,26331.820094,25559.143329,25597.463490913295
2023-06-17,2023,Drift,26514.17135,26331.820094,26371.29871018386
2023-06-18,2023,Drift,26353.962683,26514.17135,26553.92336070124
2023-06-19,2023,Drift,26778.063442,26353.962683,26393.47449699432
2023-06-20,2023,Drift,28305.420457,26778.063442,26818.211099283086
2023-06-21,2023,Drift,30099.515351,28305.420457,28347.858041115174
2023-06-22,2023,Drift,29952.511287,30099.515351,30144.642775143882
2023-06-23,2023,Drift,30638.353764,29952.511287,29997.4183117564
2023-06-24,2023,Drift,30549.016287,30638.353764,30684.289054626945
2023-06-25,2023,Drift,30467.440371,30549.016287,30594.817636260464
2023-06-26,2023,Drift,30255.886124,30467.440371,30513.119415601457
2023-06-27,2023,Drift,30667.076295,30255.886124,30301.247990795688
2023-06-28,2023,Drift,30104.043272,30667.076295,30713.0546485741
2023-06-29,2023,Drift,30460.792978,30104.043272,30149.17748473862
2023-06-30,2023,Drift,30484.503258,30460.792978,30506.462056337223
2023-07-01,2023,Drift,30581.688966,30484.503258,30530.20788454621
2023-07-02,2023,Drift,30594.216474,30581.688966,30627.539300562254
2023-07-03,2023,Drift,31135.357599,30594.216474,30640.085590730683
2023-07-04,2023,Drift,30799.947456,31135.357599,31182.038034610232
2023-07-05,2023,Drift,30497.822128,30799.947456,30846.125019865995
2023-07-06,2023,Drift,29979.729809,30497.822128,30543.5467231832
2023-07-07,2023,Drift,30329.882979,29979.729809,30024.677641781793
2023-07-08,2023,Drift,30263.619634,30329.882979,30375.355787364744
2023-07-09,2023,Drift,30163.221056,30263.619634,30308.993095447022
2023-07-10,2023,Drift,30394.655581,30163.221056,30208.443992458164
2023-07-11,2023,Drift,30616.247094,30394.655581,30440.225501250075
2023-07-12,2023,Drift,30385.608785,30616.247094,30662.149240668914
2023-07-13,2023,Drift,31434.73547,30385.608785,30431.16514162304
2023-07-14,2023,Drift,30310.67202,31434.73547,31481.864755101873
2023-07-15,2023,Drift,30290.890596,30310.67202,30356.116025871255
2023-07-16,2023,Drift,30249.772966,30290.890596,30336.304944094354
2023-07-17,2023,Drift,30143.746274,30249.772966,30295.125667496155
2023-07-18,2023,Drift,29835.747408,30143.746274,30188.94001242168
2023-07-19,2023,Drift,29913.029465,29835.747408,29880.479371695415
2023-07-20,2023,Drift,29805.606571,29913.029465,29957.877295682785
2023-07-21,2023,Drift,29919.693492,29805.606571,29850.293345318794
2023-07-22,2023,Drift,29726.009627,29919.693492,29964.551313885946
2023-07-23,2023,Drift,30066.572448,29726.009627,29770.577063681278
2023-07-24,2023,Drift,29178.359704,30066.572448,30111.650481702247
2023-07-25,2023,Drift,29221.254853,29178.359704,29222.106063329386
2023-07-26,2023,Drift,29361.591758,29221.254853,29265.065523915804
2023-07-27,2023,Drift,29201.686518,29361.591758,29405.6128324044
2023-07-28,2023,Drift,29316.313075,29201.686518,29245.467850617726
2023-07-29,2023,Drift,29360.376179,29316.313075,29360.266264247162
2023-07-30,2023,Drift,29262.836734,29360.376179,29404.395430918277
2023-07-31,2023,Drift,29219.820189,29262.836734,29306.70974755351
2023-08-01,2023,Drift,29499.587539,29219.820189,29263.62870896121
2023-08-02,2023,Drift,29143.151962,29499.587539,29543.815506906394
2023-08-03,2023,Drift,29192.344862,29143.151962,29186.84553527327
2023-08-04,2023,Drift,29057.253244,29192.344862,29236.112188914725
2023-08-05,2023,Drift,29053.095698,29057.253244,29100.818031549134
2023-08-06,2023,Drift,29048.043328,29053.095698,29096.65425224805
2023-08-07,2023,Drift,29164.358587,29048.043328,29091.594307360505
2023-08-08,2023,Drift,29779.511384,29164.358587,29208.08395481713
2023-08-09,2023,Drift,29582.944238,29779.511384,29824.159034480486
2023-08-10,2023,Drift,29430.159912,29582.944238,29627.29718044725
2023-08-11,2023,Drift,29399.78474,29430.159912,29474.283788862587
2023-08-12,2023,Drift,29415.733902,29399.78474,29443.863076153568
2023-08-13,2023,Drift,29286.117611,29415.733902,29459.83615031926
2023-08-14,2023,Drift,29408.971713,29286.117611,29330.025528969694
2023-08-15,2023,Drift,29167.597217,29408.971713,29453.063822944354
2023-08-16,2023,Drift,28754.292408,29167.597217,29211.327440411245
2023-08-17,2023,Drift,26660.562726,28754.292408,28797.40297421083
2023-08-18,2023,Drift,26037.365847,26660.562726,26700.53421750147
2023-08-19,2023,Drift,26093.981808,26037.365847,26076.40299555422
2023-08-20,2023,Drift,26176.472164,26093.981808,26133.103839398864
2023-08-21,2023,Drift,26128.905016,26176.472164,26215.717871054087
2023-08-22,2023,Drift,25978.209691,26128.905016,26168.07940686052
2023-08-23,2023,Drift,26452.193588,25978.209691,26017.158148260976
2023-08-24,2023,Drift,26126.794333,26452.193588,26491.85267704716
2023-08-25,2023,Drift,26040.881255,26126.794333,26165.965559368142
2023-08-26,2023,Drift,26006.17408,26040.881255,26079.923674114427
2023-08-27,2023,Drift,26086.361259,26006.17408,26045.164463545458
2023-08-28,2023,Drift,26103.276573,26086.361259,26125.471865107032
2023-08-29,2023,Drift,27672.222131,26103.276573,26142.412539799403
2023-08-30,2023,Drift,27298.99778,27672.222131,27713.710377257357
2023-08-31,2023,Drift,25954.866594,27298.99778,27339.926460650007
2023-09-01,2023,Drift,25802.78853,25954.866594,25993.780053559953
2023-09-02,2023,Drift,25868.296098,25802.78853,25841.473982855627
2023-09-03,2023,Drift,25962.547569,25868.296098,25907.079764656453
2023-09-04,2023,Drift,25799.525687,25962.547569,26001.472544446922
2023-09-05,2023,Drift,25782.36222,25799.525687,25838.206247959584
2023-09-06,2023,Drift,25754.790268,25782.36222,25821.01704821784
2023-09-07,2023,Drift,26210.604564,25754.790268,25793.403758303997
2023-09-08,2023,Drift,25904.698213,26210.604564,26249.901444877785
2023-09-09,2023,Drift,25894.620598,25904.698213,25943.53645640509
2023-09-10,2023,Drift,25831.46478,25894.620598,25933.443732297812
2023-09-11,2023,Drift,25135.039378,25831.46478,25870.19322641487
2023-09-12,2023,Drift,25859.701807,25135.039378,25172.723691838848
2023-09-13,2023,Drift,26226.866752,25859.701807,25898.47258845845
2023-09-14,2023,Drift,26556.056943,26226.866752,26266.188014355255
2023-09-15,2023,Drift,26672.616082,26556.056943,26595.87175168648
2023-09-16,2023,Drift,26555.636103,26672.616082,26712.60564478608
2023-09-17,2023,Drift,26502.432119,26555.636103,26595.450280731966
2023-09-18,2023,Drift,26764.631906,26502.432119,26542.16652937611
2023-09-19,2023,Drift,27215.050485,26764.631906,26804.75942572888
2023-09-20,2023,Drift,27133.403724,27215.050485,27255.853305643854
2023-09-21,2023,Drift,26571.595292,27133.403724,27174.084133768774
2023-09-22,2023,Drift,26581.147612,26571.595292,26611.43339693088
2023-09-23,2023,Drift,26575.776387,26581.147612,26621.000038476963
2023-09-24,2023,Drift,26286.641049,26575.776387,26615.62076053837
2023-09-25,2023,Drift,26288.809501,26286.641049,26326.0519294113
2023-09-26,2023,Drift,26194.537888,26288.809501,26328.223632515244
2023-09-27,2023,Drift,26336.082597,26194.537888,26233.810680526392
2023-09-28,2023,Drift,27033.425442,26336.082597,26375.56760384426
2023-09-29,2023,Drift,26911.251474,27033.425442,27073.955956918828
2023-09-30,2023,Drift,26977.693313,26911.251474,26951.59881665147
2023-10-01,2023,Drift,27950.145359,26977.693313,27018.140270180622
2023-10-02,2023,Drift,27565.889295,27950.145359,27992.05028835817
2023-10-03,2023,Drift,27439.142239,27565.889295,27607.218119189107
2023-10-04,2023,Drift,27797.251177,27439.142239,27480.2810346093
2023-10-05,2023,Drift,27426.345093,27797.251177,27838.92687606925
2023-10-06,2023,Drift,27941.963376,27426.345093,27467.464702179594
2023-10-07,2023,Drift,27972.75157,27941.963376,27983.856038322876
2023-10-08,2023,Drift,27936.326116,27972.75157,28014.69039226509
2023-10-09,2023,Drift,27591.346762,27936.326116,27978.210326524895
2023-10-10,2023,Drift,27419.79718,27591.346762,27632.713753910335
2023-10-11,2023,Drift,26828.172571,27419.79718,27460.90697206315
2023-10-12,2023,Drift,26741.340599,26828.172571,26868.395355602963
2023-10-13,2023,Drift,26842.44677,26741.340599,26781.433198675266
2023-10-14,2023,Drift,26861.989238,26842.44677,26882.690955539987
2023-10-15,2023,Drift,27130.306709,26861.989238,26902.26272305634
2023-10-16,2023,Drift,28506.793674,27130.306709,27170.982475494362
2023-10-17,2023,Drift,28433.205152,28506.793674,28549.533171766234
2023-10-18,2023,Drift,28328.07502,28433.205152,28475.83432040027
2023-10-19,2023,Drift,28690.358041,28328.07502,28370.546569514994
2023-10-20,2023,Drift,29704.985367,28690.358041,28733.37275206953
2023-10-21,2023,Drift,29922.546404,29704.985367,29749.52128255254
2023-10-22,2023,Drift,29984.15932,29922.546404,29967.40850318305
2023-10-23,2023,Drift,32954.169048,29984.15932,30029.113793832963
2023-10-24,2023,Drift,33880.956654,32954.169048,33003.576380529994
2023-10-25,2023,Drift,34488.658921,33880.956654,33931.75349519482
2023-10-26,2023,Drift,34181.492252,34488.658921,34540.366874471416
2023-10-27,2023,Drift,33896.938528,34181.492252,34232.73967843657
2023-10-28,2023,Drift,34091.589033,33896.938528,33947.75933040476
2023-10-29,2023,Drift,34574.337721,34091.589033,34142.701669867754
2023-10-30,2023,Drift,34495.105021,34574.337721,34626.17413047819
2023-10-31,2023,Drift,34636.426474,34495.105021,34546.82263894227
2023-11-01,2023,Drift,35431.979453,34636.426474,34688.35597153819
2023-11-02,2023,Drift,34882.917337,35431.979453,35485.10170252419
2023-11-03,2023,Drift,34708.22188,34882.917337,34935.21639190789
2023-11-04,2023,Drift,35091.076306,34708.22188,34760.25901853175
2023-11-05,2023,Drift,35105.042027,35091.076306,35143.687448261255
2023-11-06,2023,Drift,35017.715148,35105.042027,35157.67410770521
2023-11-07,2023,Drift,35418.47689,35017.715148,35070.21630177626
2023-11-08,2023,Drift,35797.894609,35418.47689,35471.578895481034
2023-11-09,2023,Drift,36675.326433,35797.894609,35851.5654656447
2023-11-10,2023,Drift,37367.494372,36675.326433,36730.3128004633
2023-11-11,2023,Drift,36979.931241,37367.494372,37423.518488935275
2023-11-12,2023,Drift,37053.341051,36979.931241,37035.37429456627
2023-11-13,2023,Drift,36543.268087,37053.341051,37108.89416599396
2023-11-14,2023,Drift,35590.683565,36543.268087,36598.05646280389
2023-11-15,2023,Drift,37840.553489,35590.683565,35644.04375549075
2023-11-16,2023,Drift,36160.404451,37840.553489,37897.28685122274
2023-11-17,2023,Drift,36569.712053,36160.404451,36214.61880926609
2023-11-18,2023,Drift,36577.424962,36569.712053,36624.54007555754
2023-11-19,2023,Drift,37442.728512,36577.424962,36632.264548322324
2023-11-20,2023,Drift,37516.050371,37442.728512,37498.8654255337
2023-11-21,2023,Drift,36035.033086,37516.050371,37572.297214098726
2023-11-22,2023,Drift,37403.034717,36035.033086,36089.05947822418
2023-11-23,2023,Drift,37311.719216,37403.034717,37459.112118654455
2023-11-24,2023,Drift,37718.784163,37311.719216,37367.659710687796
2023-11-25,2023,Drift,37800.126093,37718.784163,37775.33495962466
2023-11-26,2023,Drift,37482.705526,37800.126093,37856.79884347451
2023-11-27,2023,Drift,37229.24522,37482.705526,37538.902376035854
2023-11-28,2023,Drift,37828.465591,37229.24522,37285.0620635607
2023-11-29,2023,Drift,37846.853123,37828.465591,37885.18083015021
2023-11-30,2023,Drift,37712.711479,37846.853123,37903.59593010092
2023-12-01,2023,Drift,38703.553682,37712.711479,37769.25317100675
2023-12-02,2023,Drift,39462.279927,38703.553682,38761.5809180706
2023-12-03,2023,Drift,39978.22261,39462.279927,39521.44470168769
2023-12-04,2023,Drift,41910.299482,39978.22261,40038.16092419548
2023-12-05,2023,Drift,44067.005476,41910.299482,41973.13450903171
2023-12-06,2023,Drift,43745.834391,44067.005476,44133.0739964953
2023-12-07,2023,Drift,43282.618226,43745.834391,43811.4213880021
2023-12-08,2023,Drift,44205.052209,43282.618226,43347.51073499774
2023-12-09,2023,Drift,43740.006393,44205.052209,44271.32769938831
2023-12-10,2023,Drift,43732.71209,43740.006393,43805.58465223558
2023-12-11,2023,Drift,41209.89479,43732.71209,43798.27941307593
2023-12-12,2023,Drift,41467.27357,41209.89479,41271.6797184092
2023-12-13,2023,Drift,42939.060758,41467.27357,41529.44437975098
2023-12-14,2023,Drift,43033.137156,42939.060758,43003.43818018005
2023-12-15,2023,Drift,41978.09702,43033.137156,43097.6556244881
2023-12-16,2023,Drift,42203.214045,41978.09702,42041.033694125275
2023-12-17,2023,Drift,41428.665786,42203.214045,42266.48823125299
2023-12-18,2023,Drift,42635.733191,41428.665786,41490.77871209992
2023-12-19,2023,Drift,42271.863026,42635.733191,42699.655842011445
2023-12-20,2023,Drift,43605.155555,42271.863026,42335.240135893
2023-12-21,2023,Drift,43870.238234,43605.155555,43670.531635865205
2023-12-22,2023,Drift,44009.501655,43870.238234,43936.01174646332
2023-12-23,2023,Drift,43768.806752,44009.501655,44075.48396150515
2023-12-24,2023,Drift,43097.809326,43768.806752,43834.42819086823
2023-12-25,2023,Drift,43623.750403,43097.809326,43162.42475579835
2023-12-26,2023,Drift,42491.122908,43623.750403,43689.15436263943
2023-12-27,2023,Drift,43436.959427,42491.122908,42554.82874855784
2023-12-28,2023,Drift,42670.679718,43436.959427,43502.08333576479
2023-12-29,2023,Drift,41998.603344,42670.679718,42734.65476343468
2023-12-30,2023,Drift,42204.491774,41998.603344,42061.57076272598
2023-12-31,2023,Drift,42217.158791,42204.491774,42267.767875919
2024-01-01,2024,Drift,44049.473553,42217.158791,42285.53374522182
2024-01-02,2024,Drift,44941.160494,44049.473553,44120.816126113285
2024-01-03,2024,Drift,42773.651542,44941.160494,45013.947244208975
2024-01-04,2024,Drift,44250.745267,42773.651542,42842.92779245928
2024-01-05,2024,Drift,44146.322202,44250.745267,44322.4138199903
2024-01-06,2024,Drift,43917.979815,44146.322202,44217.821631285784
2024-01-07,2024,Drift,43844.19595,43917.979815,43989.109420718654
2024-01-08,2024,Drift,46981.3243,43844.19595,43915.20605529427
2024-01-09,2024,Drift,46084.005795,46981.3243,47057.415301627945
2024-01-10,2024,Drift,46818.159276,46084.005795,46158.643498645346
2024-01-11,2024,Drift,46380.870808,46818.159276,46893.98601538562
2024-01-12,2024,Drift,42817.430536,46380.870808,46455.98931452871
2024-01-13,2024,Drift,42846.95447,42817.430536,42886.77769096343
2024-01-14,2024,Drift,41888.151307,42846.95447,42916.349441957595
2024-01-15,2024,Drift,42528.919249,41888.151307,41955.99340035905
2024-01-16,2024,Drift,43171.447224,42528.919249,42597.79913078337
2024-01-17,2024,Drift,42689.304327,43171.447224,43241.36774475897
2024-01-18,2024,Drift,41261.907618,42689.304327,42758.44396862227
2024-01-19,2024,Drift,41606.853533,41261.907618,41328.73544642997
2024-01-20,2024,Drift,41668.69041,41606.853533,41674.24003619215
2024-01-21,2024,Drift,41537.112356,41668.69041,41736.17706426236
2024-01-22,2024,Drift,39577.09986,41537.112356,41604.38590630944
2024-01-23,2024,Drift,39737.314362,39577.09986,39641.19897203539
2024-01-24,2024,Drift,40101.856898,39737.314362,39801.67295760921
2024-01-25,2024,Drift,39917.661146,40101.856898,40166.805907079106
2024-01-26,2024,Drift,41860.731046,39917.661146,39982.31183144788
2024-01-27,2024,Drift,42125.301416,41860.731046,41928.52872947586
2024-01-28,2024,Drift,41983.020274,42125.301416,42193.52759792188
2024-01-29,2024,Drift,43218.347082,41983.020274,42051.016017236536
2024-01-30,2024,Drift,42950.054128,43218.347082,43288.343561817695
2024-01-31,2024,Drift,42589.470806,42950.054128,43019.61608027077
2024-02-01,2024,Drift,43020.359655,42589.470806,42658.44875714798
2024-02-02,2024,Drift,43155.385203,43020.359655,43090.03547417531
2024-02-03,2024,Drift,42982.378998,43155.385203,43225.27970969308
2024-02-04,2024,Drift,42576.291305,42982.378998,43051.99330366379
2024-02-05,2024,Drift,42619.274274,42576.291305,42645.24791061447
2024-02-06,2024,Drift,43102.706263,42619.274274,42688.30049487571
2024-02-07,2024,Drift,44253.031473,43102.706263,43172.515450827144
2024-02-08,2024,Drift,45332.091572,44253.031473,44324.70372873192
2024-02-09,2024,Drift,47176.966514,45332.091572,45405.51147458889
2024-02-10,2024,Drift,47792.897216,47176.966514,47253.37437796092
2024-02-11,2024,Drift,48200.798606,47792.897216,47870.30264196554
2024-02-12,2024,Drift,49989.803717,48200.798606,48278.864669480405
2024-02-13,2024,Drift,49628.094153,49989.803717,50070.76725501613
2024-02-14,2024,Drift,51844.292919,49628.094153,49708.47186583062
2024-02-15,2024,Drift,51939.147292,51844.292919,51928.259989653634
2024-02-16,2024,Drift,52157.312398,51939.147292,52023.26798889465
2024-02-17,2024,Drift,51674.815852,52157.312398,52241.7864353269
2024-02-18,2024,Drift,52148.064537,51674.815852,51758.508437419914
2024-02-19,2024,Drift,51804.805154,52148.064537,52232.52359648162
2024-02-20,2024,Drift,52308.053171,51804.805154,51888.70827022843
2024-02-21,2024,Drift,51744.321808,52308.053171,52392.7713482394
2024-02-22,2024,Drift,51292.325257,51744.321808,51828.12696533844
2024-02-23,2024,Drift,50789.143176,51292.325257,51375.398360255014
2024-02-24,2024,Drift,51578.234916,50789.143176,50871.40132503406
2024-02-25,2024,Drift,51746.478967,51578.234916,51661.77107883566
2024-02-26,2024,Drift,54551.825918,51746.478967,51830.287618075396
2024-02-27,2024,Drift,57049.88822,54551.825918,54640.178111910674
2024-02-28,2024,Drift,62460.74062,57049.88822,57142.286278209314
2024-02-29,2024,Drift,61394.781852,62460.74062,62561.9021003757
2024-03-01,2024,Drift,62524.401817,61394.781852,61494.21690444802
2024-03-02,2024,Drift,62049.614564,62524.401817,62625.66640311648
2024-03-03,2024,Drift,62991.442291,62049.614564,62150.110184188445
2024-03-04,2024,Drift,68091.838824,62991.442291,63093.463296353206
2024-03-05,2024,Drift,63950.52433,68091.838824,68202.12043687499
2024-03-06,2024,Drift,66103.72154,63950.52433,64054.09866561961
2024-03-07,2024,Drift,67070.379148,66103.72154,66210.78319605709
2024-03-08,2024,Drift,68343.714955,67070.379148,67179.00640372292
2024-03-09,2024,Drift,68502.505339,68343.714955,68454.40450671833
2024-03-10,2024,Drift,68882.25134,68502.505339,68613.45206778917
2024-03-11,2024,Drift,72198.087534,68882.25134,68993.81310580677
2024-03-12,2024,Drift,71432.728302,72198.087534,72315.01963155018
2024-03-13,2024,Drift,73081.575905,71432.728302,71548.42082294318
2024-03-14,2024,Drift,71505.272908,73081.575905,73199.93890123338
2024-03-15,2024,Drift,69424.914175,71505.272908,71621.0829222624
2024-03-16,2024,Drift,65433.681901,69424.914175,69537.3548380979
2024-03-17,2024,Drift,68285.089169,65433.681901,65539.65836016192
2024-03-18,2024,Drift,67770.886525,68285.089169,68395.68377033445
2024-03-19,2024,Drift,61969.307539,67770.886525,67880.6483231982
2024-03-20,2024,Drift,67848.10764,61969.307539,62069.67309384735
2024-03-21,2024,Drift,65454.735723,67848.10764,67957.99450559626
2024-03-22,2024,Drift,63486.485,65454.735723,65560.74628095388
2024-03-23,2024,Drift,64361.242905,63486.485,63589.307777038826
2024-03-24,2024,Drift,67289.565831,64361.242905,64465.482440850225
2024-03-25,2024,Drift,70042.020424,67289.565831,67398.54808170233
2024-03-26,2024,Drift,70071.047214,70042.020424,70155.46055301967
2024-03-27,2024,Drift,69267.887982,70071.047214,70184.5343548389
2024-03-28,2024,Drift,70826.896871,69267.887982,69380.07432531264
2024-03-29,2024,Drift,69917.043007,70826.896871,70941.60818672836
2024-03-30,2024,Drift,69663.011907,69917.043007,70030.28072246531
2024-03-31,2024,Drift,71227.451794,69663.011907,69775.83819343192
2024-04-01,2024,Drift,69791.627731,71227.451794,71342.81184889763
2024-04-02,2024,Drift,65533.754835,69791.627731,69904.66232375405
2024-04-03,2024,Drift,66130.216239,65533.754835,65639.89337238975
2024-04-04,2024,Drift,68438.135025,66130.216239,66237.32080589911
2024-04-05,2024,Drift,67904.909477,68438.135025,68548.97749956176
2024-04-06,2024,Drift,69136.071078,67904.909477,68014.88833891044
2024-04-07,2024,Drift,69392.683011,69136.071078,69248.04393051803
2024-04-08,2024,Drift,71712.797284,69392.683011,69505.07147247122
2024-04-09,2024,Drift,69074.541864,71712.797284,71828.94340495729
2024-04-10,2024,Drift,70579.445677,69074.541864,69186.41506373914
2024-04-11,2024,Drift,70046.553606,70579.445677,70693.75622051756
2024-04-12,2024,Drift,67098.113692,70046.553606,70160.00107696596
2024-04-13,2024,Drift,64551.648288,67098.113692,67206.78586661918
2024-04-14,2024,Drift,65648.80996,64551.648288,64656.19620460627
2024-04-15,2024,Drift,63393.325166,65648.80996,65755.13484078969
2024-04-16,2024,Drift,63784.820334,63393.325166,63495.99706127493
2024-04-17,2024,Drift,61324.218429,63784.820334,63888.1262952556
2024-04-18,2024,Drift,63510.145003,61324.218429,61423.53919685484
2024-04-19,2024,Drift,63762.63103,63510.145003,63613.00609980425
2024-04-20,2024,Drift,64907.992837,63762.63103,63865.901053435795
2024-04-21,2024,Drift,64968.19262,64907.992837,65013.11788960791
2024-04-22,2024,Drift,66944.596091,64968.19262,65073.41517223898
2024-04-23,2024,Drift,66385.300292,66944.596091,67053.01962835317
2024-04-24,2024,Drift,64189.967906,66385.300292,66492.81799329627
2024-04-25,2024,Drift,64515.387473,64189.967906,64293.93004468397
2024-04-26,2024,Drift,63777.4715,64515.387473,64619.87666155265
2024-04-27,2024,Drift,63429.309965,63777.4715,63880.76555907642
2024-04-28,2024,Drift,62978.577005,63429.309965,63532.04014129276
2024-04-29,2024,Drift,63908.388877,62978.577005,63080.57717372264
2024-04-30,2024,Drift,60636.326163,63908.388877,64011.894969996174
2024-05-01,2024,Drift,58141.77728,60636.326163,60734.53281982643
2024-05-02,2024,Drift,59170.108894,58141.77728,58235.94376286486
2024-05-03,2024,Drift,62983.655478,59170.108894,59265.940863814845
2024-05-04,2024,Drift,63881.130543,62983.655478,63085.663871822784
2024-05-05,2024,Drift,64067.595992,63881.130543,63984.592488370115
2024-05-06,2024,Drift,63228.103134,64067.595992,64171.35993700497
2024-05-07,2024,Drift,62396.99972,63228.103134,63330.50743550031
2024-05-08,2024,Drift,61079.274428,62396.99972,62498.057965547865
2024-05-09,2024,Drift,62998.490338,61079.274428,61178.19848429644
2024-05-10,2024,Drift,60896.641888,62998.490338,63100.522758377454
2024-05-11,2024,Drift,60843.572924,60896.641888,60995.27015244499
2024-05-12,2024,Drift,61431.274688,60843.572924,60942.11523789578
2024-05-13,2024,Drift,62886.939449,61431.274688,61530.7688442831
2024-05-14,2024,Drift,61555.567005,62886.939449,62988.791201441774
2024-05-15,2024,Drift,66281.532254,61555.567005,61655.262465248794
2024-05-16,2024,Drift,65269.260325,66281.532254,66388.88189247415
2024-05-17,2024,Drift,66956.440948,65269.260325,65374.97048680667
2024-05-18,2024,Drift,66977.600691,66956.440948,67064.88366929587
2024-05-19,2024,Drift,66259.470426,66977.600691,67086.07768263761
2024-05-20,2024,Drift,71202.20259,66259.470426,66366.78433311461
2024-05-21,2024,Drift,70217.254691,71202.20259,71317.52175126062
2024-05-22,2024,Drift,69074.914135,70217.254691,70330.97862962048
2024-05-23,2024,Drift,67758.730659,69074.914135,69186.78793766964
2024-05-24,2024,Drift,68608.99828,67758.730659,67868.472769545
2024-05-25,2024,Drift,69282.792598,68608.99828,68720.117484867
2024-05-26,2024,Drift,68445.006953,69282.792598,69395.0030808442
2024-05-27,2024,Drift,69347.81526,68445.006953,68555.86055734349
2024-05-28,2024,Drift,68342.820449,69347.81526,69460.13105361511
2024-05-29,2024,Drift,67584.26324,68342.820449,68453.5085519755
2024-05-30,2024,Drift,68375.476026,67584.26324,67693.722782932
2024-05-31,2024,Drift,67377.762612,68375.476026,68486.21701798192
2024-06-01,2024,Drift,67714.35264,67377.762612,67486.88770630045
2024-06-02,2024,Drift,67805.485574,67714.35264,67824.02287585934
2024-06-03,2024,Drift,68833.302835,67805.485574,67915.3034088539
2024-06-04,2024,Drift,70554.089433,68833.302835,68944.78532375723
2024-06-05,2024,Drift,71087.443316,70554.089433,70668.35890951846
2024-06-06,2024,Drift,70788.501376,71087.443316,71202.57661302127
2024-06-07,2024,Drift,69338.157324,70788.501376,70903.15050634478
2024-06-08,2024,Drift,69310.109262,69338.157324,69450.45747561193
2024-06-09,2024,Drift,69644.019089,69310.109262,69422.36398694158
2024-06-10,2024,Drift,69465.936248,69644.019089,69756.81461464416
2024-06-11,2024,Drift,67368.263506,69465.936248,69578.44335048994
2024-06-12,2024,Drift,68213.834684,67368.263506,67477.3732155385
2024-06-13,2024,Drift,66783.490277,68213.834684,68324.31388149654
2024-06-14,2024,Drift,65982.18652,66783.490277,66891.65288720951
2024-06-15,2024,Drift,66204.904308,65982.18652,66089.05133781249
2024-06-16,2024,Drift,66622.599934,66204.904308,66312.12983977323
2024-06-17,2024,Drift,66483.878526,66622.599934,66730.50196604288
2024-06-18,2024,Drift,65112.123002,66483.878526,66591.55588470642
2024-06-19,2024,Drift,64878.714153,65112.123002,65217.57866403514
2024-06-20,2024,Drift,64897.701154,64878.714153,64983.7917858209
2024-06-21,2024,Drift,64086.048923,64897.701154,65002.80953818744
2024-06-22,2024,Drift,64258.135506,64086.048923,64189.84275439118
2024-06-23,2024,Drift,63345.021876,64258.135506,64362.208048999724
2024-06-24,2024,Drift,60258.955437,63345.021876,63447.61553921628
2024-06-25,2024,Drift,61739.665848,60258.955437,60356.55090380669
2024-06-26,2024,Drift,60794.476058,61739.665848,61839.65947492611
2024-06-27,2024,Drift,61569.923428,60794.476058,60892.93885456062
2024-06-28,2024,Drift,60303.314736,61569.923428,61669.6421399264
2024-06-29,2024,Drift,60889.329843,60303.314736,60400.98204717342
2024-06-30,2024,Drift,62763.279686,60889.329843,60987.94626484931
2024-07-01,2024,Drift,62835.399765,62763.279686,62864.9311589612
2024-07-02,2024,Drift,62028.617039,62835.399765,62937.16804371605
2024-07-03,2024,Drift,60216.392086,62028.617039,62129.07865157514
2024-07-04,2024,Drift,57418.242021,60216.392086,60313.91861715921
2024-07-05,2024,Drift,56720.988126,57418.242021,57511.23666540796
2024-07-06,2024,Drift,58259.221773,56720.988126,56812.85349727549
2024-07-07,2024,Drift,56112.572559,58259.221773,58353.57846908768
2024-07-08,2024,Drift,56691.914906,56112.572559,56203.452539791324
2024-07-09,2024,Drift,57981.432097,56691.914906,56783.733190258194
2024-07-10,2024,Drift,57722.011353,57981.432097,58075.33888463994
2024-07-11,2024,Drift,57307.712738,57722.011353,57815.49798253355
2024-07-12,2024,Drift,57859.120282,57307.712738,57400.52836906643
2024-07-13,2024,Drift,59329.037202,57859.120282,57952.82897329735
2024-07-14,2024,Drift,61015.033941,59329.037202,59425.12657226753
2024-07-15,2024,Drift,64734.76117,61015.033941,61113.853953336984
2024-07-16,2024,Drift,65118.826658,64734.76117,64839.60565642013
2024-07-17,2024,Drift,64201.370781,65118.826658,65224.29317728336
2024-07-18,2024,Drift,63984.302202,64201.370781,64305.35138779216
2024-07-19,2024,Drift,66755.783383,63984.302202,64087.93124429618
2024-07-20,2024,Drift,67185.497811,66755.783383,66863.9011190952
2024-07-21,2024,Drift,68056.620122,67185.497811,67294.31151302905
2024-07-22,2024,Drift,67535.197674,68056.620122,68166.84469462864
2024-07-23,2024,Drift,65916.408162,67535.197674,67644.57775029035
2024-07-24,2024,Drift,65353.385778,65916.408162,66023.16644511557
2024-07-25,2024,Drift,65722.061192,65353.385778,65459.23218947771
2024-07-26,2024,Drift,67912.243309,65722.061192,65828.5047105611
2024-07-27,2024,Drift,68077.373081,67912.243309,68022.23404879238
2024-07-28,2024,Drift,68170.669131,68077.373081,68187.6312651426
2024-07-29,2024,Drift,66867.167277,68170.669131,68281.07841752208
2024-07-30,2024,Drift,66186.914686,66867.167277,66975.46541056561
2024-07-31,2024,Drift,64690.634039,66186.914686,66294.11108176276
2024-08-01,2024,Drift,65178.055489,64690.634039,64795.40705707293
2024-08-02,2024,Drift,61506.769888,65178.055489,65283.61793535956
2024-08-03,2024,Drift,60688.244427,61506.769888,61606.38631638743
2024-08-04,2024,Drift,58306.264479,60688.244427,60786.53517070072
2024-08-05,2024,Drift,54343.627677,58306.264479,58400.697365503176
2024-08-06,2024,Drift,56047.471287,54343.627677,54431.64267282333
2024-08-07,2024,Drift,55129.741038,56047.471287,56138.245829703585
2024-08-08,2024,Drift,61908.789672,55129.741038,55219.029223839214
2024-08-09,2024,Drift,60720.940759,61908.789672,62009.057212047104
2024-08-10,2024,Drift,60871.555073,60720.940759,60819.284457713984
2024-08-11,2024,Drift,58836.104372,60871.555073,60970.14270681336
2024-08-12,2024,Drift,59394.162954,58836.104372,58931.39538774414
2024-08-13,2024,Drift,60536.245785,59394.162954,59490.357802003105
2024-08-14,2024,Drift,58840.64668,60536.245785,60634.29035154229
2024-08-15,2024,Drift,57644.187688,58840.64668,58935.94505247089
2024-08-16,2024,Drift,58927.276509,57644.187688,57737.54827424489
2024-08-17,2024,Drift,59414.674335,58927.276509,59022.715187231915
2024-08-18,2024,Drift,58793.206146,59414.674335,59510.90240325708
2024-08-19,2024,Drift,59411.519017,58793.206146,58888.427683732756
2024-08-20,2024,Drift,59123.300266,59411.519017,59507.74197490077
2024-08-21,2024,Drift,61133.025649,59123.300266,59219.056424512324
2024-08-22,2024,Drift,60394.473775,61133.025649,61232.036760829804
2024-08-23,2024,Drift,64106.802915,60394.473775,60492.28872744765
2024-08-24,2024,Drift,64023.226704,64106.802915,64210.63035957818
2024-08-25,2024,Drift,64498.018341,64023.226704,64126.91878846005
2024-08-26,2024,Drift,62983.442773,64498.018341,64602.479398488416
2024-08-27,2024,Drift,59548.007622,62983.442773,63085.45082232555
2024-08-28,2024,Drift,59100.774755,59548.007622,59644.45163698717
2024-08-29,2024,Drift,59339.790995,59100.774755,59196.49443117131
2024-08-30,2024,Drift,59142.939964,59339.790995,59435.89778212185
2024-08-31,2024,Drift,58959.926273,59142.939964,59238.727930987596
2024-09-01,2024,Drift,57349.080718,58959.926273,59055.417830823586
2024-09-02,2024,Drift,59159.023888,57349.080718,57441.963348689795
2024-09-03,2024,Drift,57637.775444,59159.023888,59254.837904527616
2024-09-04,2024,Drift,58033.39897,57637.775444,57731.12564496785
2024-09-05,2024,Drift,56112.95294,58033.39897,58127.389923241426
2024-09-06,2024,Drift,53838.953462,56112.95294,56203.83353685679
2024-09-07,2024,Drift,54066.439925,53838.953462,53926.15108694059
2024-09-08,2024,Drift,54859.258408,54066.439925,54154.00598725232
2024-09-09,2024,Drift,57135.781437,54859.258408,54948.10851989076
2024-09-10,2024,Drift,57664.499821,57135.781437,57228.318607952766
2024-09-11,2024,Drift,57409.195066,57664.499821,57757.893304796584
2024-09-12,2024,Drift,58124.641807,57409.195066,57502.17505795025
2024-09-13,2024,Drift,60536.88145,58124.641807,58218.78053723499
2024-09-14,2024,Drift,60007.170251,60536.88145,60634.92704606598
2024-09-15,2024,Drift,59129.919754,60007.170251,60104.35792625796
2024-09-16,2024,Drift,58227.464217,59129.919754,59225.68663344197
2024-09-17,2024,Drift,60238.217726,58227.464217,58321.76947851701
2024-09-18,2024,Drift,61306.233732,60238.217726,60335.77960598842
2024-09-19,2024,Drift,62994.609653,61306.233732,61405.525371820906
2024-09-20,2024,Drift,63153.951827,62994.609653,63096.635788215994
2024-09-21,2024,Drift,63367.729608,63153.951827,63256.23603296648
2024-09-22,2024,Drift,63571.952173,63367.729608,63470.36004868261
2024-09-23,2024,Drift,63336.012635,63571.952173,63674.91337276097
2024-09-24,2024,Drift,64342.789111,63336.012635,63438.5917068402
2024-09-25,2024,Drift,63059.626917,64342.789111,64446.99875906629
2024-09-26,2024,Drift,65057.786146,63059.626917,63161.75835424429
2024-09-27,2024,Drift,65767.713254,65057.786146,65163.15380400673
2024-09-28,2024,Drift,65770.527648,65767.713254,65874.23071068813
2024-09-29,2024,Drift,65617.761069,65770.527648,65877.04966288358
2024-09-30,2024,Drift,63260.042548,65617.761069,65724.03566297358
2024-10-01,2024,Drift,60858.248709,63260.042548,63362.49857860839
2024-10-02,2024,Drift,60686.099314,60858.248709,60956.81479181241
2024-10-03,2024,Drift,60765.23675,60686.099314,60784.38658347348
2024-10-04,2024,Drift,62052.51005,60765.23675,60863.652190547014
2024-10-05,2024,Drift,62030.453898,62052.51005,62153.01035972057
2024-10-06,2024,Drift,62789.881456,62030.453898,62130.918485553884
2024-10-07,2024,Drift,62416.50883,62789.881456,62891.57601321552
2024-10-08,2024,Drift,62126.327377,62416.50883,62517.59867252268
2024-10-09,2024,Drift,60615.258192,62126.327377,62226.94724134004
2024-10-10,2024,Drift,60221.117287,60615.258192,60713.43072711872
2024-10-11,2024,Drift,62462.539963,60221.117287,60318.651471099656
2024-10-12,2024,Drift,63202.880699,62462.539963,62563.7043575935
2024-10-13,2024,Drift,62759.431113,63202.880699,63305.244150218394
2024-10-14,2024,Drift,66089.758741,62759.431113,62861.07635280837
2024-10-15,2024,Drift,66933.974834,66089.758741,66196.79778289334
2024-10-16,2024,Drift,67662.953404,66933.974834,67042.3811691543
2024-10-17,2024,Drift,67337.907548,67662.953404,67772.54039360334
2024-10-18,2024,Drift,68390.537563,67337.907548,67446.9680929974
2024-10-19,2024,Drift,68357.898296,68390.537563,68501.30294866288
2024-10-20,2024,Drift,69012.353209,68357.898296,68468.61081907214
2024-10-21,2024,Drift,67440.462506,69012.353209,69124.12568792891
2024-10-22,2024,Drift,67425.755321,67440.462506,67549.68914911387
2024-10-23,2024,Drift,66647.286664,67425.755321,67534.95814434178
2024-10-24,2024,Drift,68130.994837,66647.286664,66755.22867869644
2024-10-25,2024,Drift,66261.537686,68130.994837,68241.33986699431
2024-10-26,2024,Drift,67023.339961,66261.537686,66368.85494125105
2024-10-27,2024,Drift,68000.147501,67023.339961,67131.89103200681
2024-10-28,2024,Drift,69862.520547,68000.147501,68110.28061051303
2024-10-29,2024,Drift,72678.78662,69862.520547,69975.66995783246
2024-10-30,2024,Drift,72450.284382,72678.78662,72796.49725828908
2024-10-31,2024,Drift,70367.081958,72450.284382,72567.62493782712
2024-11-01,2024,Drift,69483.58303,70367.081958,70481.04855701773
2024-11-02,2024,Drift,69241.679487,69483.58303,69596.11871323638
2024-11-03,2024,Drift,68742.754623,69241.679487,69353.82338300694
2024-11-04,2024,Drift,67779.09698,68742.754623,68854.09045977905
2024-11-05,2024,Drift,69538.024173,67779.09698,67888.87207585965
2024-11-06,2024,Drift,75696.036619,69538.024173,69650.64802916814
2024-11-07,2024,Drift,75972.295555,75696.036619,75818.63399852099
2024-11-08,2024,Drift,76507.447401,75972.295555,76095.34036378063
2024-11-09,2024,Drift,76799.252747,76507.447401,76631.35894226618
2024-11-10,2024,Drift,80409.286567,76799.252747,76923.63689650763
2024-11-11,2024,Drift,88859.998449,80409.286567,80539.51753103163
2024-11-12,2024,Drift,88048.748888,88859.998449,89003.91619477207
2024-11-13,2024,Drift,90369.381969,88048.748888,88191.35273314055
2024-11-14,2024,Drift,87204.256983,90369.381969,90515.74431388859
2024-11-15,2024,Drift,91139.084443,87204.256983,87345.49308817419
2024-11-16,2024,Drift,90567.695757,91139.084443,91286.69339881485
2024-11-17,2024,Drift,89732.970429,90567.695757,90714.3792911056
2024-11-18,2024,Drift,90587.696553,89732.970429,89878.30204109747
2024-11-19,2024,Drift,92254.13858,90587.696553,90734.41248041557
2024-11-20,2024,Drift,94160.040686,92254.13858,92403.55347865315
2024-11-21,2024,Drift,98545.56888,94160.040686,94312.54238568337
2024-11-22,2024,Drift,98938.349545,98545.56888,98705.1733857009
2024-11-23,2024,Drift,97707.048459,98938.349545,99098.59019867385
2024-11-24,2024,Drift,97980.208282,97707.048459,97865.2948961562
2024-11-25,2024,Drift,93343.029075,97980.208282,98138.89712908924
2024-11-26,2024,Drift,91875.569959,93343.029075,93494.2075418297
2024-11-27,2024,Drift,95989.080227,91875.569959,92024.37172752143
2024-11-28,2024,Drift,95737.940282,95989.080227,96144.5442410235
2024-11-29,2024,Drift,97398.94174,95737.940282,95892.99754950775
2024-11-30,2024,Drift,96463.624898,97398.94174,97556.68916719413
2024-12-01,2024,Drift,97469.604453,96463.624898,96619.85748506547
2024-12-02,2024,Drift,95726.441726,97469.604453,97627.4663255975
2024-12-03,2024,Drift,96010.877423,95726.441726,95881.48037043452
2024-12-04,2024,Drift,98920.252826,96010.877423,96166.37673978477
2024-12-05,2024,Drift,96949.664412,98920.252826,99080.46417020896
2024-12-06,2024,Drift,99953.105658,96949.664412,97106.68418916712
2024-12-07,2024,Drift,99977.700228,99953.105658,100114.98981172832
2024-12-08,2024,Drift,100798.983564,99977.700228,100139.62421511943
2024-12-09,2024,Drift,97390.19886,100798.983564,100962.23770246335
2024-12-10,2024,Drift,96835.501739,97390.19886,97547.93212721661
2024-12-11,2024,Drift,101310.2019,96835.501739,96992.33661818337
2024-12-12,2024,Drift,100090.89048,101310.2019,101474.28400821125
2024-12-13,2024,Drift,101289.823977,100090.89048,100252.99779016912
2024-12-14,2024,Drift,101366.871668,101289.823977,101453.873081106
2024-12-15,2024,Drift,104551.367141,101366.871668,101531.04555862636
2024-12-16,2024,Drift,105855.67223,104551.367141,104720.69864380163
2024-12-17,2024,Drift,106115.910583,105855.67223,106027.11618667834
2024-12-18,2024,Drift,100469.770657,106115.910583,106287.77602198513
2024-12-19,2024,Drift,97697.04578,100469.770657,100632.49160189727
2024-12-20,2024,Drift,97617.442205,97697.04578,97855.2760168069
2024-12-21,2024,Drift,97093.019083,97617.442205,97775.54351577417
2024-12-22,2024,Drift,95149.105825,97093.019083,97250.27103754116
2024-12-23,2024,Drift,94800.756206,95149.105825,95303.20941560969
2024-12-24,2024,Drift,98637.733054,94800.756206,94954.29560920497
2024-12-25,2024,Drift,99235.367887,98637.733054,98797.48682889281
2024-12-26,2024,Drift,95628.30309,99235.367887,99396.08959188902
2024-12-27,2024,Drift,94219.982146,95628.30309,95783.18278899773
2024-12-28,2024,Drift,95123.58111,94219.982146,94372.58092693424
2024-12-29,2024,Drift,93457.57832,95123.58111,95277.64336075475
2024-12-30,2024,Drift,92523.163085,93457.57832,93608.94231090587
2024-12-31,2024,Drift,93389.732602,92523.163085,92673.01369602083
2025-01-01,2025,Drift,94455.796572,93389.732602,93546.19488739423
2025-01-02,2025,Drift,96851.393683,94455.796572,94614.04490817814
2025-01-03,2025,Drift,98120.684676,96851.393683,97013.6555288909
2025-01-04,2025,Drift,98230.047857,98120.684676,98285.07305297801
2025-01-05,2025,Drift,98414.812096,98230.047857,98394.61945768751
2025-01-06,2025,Drift,102179.560367,98414.812096,98579.6932450103
2025-01-07,2025,Drift,96974.995786,102179.560367,102350.74885946234
2025-01-08,2025,Drift,95039.280921,96974.995786,97137.46471105234
2025-01-09,2025,Drift,92346.169159,95039.280921,95198.50680890885
2025-01-10,2025,Drift,94759.119636,92346.169159,92500.88309030115
2025-01-11,2025,Drift,94606.50801,94759.119636,94917.87615030954
2025-01-12,2025,Drift,94353.775259,94606.50801,94765.00884348557
2025-01-13,2025,Drift,94375.72991,94353.775259,94511.85267180845
2025-01-14,2025,Drift,96569.475727,94375.72991,94533.84410495541
2025-01-15,2025,Drift,100172.405985,96569.475727,96731.26525621902
2025-01-16,2025,Drift,99977.729823,100172.405985,100340.2317527495
2025-01-17,2025,Drift,104296.588034,99977.729823,100145.22943629579
2025-01-18,2025,Drift,104398.156261,104296.588034,104471.32332949725
2025-01-19,2025,Drift,100954.572282,104398.156261,104573.06172078059
2025-01-20,2025,Drift,102588.998699,100954.572282,101123.70846710456
2025-01-21,2025,Drift,105987.888705,102588.998699,102760.87315184972
2025-01-22,2025,Drift,103791.128861,105987.888705,106165.45755361814
2025-01-23,2025,Drift,104184.616744,103791.128861,103965.0173257464
2025-01-24,2025,Drift,104716.124882,104184.616744,104359.16444624214
2025-01-25,2025,Drift,104866.085349,104716.124882,104891.56305662771
2025-01-26,2025,Drift,102833.369273,104866.085349,105041.77476278144
2025-01-27,2025,Drift,101907.446297,102833.369273,103005.65313679272
2025-01-28,2025,Drift,101138.144066,101907.446297,102078.17889791953
2025-01-29,2025,Drift,103918.795459,101138.144066,101307.58780162493
2025-01-30,2025,Drift,104987.446411,103918.795459,104092.89781243775
2025-01-31,2025,Drift,102263.043671,104987.446411,105163.33914937172
2025-02-01,2025,Drift,100610.29044,102263.043671,102434.37202882198
2025-02-02,2025,Drift,97424.7809,100610.29044,100778.84982589637
2025-02-03,2025,Drift,101582.408702,97424.7809,97588.00338119724
2025-02-04,2025,Drift,97848.149759,101582.408702,101752.5967449308
2025-02-05,2025,Drift,96559.332756,97848.149759,98012.08153936107
2025-02-06,2025,Drift,96541.300681,96559.332756,96721.1052919974
2025-02-07,2025,Drift,96384.110984,96541.300681,96703.0430066136
2025-02-08,2025,Drift,96603.318157,96384.110984,96545.5899588303
2025-02-09,2025,Drift,96309.753241,96603.318157,96765.16438478528
2025-02-10,2025,Drift,97375.225354,96309.753241,96471.10763915487
2025-02-11,2025,Drift,95806.258039,97375.225354,97538.36481135976
2025-02-12,2025,Drift,97756.497655,95806.258039,95966.76889678062
2025-02-13,2025,Drift,96534.740633,97756.497655,97920.27588424517
2025-02-14,2025,Drift,97414.358982,96534.740633,96696.47196811096
2025-02-15,2025,Drift,97583.243177,97414.358982,97577.5640026364
2025-02-16,2025,Drift,96182.266171,97583.243177,97746.73114102193
2025-02-17,2025,Drift,95790.510999,96182.266171,96343.40698123921
2025-02-18,2025,Drift,95444.031887,95790.510999,95950.99547467419
2025-02-19,2025,Drift,96647.913298,95444.031887,95603.93588222741
2025-02-20,2025,Drift,98392.219725,96647.913298,96809.8342391128
2025-02-21,2025,Drift,96048.993725,98392.219725,98557.06302344687
2025-02-22,2025,Drift,96605.709106,96048.993725,96209.91125468255
2025-02-23,2025,Drift,96091.632977,96605.709106,96767.55933950769
2025-02-24,2025,Drift,91869.654343,96091.632977,96252.62194317381
2025-02-25,2025,Drift,88769.735627,91869.654343,92023.56993603571
2025-02-26,2025,Drift,83987.895642,88769.735627,88918.4577115704
2025-02-27,2025,Drift,84625.419136,83987.895642,84128.6063789458
2025-02-28,2025,Drift,84243.777911,84625.419136,84767.19796019784
2025-03-01,2025,Drift,85844.368563,84243.777911,84384.91734522852
2025-03-02,2025,Drift,94328.009444,85844.368563,85988.18957757375
2025-03-03,2025,Drift,86315.930551,94328.009444,94486.04368955453
2025-03-04,2025,Drift,87323.690651,86315.930551,86460.5416060235
2025-03-05,2025,Drift,90619.409098,87323.690651,87469.990076297
2025-03-06,2025,Drift,90222.069328,90619.409098,90771.23006860897
2025-03-07,2025,Drift,86553.592194,90222.069328,90373.22460778021
2025-03-08,2025,Drift,86171.278936,86553.592194,86698.60142002987
2025-03-09,2025,Drift,80647.796411,86171.278936,86315.64764615713
2025-03-10,2025,Drift,79005.960129,80647.796411,80782.91124843346
2025-03-11,2025,Drift,82747.160192,79005.960129,79138.32428442841
2025-03-12,2025,Drift,83630.15811,82747.160192,82885.79223893708
2025-03-13,2025,Drift,81110.289049,83630.15811,83770.26950448846
2025-03-14,2025,Drift,84105.833552,81110.289049,81246.17873237318
2025-03-15,2025,Drift,84352.877302,84105.833552,84246.74187849252
2025-03-16,2025,Drift,82492.102829,84352.877302,84494.19951799237
2025-03-17,2025,Drift,84013.947518,82492.102829,82630.3075606765
2025-03-18,2025,Drift,82680.806551,84013.947518,84154.70190145752
2025-03-19,2025,Drift,86774.235072,82680.806551,82819.32743108795
2025-03-20,2025,Drift,84124.971288,86774.235072,86919.61395632084
2025-03-21,2025,Drift,84069.40818,84124.971288,84265.91167726675
2025-03-22,2025,Drift,83821.220305,84069.40818,84210.2554805447
2025-03-23,2025,Drift,85760.881451,83821.220305,83961.65179921301
2025-03-24,2025,Drift,87322.571857,85760.881451,85904.56259383431
2025-03-25,2025,Drift,87422.842608,87322.571857,87468.86940790396
2025-03-26,2025,Drift,86836.676096,87422.842608,87569.30814943592
2025-03-27,2025,Drift,87211.324017,86836.676096,86982.1595920918
2025-03-28,2025,Drift,84309.078355,87211.324017,87357.43518669474
2025-03-29,2025,Drift,82497.179247,84309.078355,84450.3271915838
2025-03-30,2025,Drift,82216.466677,82497.179247,82635.39248355107
2025-03-31,2025,Drift,82461.449628,82216.466677,82354.20961634585
2025-04-01,2025,Drift,85226.713794,82461.449628,82599.60300424643
2025-04-02,2025,Drift,82555.631296,85226.713794,85369.50000877242
2025-04-03,2025,Drift,82931.697399,82555.631296,82693.94246131604
2025-04-04,2025,Drift,83774.179738,82931.697399,83070.63861389745
2025-04-05,2025,Drift,83302.171576,83774.179738,83914.53242189401
2025-04-06,2025,Drift,77949.088493,83302.171576,83441.73347193805
2025-04-07,2025,Drift,79421.804411,77949.088493,78079.68199819814
2025-04-08,2025,Drift,76351.42953,79421.804411,79554.86525914738
2025-04-09,2025,Drift,82720.603489,76351.42953,76479.34636651447
2025-04-10,2025,Drift,79558.955825,82720.603489,82859.19104365374
2025-04-11,2025,Drift,83359.899516,79558.955825,79692.2464524077
2025-04-12,2025,Drift,85269.249512,83359.899516,83499.55812755306
2025-04-13,2025,Drift,83568.954436,85269.249512,85412.106989806
2025-04-14,2025,Drift,84589.032414,83568.954436,83708.96329173562
2025-04-15,2025,Drift,83671.343971,84589.032414,84730.75027700304
2025-04-16,2025,Drift,84151.535756,83671.343971,83811.52436701313
2025-04-17,2025,Drift,84940.583854,84151.535756,84292.52065055934
2025-04-18,2025,Drift,84434.772746,84940.583854,85082.89069547212
2025-04-19,2025,Drift,85124.721496,84434.772746,84576.2321671002
2025-04-20,2025,Drift,85101.746155,85124.721496,85267.33683601356
2025-04-21,2025,Drift,87360.719893,85101.746155,85244.32300283397
2025-04-22,2025,Drift,93495.610689,87360.719893,87507.08135595005
2025-04-23,2025,Drift,93695.740477,93495.610689,93652.25035928443
2025-04-24,2025,Drift,93849.881779,93695.740477,93852.7154385754
2025-04-25,2025,Drift,94771.412801,93849.881779,94007.11498417148
2025-04-26,2025,Drift,94694.511101,94771.412801,94930.18991090005
2025-04-27,2025,Drift,93812.876535,94694.511101,94853.15937215732
2025-04-28,2025,Drift,95066.021187,93812.876535,93970.04774272394
2025-04-29,2025,Drift,94102.840302,95066.021187,95225.29187472799
2025-04-30,2025,Drift,94236.732514,94102.840302,94260.49730610008
2025-05-01,2025,Drift,96411.742264,94236.732514,94394.61383699362
2025-05-02,2025,Drift,96842.102106,96411.742264,96573.2675314269
2025-05-03,2025,Drift,95943.611353,96842.102106,97004.3483850686
2025-05-04,2025,Drift,94377.78992,95943.611353,96104.352328298
2025-05-05,2025,Drift,94853.729859,94377.78992,94535.9075662328
2025-05-06,2025,Drift,96677.924503,94853.729859,95012.644880367
2025-05-07,2025,Drift,97137.375709,96677.924503,96839.89572396253
2025-05-08,2025,Drift,103069.539296,97137.375709,97300.11668038064
2025-05-09,2025,Drift,102940.802949,103069.539296,103242.21883178482
2025-05-10,2025,Drift,104582.821806,102940.802949,103113.2668038689
2025-05-11,2025,Drift,103976.137799,104582.821806,104758.0366487545
2025-05-12,2025,Drift,102920.074689,103976.137799,104150.33622203037
2025-05-13,2025,Drift,104145.711825,102920.074689,103092.50381637969
2025-05-14,2025,Drift,103572.719642,104145.711825,104320.19434713756
2025-05-15,2025,Drift,103716.283947,103572.719642,103746.242190659
2025-05-16,2025,Drift,103566.269191,103716.283947,103890.04701887966
2025-05-17,2025,Drift,103190.041365,103566.269191,103739.78093277181
2025-05-18,2025,Drift,106015.689849,103190.041365,103362.92278624466
2025-05-19,2025,Drift,105615.82896,106015.689849,106193.30527479966
2025-05-20,2025,Drift,106893.330248,105615.82896,105792.77447116569
2025-05-21,2025,Drift,109704.85562,106893.330248,107072.41604552849
2025-05-22,2025,Drift,111477.014788,109704.85562,109888.65176065605
2025-05-23,2025,Drift,107291.88897,111477.014788,111663.77994961567
2025-05-24,2025,Drift,107917.328289,107291.88897,107471.64250055193
2025-05-25,2025,Drift,108914.876558,107917.328289,108098.12966134887
2025-05-26,2025,Drift,109371.985172,108914.876558,109097.34919203482
2025-05-27,2025,Drift,109066.345637,109371.985172,109555.22363174635
2025-05-28,2025,Drift,107895.402399,109066.345637,109249.07203767069
2025-05-29,2025,Drift,105732.957892,107895.402399,108076.16703738719
2025-05-30,2025,Drift,103981.302958,105732.957892,105910.09963737555
2025-05-31,2025,Drift,104708.96415,103981.302958,104155.51003457888
2025-06-01,2025,Drift,105750.159724,104708.96415,104884.39032775757
2025-06-02,2025,Drift,105899.696927,105750.159724,105927.33028879575
2025-06-03,2025,Drift,105483.985551,105899.696927,106077.118021826
2025-06-04,2025,Drift,104782.8449,105483.985551,105660.71017577367
2025-06-05,2025,Drift,101669.190497,104782.8449,104958.39485529359
2025-06-06,2025,Drift,104421.051549,101669.190497,101839.5239314808
2025-06-07,2025,Drift,105685.250402,104421.051549,104595.99536684186
2025-06-08,2025,Drift,105727.739632,105685.250402,105862.31221971425
2025-06-09,2025,Drift,110198.158714,105727.739632,105904.87263486325
2025-06-10,2025,Drift,110074.119082,110198.158714,110382.78131948606
2025-06-11,2025,Drift,108645.785558,110074.119082,110258.53387530199
2025-06-12,2025,Drift,105998.985831,108645.785558,108827.80736525048
2025-06-13,2025,Drift,106024.822087,105998.985831,106176.57327140169
2025-06-14,2025,Drift,105467.108742,106024.822087,106202.4528126703
2025-06-15,2025,Drift,105512.797438,105467.108742,105643.80509188697
2025-06-16,2025,Drift,107243.933346,105512.797438,105689.5703333229
2025-06-17,2025,Drift,104628.396527,107243.933346,107423.60653317456
2025-06-18,2025,Drift,104813.367029,104628.396527,104803.68772424021
2025-06-19,2025,Drift,104709.720767,104813.367029,104988.96812012969
2025-06-20,2025,Drift,103274.95884,104709.720767,104885.14821237043
2025-06-21,2025,Drift,101548.196382,103274.95884,103447.98252937027
2025-06-22,2025,Drift,100899.234152,101548.196382,101718.32710666221
2025-06-23,2025,Drift,105496.947495,100899.234152,101068.27762530373
2025-06-24,2025,Drift,105964.065137,105496.947495,105673.69383581594
2025-06-25,2025,Drift,107305.0652,105964.065137,106141.5940723451
2025-06-26,2025,Drift,107012.822824,107305.0652,107484.84080560238
2025-06-27,2025,Drift,107090.959051,107012.822824,107192.1088157148
2025-06-28,2025,Drift,107357.617171,107090.959051,107270.3759497461
2025-06-29,2025,Drift,108360.901696,107357.617171,107537.48082055812
2025-06-30,2025,Drift,107153.101136,108360.901696,108542.44621759093
2025-07-01,2025,Drift,105566.356598,107153.101136,107332.62214568385
2025-07-02,2025,Drift,108927.134518,105566.356598,105743.21922469212
2025-07-03,2025,Drift,109632.159127,108927.134518,109109.62768864396
2025-07-04,2025,Drift,108081.395759,109632.159127,109815.83347418779
2025-07-05,2025,Drift,108244.788814,108081.395759,108262.4720049415
2025-07-06,2025,Drift,109180.005546,108244.788814,108426.13880363999
2025-07-07,2025,Drift,108249.401004,109180.005546,109362.92236898612
2025-07-08,2025,Drift,108956.631703,108249.401004,108430.75872076124
2025-07-09,2025,Drift,111416.80672,108956.631703,109139.1742923204
2025-07-10,2025,Drift,115873.903784,111416.80672,111603.47101087049
2025-07-11,2025,Drift,117618.605087,115873.903784,116068.03535819412
2025-07-12,2025,Drift,117382.372541,117618.605087,117815.65968009131
2025-07-13,2025,Drift,118899.737108,117382.372541,117579.0313573501
2025-07-14,2025,Drift,119871.096198,118899.737108,119098.9380702725
2025-07-15,2025,Drift,117710.891008,119871.096198,120071.92454541351
2025-07-16,2025,Drift,118730.187792,117710.891008,117908.1002140847
2025-07-17,2025,Drift,119501.663771,118730.187792,118929.10469656369
2025-07-18,2025,Drift,117958.511213,119501.663771,119701.87318268883
2025-07-19,2025,Drift,117908.524732,117958.511213,118156.13527435952
2025-07-20,2025,Drift,117305.680954,117908.524732,118106.0650475468
2025-07-21,2025,Drift,117432.435635,117305.680954,117502.21128362422
2025-07-22,2025,Drift,120068.005789,117432.435635,117629.17832551787
2025-07-23,2025,Drift,118650.587166,120068.005789,120269.16403268547
2025-07-24,2025,Drift,118377.081937,118650.587166,118849.37071012336
2025-07-25,2025,Drift,117520.17335,118377.081937,118575.40725887554
2025-07-26,2025,Drift,117983.204599,117520.17335,117717.06303358682
2025-07-27,2025,Drift,119438.164236,117983.204599,118180.87003089886
2025-07-28,2025,Drift,118022.63732,119438.164236,119638.26726252108
2025-07-29,2025,Drift,117871.370895,118022.63732,118220.3688162667
2025-07-30,2025,Drift,117732.643661,117871.370895,118068.84896415111
2025-07-31,2025,Drift,115848.339985,117732.643661,117929.88931081042
2025-08-01,2025,Drift,113282.144336,115848.339985,116042.4287303916
2025-08-02,2025,Drift,112545.673659,113282.144336,113471.93375613577
2025-08-03,2025,Drift,114263.693948,112545.673659,112734.22921881688
2025-08-04,2025,Drift,115199.933659,114263.693948,114455.1278261639
2025-08-05,2025,Drift,114111.361018,115199.933659,115392.93608437758
2025-08-06,2025,Drift,115034.678749,114111.361018,114302.53968225863
2025-08-07,2025,Drift,117444.913924,115034.678749,115227.4043113845
2025-08-08,2025,Drift,116740.687721,117444.913924,117641.67752025943
2025-08-09,2025,Drift,116511.655739,116740.687721,116936.27147834047
2025-08-10,2025,Drift,119189.19816,116511.655739,116706.8557832027
2025-08-11,2025,Drift,118742.043049,119189.19816,119388.88407641539
2025-08-12,2025,Drift,120154.324935,118742.043049,118940.97981549663
2025-08-13,2025,Drift,123442.679822,120154.324935,120355.62779512756
2025-08-14,2025,Drift,118510.271281,123442.679822,123649.49189075759
2025-08-15,2025,Drift,117311.209948,118510.271281,118708.81974420566
2025-08-16,2025,Drift,117462.426846,117311.209948,117507.7495407307
2025-08-17,2025,Drift,117601.952232,117462.426846,117659.21978287028
2025-08-18,2025,Drift,116312.914398,117601.952232,117798.97892541027
2025-08-19,2025,Drift,112886.101475,116312.914398,116507.78147707313
2025-08-20,2025,Drift,114277.32086,112886.101475,113075.22737710849
2025-08-21,2025,Drift,112347.102298,114277.32086,114468.77756827312
2025-08-22,2025,Drift,116800.977035,112347.102298,112535.3251774666
2025-08-23,2025,Drift,115280.444724,116800.977035,116996.66179920269
2025-08-24,2025,Drift,113516.122474,115280.444724,115473.58203513942
2025-08-25,2025,Drift,110089.533314,113516.122474,113706.30389391117
2025-08-26,2025,Drift,111895.295495,110089.533314,110273.97393183215
2025-08-27,2025,Drift,111252.307236,111895.295495,112082.76143124612
2025-08-28,2025,Drift,112481.152904,111252.307236,111438.69592949489
2025-08-29,2025,Drift,108473.330442,112481.152904,112669.60036772858
2025-08-30,2025,Drift,108746.150825,108473.330442,108655.06332325375
2025-08-31,2025,Drift,108316.446895,108746.150825,108928.34078113164
2025-09-01,2025,Drift,108992.324615,108316.446895,108497.91693838473
2025-09-02,2025,Drift,111140.94716,108992.324615,109174.92700312728
2025-09-03,2025,Drift,111780.743587,111140.94716,111327.14928424892
2025-09-04,2025,Drift,110900.633413,111780.743587,111968.01760650301
2025-09-05,2025,Drift,110711.229485,110900.633413,111086.4329229891
2025-09-06,2025,Drift,110243.650742,110711.229485,110896.71167347407
2025-09-07,2025,Drift,111307.784421,110243.650742,110428.34956343047
2025-09-08,2025,Drift,112112.311575,111307.784421,111494.2660592642
2025-09-09,2025,Drift,111486.39678,112112.311575,112300.1410933113
2025-09-10,2025,Drift,113930.748423,111486.39678,111673.17765991647
2025-09-11,2025,Drift,115445.812933,113930.748423,114121.62449447249
2025-09-12,2025,Drift,116149.174032,115445.812933,115639.22729695015
2025-09-13,2025,Drift,115965.627551,116149.174032,116343.76678550048
2025-09-14,2025,Drift,115395.933423,115965.627551,116159.912796372
2025-09-15,2025,Drift,115420.931814,115395.933423,115589.26422035336
2025-09-16,2025,Drift,116798.867051,115420.931814,115614.30449288871
2025-09-17,2025,Drift,116575.777629,116798.867051,116994.54828020038
2025-09-18,2025,Drift,117014.426762,116575.777629,116771.08510104487
2025-09-19,2025,Drift,115612.372542,117014.426762,117210.46913330973
2025-09-20,2025,Drift,115753.165961,115612.372542,115806.0659547958
2025-09-21,2025,Drift,115320.858829,115753.165961,115947.0952547593
2025-09-22,2025,Drift,112727.707738,115320.858829,115514.06384868783
2025-09-23,2025,Drift,112052.393282,112727.707738,112916.5682721136
2025-09-24,2025,Drift,113324.623592,112052.393282,112240.12241504625
2025-09-25,2025,Drift,109166.347975,113324.623592,113514.48418057465
2025-09-26,2025,Drift,109669.102167,109166.347975,109349.24191651176
2025-09-27,2025,Drift,109644.730693,109669.102167,109852.83840742066
2025-09-28,2025,Drift,112170.007786,109644.730693,109828.42610220276
2025-09-29,2025,Drift,114341.141435,112170.007786,112357.9339667685
2025-09-30,2025,Drift,113971.742797,114341.141435,114532.70506630138
2025-10-01,2025,Drift,118393.270386,113971.742797,114162.68754918574
2025-10-02,2025,Drift,120558.594007,118393.270386,118591.62282950505
2025-10-03,2025,Drift,122348.12764,120558.594007,120760.57416709574
2025-10-04,2025,Drift,122379.744318,122348.12764,122553.10592969958
2025-10-05,2025,Drift,123523.768314,122379.744318,122584.77557730938
2025-10-06,2025,Drift,124824.453667,123523.768314,123730.71623592285
2025-10-07,2025,Drift,121587.699237,124824.453667,125033.58071715504
2025-10-08,2025,Drift,123390.353095,121587.699237,121791.40352834346
2025-10-09,2025,Drift,121603.332786,123390.353095,123597.0774971687
2025-10-10,2025,Drift,113754.852328,121603.332786,121807.06326931059
2025-10-11,2025,Drift,110940.113648,113754.852328,113945.43370856538
2025-10-12,2025,Drift,115152.917045,110940.113648,111125.97930196044
2025-10-13,2025,Drift,115332.25293,115152.917045,115345.84070018868
2025-10-14,2025,Drift,113327.07941,115332.25293,115525.47703901416
2025-10-15,2025,Drift,110862.872485,113327.07941,113516.94411297659
2025-10-16,2025,Drift,108135.049606,110862.872485,111048.60873149184
2025-10-17,2025,Drift,106625.668651,108135.049606,108316.2157419464
2025-10-18,2025,Drift,107143.913935,106625.668651,106804.30601652196
2025-10-19,2025,Drift,108706.663764,107143.913935,107323.4195527299
2025-10-20,2025,Drift,110640.249515,108706.663764,108888.78756472423
2025-10-21,2025,Drift,108700.382072,110640.249515,110825.61278581564
2025-10-22,2025,Drift,107667.630188,108700.382072,108882.49534857068
2025-10-23,2025,Drift,110060.936797,107667.630188,107848.013223831
2025-10-24,2025,Drift,111024.943147,110060.936797,110245.32950510718
2025-10-25,2025,Drift,111614.535858,111024.943147,111210.95092169376
2025-10-26,2025,Drift,114557.100461,111614.535858,111801.53141818629
2025-10-27,2025,Drift,114087.773805,114557.100461,114749.02590341077
2025-10-28,2025,Drift,112980.685846,114087.773805,114278.9129519675
2025-10-29,2025,Drift,110206.347983,112980.685846,113169.97021185429
2025-10-30,2025,Drift,108019.723842,110206.347983,110390.98430853545
2025-10-31,2025,Drift,109554.239628,108019.723842,108200.69676470876
2025-11-01,2025,Drift,110005.295855,109554.239628,109737.7834312559
2025-11-02,2025,Drift,110389.168627,110005.295855,110189.59534398443
2025-11-03,2025,Drift,106495.80279,110389.168627,110574.11124461897
2025-11-04,2025,Drift,101349.737232,106495.80279,106674.22258225305
2025-11-05,2025,Drift,103915.884791,101349.737232,101519.53546430678
2025-11-06,2025,Drift,101241.573678,103915.884791,104089.98226799411
2025-11-07,2025,Drift,103428.471747,101241.573678,101411.19069641545
2025-11-08,2025,Drift,102335.021439,103428.471747,103601.7526271727
2025-11-09,2025,Drift,104685.545441,102335.021439,102506.4703861605
2025-11-10,2025,Drift,106082.478157,104685.545441,104860.93238377286
2025-11-11,2025,Drift,102974.405612,106082.478157,106260.20547787652
2025-11-12,2025,Drift,101682.126653,102974.405612,103146.9257637369
2025-11-13,2025,Drift,100035.310145,101682.126653,101852.48176031864
2025-11-14,2025,Drift,94502.547603,100035.310145,100202.90622659614
2025-11-15,2025,Drift,95541.315839,94502.547603,94660.87426441743
2025-11-16,2025,Drift,94182.3131,95541.315839,95701.3828207682
2025-11-17,2025,Drift,91911.471347,94182.3131,94340.10325038132
2025-11-18,2025,Drift,92836.441911,91911.471347,92065.45699895795
2025-11-19,2025,Drift,91320.481133,92836.441911,92991.97723018938
2025-11-20,2025,Drift,86911.298059,91320.481133,91473.47665813188
2025-11-21,2025,Drift,84948.046321,86911.298059,87056.90657443329
2025-11-22,2025,Drift,84775.001545,84948.046321,85090.3656648598
2025-11-23,2025,Drift,86872.454663,84775.001545,84917.03097496483
2025-11-24,2025,Drift,88377.602442,86872.454663,87017.99810140244
2025-11-25,2025,Drift,87434.550611,88377.602442,88525.66755869401
2025-11-26,2025,Drift,90449.277068,87434.550611,87581.03576766401
2025-11-27,2025,Drift,91336.200045,90449.277068,90600.81300463904
2025-11-28,2025,Drift,90990.12661,91336.200045,91489.22190511355
2025-11-29,2025,Drift,90842.073824,90990.12661,91142.56866932554
2025-11-30,2025,Drift,90607.702151,90842.073824,90994.26784024188
2025-12-01,2025,Drift,86504.636816,90607.702151,90759.50350815007
2025-12-02,2025,Drift,91528.024581,86504.636816,86649.5640236954
2025-12-03,2025,Drift,93609.093866,91528.024581,91681.36781804077
2025-12-04,2025,Drift,92205.592954,93609.093866,93765.92366250852
2025-12-05,2025,Drift,89279.834463,92205.592954,92360.07136825133
2025-12-06,2025,Drift,89169.557061,89279.834463,89429.41115146993
2025-12-07,2025,Drift,90067.847399,89169.557061,89318.94899410267
2025-12-08,2025,Drift,90673.144444,90067.847399,90218.74430010414
2025-12-09,2025,Drift,92808.851848,90673.144444,90825.0554411548
2025-12-10,2025,Drift,92102.930092,92808.851848,92964.34094364649
2025-12-11,2025,Drift,92623.719871,92102.930092,92257.23650805016
2025-12-12,2025,Drift,90331.608309,92623.719871,92778.89880222674
2025-12-13,2025,Drift,90245.267264,90331.608309,90482.94710701965
2025-12-14,2025,Drift,88096.382614,90245.267264,90396.46140888863
2025-12-15,2025,Drift,86352.580257,88096.382614,88243.97658364431
2025-12-16,2025,Drift,87752.429034,86352.580257,86497.2527138136
2025-12-17,2025,Drift,86059.552224,87752.429034,87899.44675439617
2025-12-18,2025,Drift,85434.192867,86059.552224,86203.73375066048
2025-12-19,2025,Drift,88168.073833,85434.192867,85577.32668582941
2025-12-20,2025,Drift,88292.453637,88168.073833,88315.78791190745
2025-12-21,2025,Drift,88533.430983,88292.453637,88440.37609800523
2025-12-22,2025,Drift,88474.462233,88533.430983,88681.75717003841
2025-12-23,2025,Drift,87365.993787,88474.462233,88622.6896256085
2025-12-24,2025,Drift,87625.67079,87365.993787,87512.36408566985
2025-12-25,2025,Drift,87231.304769,87625.67079,87772.47614353317
2025-12-26,2025,Drift,87334.807781,87231.304769,87377.44941383203
2025-12-27,2025,Drift,87695.415908,87334.807781,87481.12583159465
2025-12-28,2025,Drift,87747.649155,87695.415908,87842.33811035856
2025-12-29,2025,Drift,87133.510399,87747.649155,87894.65886733393
2025-12-30,2025,Drift,88428.492274,87133.510399,87279.49120215263
2025-12-31,2025,Drift,87516.978038,88428.492274,88576.64264995321
2026-01-01,2026,Drift,88684.217847,87516.978038,87648.7402680707
2026-01-02,2026,Drift,89940.180167,88684.217847,88817.73742888642
2026-01-03,2026,Drift,90598.130183,89940.180167,90075.59067793674
2026-01-04,2026,Drift,91359.763682,90598.130183,90734.53127843047
2026-01-05,2026,Drift,93948.582179,91359.763682,91497.31146382864
2026-01-06,2026,Drift,93574.287112,93948.582179,94090.02758739276
2026-01-07,2026,Drift,91208.956261,93574.287112,93715.16899599055
2026-01-08,2026,Drift,91096.916155,91208.956261,91346.27699291732
2026-01-09,2026,Drift,90539.603229,91096.916155,91234.06820359947
2026-01-10,2026,Drift,90406.142411,90539.603229,90675.91620847685
2026-01-11,2026,Drift,90717.206315,90406.142411,90542.25445695056
2026-01-12,2026,Drift,91141.149849,90717.206315,90853.78668692119
2026-01-13,2026,Drift,95304.498294,91141.149849,91278.36849416503
2026-01-14,2026,Drift,97043.992726,95304.498294,95447.98511807126
2026-01-15,2026,Drift,95546.139738,97043.992726,97190.09846665972
2026-01-16,2026,Drift,95489.12996,95546.139738,95689.99036822925
2026-01-17,2026,Drift,95106.980463,95489.12996,95632.89475847805
2026-01-18,2026,Drift,94261.329431,95106.980463,95250.16991174506
2026-01-19,2026,Drift,92526.241964,94261.329431,94403.24569974805
2026-01-20,2026,Drift,88236.563192,92526.241964,92665.5459511183
2026-01-21,2026,Drift,89599.361875,88236.563192,88369.40880208155
2026-01-22,2026,Drift,89395.700736,89599.361875,89734.25926289239
2026-01-23,2026,Drift,89439.771891,89395.700736,89530.29149943557
2026-01-24,2026,Drift,89185.038699,89439.771891,89574.4290062886
2026-01-25,2026,Drift,86445.670593,89185.038699,89319.31229769326
2026-01-26,2026,Drift,88337.454551,86445.670593,86575.81990336976
2026-01-27,2026,Drift,89260.38054,88337.454551,88470.45205927039
2026-01-28,2026,Drift,89177.789251,89260.38054,89394.76757050055
2026-01-29,2026,Drift,84520.397311,89177.789251,89312.05193520036
2026-01-30,2026,Drift,84017.034029,84520.397311,84647.64800321794
2026-01-31,2026,Drift,78702.385503,84017.034029,84143.5268766253
2026-02-01,2026,Drift,76911.052377,78702.385503,78820.87681815094
2026-02-02,2026,Drift,78716.601809,76911.052377,77026.84672919847
2026-02-03,2026,Drift,75684.766028,78716.601809,78835.11452768
2026-02-04,2026,Drift,73095.191465,75684.766028,75798.71413016022
2026-02-05,2026,Drift,63494.688446,73095.191465,73205.24080229191
2026-02-06,2026,Drift,70647.698219,63494.688446,63590.28363146969
2026-02-07,2026,Drift,69166.259442,70647.698219,70754.06270364497
2026-02-08,2026,Drift,70522.589239,69166.259442,69270.39352882563
2026-02-09,2026,Drift,70244.101777,70522.589239,70628.76536432799
2026-02-10,2026,Drift,68688.793113,70244.101777,70349.85862220816
2026-02-11,2026,Drift,66989.716592,68688.793113,68792.20834469944
2026-02-12,2026,Drift,66221.544312,66989.716592,67090.57375877892
2026-02-13,2026,Drift,68860.841163,66221.544312,66321.24494784104
2026-02-14,2026,Drift,69798.079125,68860.841163,68964.51542369307
2026-02-15,2026,Drift,68629.959976,69798.079125,69903.16445548488
2026-02-16,2026,Drift,68747.438029,68629.959976,68733.28663076833
2026-02-17,2026,Drift,67471.050847,68747.438029,68850.94155425215
2026-02-18,2026,Drift,66380.706961,67471.050847,67572.63269230726
2026-02-19,2026,Drift,66932.352212,66380.706961,66480.64722606553
2026-02-20,2026,Drift,67977.309261,66932.352212,67033.12301315245
2026-02-21,2026,Drift,68020.667761,67977.309261,68079.65330970043
2026-02-22,2026,Drift,67550.024077,68020.667761,68123.07708860723
2026-02-23,2026,Drift,64689.912331,67550.024077,67651.72482139556
2026-02-24,2026,Drift,64123.751078,64689.912331,64787.307000044784
2026-02-25,2026,Drift,68038.522179,64123.751078,64220.29335621792
2026-02-26,2026,Drift,67519.264529,68038.522179,68140.95838753918
2026-02-27,2026,Drift,65864.135817,67519.264529,67620.91896299121
2026-02-28,2026,Drift,66965.635309,65864.135817,65963.2983522187
2026-03-01,2026,Drift,65733.52126,66965.635309,67066.4562199161
2026-03-02,2026,Drift,68922.624297,65733.52126,65832.4871469146
2026-03-03,2026,Drift,68431.174031,68922.624297,69026.39157602732
2026-03-04,2026,Drift,72667.463058,68431.174031,68534.20140121799
2026-03-05,2026,Drift,70987.427177,72667.463058,72776.86842368738
2026-03-06,2026,Drift,68226.705393,70987.427177,71094.30314462952
2026-03-07,2026,Drift,67315.552914,68226.705393,68329.42492302142
2026-03-08,2026,Drift,66202.697873,67315.552914,67416.90064753965
2026-03-09,2026,Drift,68528.53847,66202.697873,66302.37013436003
2026-03-10,2026,Drift,69891.823858,68528.53847,68631.71242841036
2026-03-11,2026,Drift,70298.575353,69891.823858,69997.05032698571
2026-03-12,2026,Drift,70538.107462,70298.575353,70404.41421155019
2026-03-13,2026,Drift,70930.013279,70538.107462,70644.30695097371
2026-03-14,2026,Drift,71136.21792,70930.013279,71036.80280645064
2026-03-15,2026,Drift,72712.146196,71136.21792,71243.31790130722
2026-03-16,2026,Drift,74723.957553,72712.146196,72821.61883491873
2026-03-17,2026,Drift,74086.01361,74723.957553,74836.45909850145
2026-03-18,2026,Drift,71253.957928,74086.01361,74197.55469138952
2026-03-19,2026,Drift,69948.904827,71253.957928,71361.23517418052
2026-03-20,2026,Drift,70510.41968,69948.904827,70054.21723491937
2026-03-21,2026,Drift,69707.285009,70510.41968,70616.5774833033
2026-03-22,2026,Drift,68018.153482,69707.285009,69812.23364332067
2026-03-23,2026,Drift,70726.211046,68018.153482,68120.55902420449
2026-03-24,2026,Drift,70610.018712,70726.211046,70832.69373656805
2026-03-25,2026,Drift,71281.297392,70610.018712,70716.32646781382
2026-03-26,2026,Drift,68722.971837,71281.297392,71388.6157994366
2026-03-27,2026,Drift,66214.171513,68722.971837,68826.43852688499
2026-03-28,2026,Drift,66351.072525,66214.171513,66313.86104863556
2026-03-29,2026,Drift,65966.752394,66351.072525,66450.96817358695
2026-03-30,2026,Drift,66651.232004,65966.752394,66066.06942483007
2026-03-31,2026,Drift,68214.868039,66651.232004,66751.57956127047
2026-04-01,2026,Drift,68116.816793,68214.868039,68317.56974715192
2026-04-02,2026,Drift,66908.317992,68116.816793,68219.37087892908
2026-04-03,2026,Drift,66891.742228,66908.317992,67009.05260814588
2026-04-04,2026,Drift,67295.130914,66891.742228,66992.45188830669
2026-04-05,2026,Drift,68921.806091,67295.130914,67396.44790095398
2026-04-06,2026,Drift,68742.913309,68921.806091,69025.57213816752
2026-04-07,2026,Drift,72057.124361,68742.913309,68846.41002200599
2026-04-08,2026,Drift,71085.05837,72057.124361,72165.6108239828
2026-04-09,2026,Drift,71788.679783,71085.05837,71192.08132743655
2026-04-10,2026,Drift,72945.070724,71788.679783,71896.76208604676
2026-04-11,2026,Drift,73119.109117,72945.070724,73054.89404521987
2026-04-12,2026,Drift,70685.369702,73119.109117,73229.19446379814
2026-04-13,2026,Drift,74632.745586,70685.369702,70791.7909033955
2026-04-14,2026,Drift,74173.50836,74632.745586,74745.10980623668
2026-04-15,2026,Drift,74761.964655,74173.50836,74285.18117015391
2026-04-16,2026,Drift,75095.744216,74761.964655,74874.52342254716
2026-04-17,2026,Drift,77114.481438,75095.744216,75208.80550934612
2026-04-18,2026,Drift,75792.063751,77114.481438,77230.5820652475
2026-04-19,2026,Drift,73905.204102,75792.063751,75906.17339652679
2026-04-20,2026,Drift,75814.145324,73905.204102,74016.4729634783
2026-04-21,2026,Drift,76107.443298,75814.145324,75928.28821470238
2026-04-22,2026,Drift,78317.742272,76107.443298,76222.0277669652
2026-04-23,2026,Drift,78233.683749,78317.742272,78435.65448294701
2026-04-24,2026,Drift,77444.269277,78233.683749,78351.46940463517
2026-04-25,2026,Drift,77624.711482,77444.269277,77560.86642026177
2026-04-26,2026,Drift,78538.773357,77624.711482,77741.58029217557
2026-04-27,2026,Drift,77256.29716,78538.773357,78657.01834393319
2026-04-28,2026,Drift,76295.531117,77256.29716,77372.61129959913
2026-04-29,2026,Drift,75795.009853,76295.531117,76410.39876382437
2026-04-30,2026,Drift,76299.616129,75795.009853,75909.12393406579
2026-05-01,2026,Drift,78132.643785,76299.616129,76414.4899260629
2026-05-02,2026,Drift,78712.538732,78132.643785,78250.27731871228
2026-05-03,2026,Drift,78649.173289,78712.538732,78831.04533346597
2026-05-04,2026,Drift,79826.107817,78649.173289,78767.58448986751
2026-05-05,2026,Drift,80936.754825,79826.107817,79946.29096568305
2026-05-06,2026,Drift,81364.620129,80936.754825,81058.61012153226
2026-05-07,2026,Drift,79988.998734,81364.620129,81487.1196032437
2026-05-08,2026,Drift,80179.692296,79988.998734,80109.42712504587
2026-05-09,2026,Drift,80663.629652,80179.692296,80300.40778801248
2026-05-10,2026,Drift,82256.781138,80663.629652,80785.07374167058
2026-05-11,2026,Drift,81714.74205,82256.781138,82380.6238158913
2026-05-12,2026,Drift,80525.563025,81714.74205,81837.76865447765
2026-05-13,2026,Drift,79291.911002,80525.563025,80646.79924681362
2026-05-14,2026,Drift,81175.827112,79291.911002,79411.28988429703
2026-05-15,2026,Drift,79063.414576,81175.827112,81298.04234666529
2026-05-16,2026,Drift,78164.495271,79063.414576,79182.44944277767
2026-05-17,2026,Drift,77497.697113,78164.495271,78282.17675909692
2026-05-18,2026,Drift,76975.9112,77497.697113,77614.37469517747
2026-05-19,2026,Drift,76807.460956,76975.9112,77091.80320117298
2026-05-20,2026,Drift,77408.172209,76807.460956,76923.09934489908
2026-05-21,2026,Drift,77595.386172,77408.172209,77524.71500589051
2026-05-22,2026,Drift,75567.543043,77595.386172,77712.21083110535
2026-05-23,2026,Drift,76619.866609,75567.543043,75681.31465869708
2020-01-01,2020,Ridge,7170.631869,7167.395055,7173.103841403526
2020-01-02,2020,Ridge,6946.825269,7170.631869,7194.006128752315
2020-01-03,2020,Ridge,7315.30936,6946.825269,6962.381987088721
2020-01-04,2020,Ridge,7343.164194,7315.30936,7327.16073678186
2020-01-05,2020,Ridge,7345.530692,7343.164194,7352.0210712754915
2020-01-06,2020,Ridge,7765.797735,7345.530692,7371.3926283918045
2020-01-07,2020,Ridge,8136.086842,7765.797735,7781.383651192882
2020-01-08,2020,Ridge,8059.699529,8136.086842,8139.862459539211
2020-01-09,2020,Ridge,7817.136093,8059.699529,8090.5995832201115
2020-01-10,2020,Ridge,8129.81792,7817.136093,7847.814215642473
2020-01-11,2020,Ridge,8032.005495,8129.81792,8143.852518089344
2020-01-12,2020,Ridge,8164.549993,8032.005495,8047.0557207859965
2020-01-13,2020,Ridge,8121.925668,8164.549993,8178.397242784631
2020-01-14,2020,Ridge,8830.167873,8121.925668,8138.612197885651
2020-01-15,2020,Ridge,8811.448203,8830.167873,8842.408476471952
2020-01-16,2020,Ridge,8718.686998,8811.448203,8822.588418545338
2020-01-17,2020,Ridge,8912.541904,8718.686998,8757.663482882426
2020-01-18,2020,Ridge,8928.180757,8912.541904,8950.992031337746
2020-01-19,2020,Ridge,8687.354837,8928.180757,8921.679923072114
2020-01-20,2020,Ridge,8636.258786,8687.354837,8709.20535216741
2020-01-21,2020,Ridge,8730.86756,8636.258786,8659.051185202274
2020-01-22,2020,Ridge,8647.900474,8730.86756,8738.878292134474
2020-01-23,2020,Ridge,8366.384614,8647.900474,8678.216620578674
2020-01-24,2020,Ridge,8423.390958,8366.384614,8390.22795970913
2020-01-25,2020,Ridge,8344.774569,8423.390958,8434.385630616867
2020-01-26,2020,Ridge,8573.87481,8344.774569,8374.82149293293
2020-01-27,2020,Ridge,8901.959285,8573.87481,8596.188146347027
2020-01-28,2020,Ridge,9297.388318,8901.959285,8895.755198945331
2020-01-29,2020,Ridge,9311.947544,9297.388318,9299.046628864435
2020-01-30,2020,Ridge,9508.920965,9311.947544,9339.025146443535
2020-01-31,2020,Ridge,9357.284782,9508.920965,9542.335949046508
2020-02-01,2020,Ridge,9381.886029,9357.284782,9408.376896801185
2020-02-02,2020,Ridge,9339.387063,9381.886029,9389.333212035152
2020-02-03,2020,Ridge,9279.812521,9339.387063,9365.31846108506
2020-02-04,2020,Ridge,9161.627198,9279.812521,9279.796872543737
2020-02-05,2020,Ridge,9628.136776,9161.627198,9158.187595296758
2020-02-06,2020,Ridge,9739.280436,9628.136776,9649.538011985072
2020-02-07,2020,Ridge,9800.2794,9739.280436,9761.38627889215
2020-02-08,2020,Ridge,9911.293408,9800.2794,9827.64805587686
2020-02-09,2020,Ridge,10151.083203,9911.293408,9941.626995270777
2020-02-10,2020,Ridge,9872.361873,10151.083203,10160.508653459112
2020-02-11,2020,Ridge,10272.222556,9872.361873,9870.32753969757
2020-02-12,2020,Ridge,10360.135223,10272.222556,10296.38638174126
2020-02-13,2020,Ridge,10235.497323,10360.135223,10396.88065647324
2020-02-14,2020,Ridge,10361.61569,10235.497323,10256.973375405405
2020-02-15,2020,Ridge,9911.724327,10361.61569,10403.0098213438
2020-02-16,2020,Ridge,9952.046612,9911.724327,9942.865255875955
2020-02-17,2020,Ridge,9683.079628,9952.046612,9987.741439077696
2020-02-18,2020,Ridge,10195.30379,9683.079628,9677.888499612283
2020-02-19,2020,Ridge,9636.002299,10195.30379,10204.948942416459
2020-02-20,2020,Ridge,9614.030122,9636.002299,9647.66123625349
2020-02-21,2020,Ridge,9701.797503,9614.030122,9638.613015527308
2020-02-22,2020,Ridge,9675.249058,9701.797503,9726.665561522219
2020-02-23,2020,Ridge,9972.842423,9675.249058,9702.48481530524
2020-02-24,2020,Ridge,9648.007883,9972.842423,9994.878962304885
2020-02-25,2020,Ridge,9344.28714,9648.007883,9639.800229725675
2020-02-26,2020,Ridge,8798.888949,9344.28714,9364.001690635607
2020-02-27,2020,Ridge,8779.029482,8798.888949,8810.462135773556
2020-02-28,2020,Ridge,8750.593446,8779.029482,8817.231602216169
2020-02-29,2020,Ridge,8582.0903,8750.593446,8763.326587553034
2020-03-01,2020,Ridge,8541.773894,8582.0903,8601.718020606962
2020-03-02,2020,Ridge,8906.214756,8541.773894,8544.858106037802
2020-03-03,2020,Ridge,8768.810614,8906.214756,8901.968313386074
2020-03-04,2020,Ridge,8756.369572,8768.810614,8782.232593830864
2020-03-05,2020,Ridge,9062.615803,8756.369572,8769.380120063553
2020-03-06,2020,Ridge,9147.085059,9062.615803,9074.009749475405
2020-03-07,2020,Ridge,8898.306957,9147.085059,9160.21332112374
2020-03-08,2020,Ridge,8109.614541,8898.306957,8916.077509084927
2020-03-09,2020,Ridge,7896.38532,8109.614541,8127.628625277576
2020-03-10,2020,Ridge,7909.927875,7896.38532,7906.394531790354
2020-03-11,2020,Ridge,7939.341335,7909.927875,7916.615349834144
2020-03-12,2020,Ridge,4959.313414,7939.341335,7977.8634866529255
2020-03-13,2020,Ridge,5627.692388,4959.313414,4972.491223725578
2020-03-14,2020,Ridge,5145.172506,5627.692388,5619.158676768398
2020-03-15,2020,Ridge,5358.610663,5145.172506,5147.098614548235
2020-03-16,2020,Ridge,5012.927388,5358.610663,5398.536355423673
2020-03-17,2020,Ridge,5416.754711,5012.927388,4989.042234179453
2020-03-18,2020,Ridge,5392.487836,5416.754711,5382.523528706509
2020-03-19,2020,Ridge,6203.551632,5392.487836,5411.299727353481
2020-03-20,2020,Ridge,6174.149476,6203.551632,6221.577504185474
2020-03-21,2020,Ridge,6175.831022,6174.149476,6215.762786947263
2020-03-22,2020,Ridge,5830.56098,6175.831022,6147.784373490721
2020-03-23,2020,Ridge,6486.408657,5830.56098,5850.586271711952
2020-03-24,2020,Ridge,6775.057619,6486.408657,6492.6627121367865
2020-03-25,2020,Ridge,6689.969013,6775.057619,6816.597441523258
2020-03-26,2020,Ridge,6754.460336,6689.969013,6684.6143747399665
2020-03-27,2020,Ridge,6490.795415,6754.460336,6764.179361911365
2020-03-28,2020,Ridge,6231.81989,6490.795415,6491.291451487821
2020-03-29,2020,Ridge,5904.857587,6231.81989,6257.313234060916
2020-03-30,2020,Ridge,6436.9057,5904.857587,5894.436721680169
2020-03-31,2020,Ridge,6432.383242,6436.9057,6429.263778603313
2020-04-01,2020,Ridge,6643.110009,6432.383242,6419.080317308197
2020-04-02,2020,Ridge,6792.742222,6643.110009,6684.022518102015
2020-04-03,2020,Ridge,6751.902552,6792.742222,6787.86227304427
2020-04-04,2020,Ridge,6859.989169,6751.902552,6769.191643617523
2020-04-05,2020,Ridge,6790.812473,6859.989169,6927.031405951928
2020-04-06,2020,Ridge,7298.173745,6790.812473,6830.531707388705
2020-04-07,2020,Ridge,7187.593337,7298.173745,7313.772333181843
2020-04-08,2020,Ridge,7372.194764,7187.593337,7169.179015386423
2020-04-09,2020,Ridge,7299.579188,7372.194764,7421.8907445623645
2020-04-10,2020,Ridge,6859.822675,7299.579188,7348.249014704322
2020-04-11,2020,Ridge,6883.182229,6859.822675,6891.907741404366
2020-04-12,2020,Ridge,6978.666287,6883.182229,6895.1970868602375
2020-04-13,2020,Ridge,6863.575533,6978.666287,6990.244220781674
2020-04-14,2020,Ridge,6875.538503,6863.575533,6880.792741715134
2020-04-15,2020,Ridge,6625.475775,6875.538503,6863.612226722222
2020-04-16,2020,Ridge,7127.792282,6625.475775,6624.427688582209
2020-04-17,2020,Ridge,7081.395198,7127.792282,7142.941134265291
2020-04-18,2020,Ridge,7262.792344,7081.395198,7097.6155250557595
2020-04-19,2020,Ridge,7150.244215,7262.792344,7304.83946232541
2020-04-20,2020,Ridge,6853.273415,7150.244215,7150.427282550482
2020-04-21,2020,Ridge,6870.423699,6853.273415,6852.2793233094635
2020-04-22,2020,Ridge,7123.65692,6870.423699,6881.287846768243
2020-04-23,2020,Ridge,7488.605165,7123.65692,7148.350433134271
2020-04-24,2020,Ridge,7506.443316,7488.605165,7501.9777394784205
2020-04-25,2020,Ridge,7537.738209,7506.443316,7513.971237282123
2020-04-26,2020,Ridge,7684.068522,7537.738209,7572.487553112175
2020-04-27,2020,Ridge,7777.491519,7684.068522,7703.330904746672
2020-04-28,2020,Ridge,7769.899698,7777.491519,7782.953853142808
2020-04-29,2020,Ridge,8761.83717,7769.899698,7774.063502058773
2020-04-30,2020,Ridge,8652.410991,8761.83717,8762.576824616674
2020-05-01,2020,Ridge,8855.535258,8652.410991,8679.995044502759
2020-05-02,2020,Ridge,8977.281705,8855.535258,8872.575631550295
2020-05-03,2020,Ridge,8896.795638,8977.281705,9024.789023696178
2020-05-04,2020,Ridge,8881.954305,8896.795638,8917.704465694886
2020-05-05,2020,Ridge,8985.879599,8881.954305,8885.967923846574
2020-05-06,2020,Ridge,9266.813073,8985.879599,9010.430825853726
2020-05-07,2020,Ridge,9993.753177,9266.813073,9287.173248463278
2020-05-08,2020,Ridge,9859.323605,9993.753177,9988.211410761729
2020-05-09,2020,Ridge,9577.338922,9859.323605,9902.723338394735
2020-05-10,2020,Ridge,8715.033293,9577.338922,9621.029818260355
2020-05-11,2020,Ridge,8591.652884,8715.033293,8751.6739386841
2020-05-12,2020,Ridge,8817.250681,8591.652884,8605.162152121868
2020-05-13,2020,Ridge,9322.997202,8817.250681,8837.380469354686
2020-05-14,2020,Ridge,9801.269488,9322.997202,9345.199025591686
2020-05-15,2020,Ridge,9326.875859,9801.269488,9799.842988912098
2020-05-16,2020,Ridge,9395.475389,9326.875859,9328.605826523006
2020-05-17,2020,Ridge,9682.532481,9395.475389,9446.32686539656
2020-05-18,2020,Ridge,9726.850022,9682.532481,9721.37123859104
2020-05-19,2020,Ridge,9754.201462,9726.850022,9764.340851326931
2020-05-20,2020,Ridge,9515.70255,9754.201462,9743.5581612666
2020-05-21,2020,Ridge,9068.801229,9515.70255,9508.806671442777
2020-05-22,2020,Ridge,9161.815034,9068.801229,9081.46226079347
2020-05-23,2020,Ridge,9183.662125,9161.815034,9184.888712852346
2020-05-24,2020,Ridge,8806.230657,9183.662125,9236.942515306255
2020-05-25,2020,Ridge,8909.192582,8806.230657,8822.742702676926
2020-05-26,2020,Ridge,8835.137253,8909.192582,8906.968574995186
2020-05-27,2020,Ridge,9169.057439,8835.137253,8833.54807311645
2020-05-28,2020,Ridge,9568.261853,9169.057439,9176.020141898409
2020-05-29,2020,Ridge,9432.413333,9568.261853,9563.124298575216
2020-05-30,2020,Ridge,9691.680491,9432.413333,9446.961604974818
2020-05-31,2020,Ridge,9433.943847,9691.680491,9720.36703215341
2020-06-01,2020,Ridge,10199.135054,9433.943847,9456.799911454036
2020-06-02,2020,Ridge,9512.346533,10199.135054,10227.967619177098
2020-06-03,2020,Ridge,9642.2734,9512.346533,9538.501211654851
2020-06-04,2020,Ridge,9813.360679,9642.2734,9654.320885705947
2020-06-05,2020,Ridge,9641.891623,9813.360679,9824.969631574142
2020-06-06,2020,Ridge,9668.670539,9641.891623,9665.649897950027
2020-06-07,2020,Ridge,9747.580111,9668.670539,9679.380961590054
2020-06-08,2020,Ridge,9769.342361,9747.580111,9778.942114522168
2020-06-09,2020,Ridge,9779.422166,9769.342361,9789.094986988015
2020-06-10,2020,Ridge,9888.444175,9779.422166,9765.733610661162
2020-06-11,2020,Ridge,9277.451169,9888.444175,9921.997840847911
2020-06-12,2020,Ridge,9456.161533,9277.451169,9284.904360908584
2020-06-13,2020,Ridge,9461.333799,9456.161533,9480.43517630403
2020-06-14,2020,Ridge,9342.955635,9461.333799,9506.426631714514
2020-06-15,2020,Ridge,9441.383211,9342.955635,9360.862832148638
2020-06-16,2020,Ridge,9520.091948,9441.383211,9434.80064847886
2020-06-17,2020,Ridge,9448.693561,9520.091948,9533.28502388078
2020-06-18,2020,Ridge,9389.990766,9448.693561,9486.769692898544
2020-06-19,2020,Ridge,9285.991583,9389.990766,9420.828425526019
2020-06-20,2020,Ridge,9357.292464,9285.991583,9304.521340400093
2020-06-21,2020,Ridge,9284.769372,9357.292464,9352.091058259086
2020-06-22,2020,Ridge,9684.620185,9284.769372,9313.736456952796
2020-06-23,2020,Ridge,9611.725998,9684.620185,9696.599892663731
2020-06-24,2020,Ridge,9292.943544,9611.725998,9622.538382702036
2020-06-25,2020,Ridge,9247.121432,9292.943544,9297.959987481767
2020-06-26,2020,Ridge,9159.437772,9247.121432,9291.34207959206
2020-06-27,2020,Ridge,9002.165617,9159.437772,9173.5529339548
2020-06-28,2020,Ridge,9108.065675,9002.165617,9029.887941080331
2020-06-29,2020,Ridge,9184.247366,9108.065675,9103.591756318203
2020-06-30,2020,Ridge,9143.967585,9184.247366,9181.864055951588
2020-07-01,2020,Ridge,9241.339612,9143.967585,9157.357145218339
2020-07-02,2020,Ridge,9094.387287,9241.339612,9265.04248925652
2020-07-03,2020,Ridge,9066.690697,9094.387287,9110.005144404438
2020-07-04,2020,Ridge,9126.219555,9066.690697,9091.521196416823
2020-07-05,2020,Ridge,9079.614018,9126.219555,9151.885145292774
2020-07-06,2020,Ridge,9338.942591,9079.614018,9099.262376418934
2020-07-07,2020,Ridge,9252.158733,9338.942591,9335.317893435347
2020-07-08,2020,Ridge,9434.567956,9252.158733,9254.62462109418
2020-07-09,2020,Ridge,9231.502348,9434.567956,9477.48263761011
2020-07-10,2020,Ridge,9285.221015,9231.502348,9265.735287729309
2020-07-11,2020,Ridge,9237.171008,9285.221015,9299.50709796476
2020-07-12,2020,Ridge,9289.097977,9237.171008,9261.54812487403
2020-07-13,2020,Ridge,9236.622501,9289.097977,9295.34456260207
2020-07-14,2020,Ridge,9260.356987,9236.622501,9239.598828298993
2020-07-15,2020,Ridge,9196.725559,9260.356987,9270.704495898444
2020-07-16,2020,Ridge,9132.592312,9196.725559,9215.813253287994
2020-07-17,2020,Ridge,9156.46871,9132.592312,9163.486250983968
2020-07-18,2020,Ridge,9175.905309,9156.46871,9181.268169865712
2020-07-19,2020,Ridge,9218.842311,9175.905309,9196.294234474799
2020-07-20,2020,Ridge,9167.190568,9218.842311,9231.55346301455
2020-07-21,2020,Ridge,9388.57435,9167.190568,9174.517587807852
2020-07-22,2020,Ridge,9531.25743,9388.57435,9393.670118747603
2020-07-23,2020,Ridge,9609.166715,9531.25743,9565.79793322958
2020-07-24,2020,Ridge,9548.100727,9609.166715,9638.7027498889
2020-07-25,2020,Ridge,9702.45279,9548.100727,9576.455685701547
2020-07-26,2020,Ridge,9933.906554,9702.45279,9729.905604653028
2020-07-27,2020,Ridge,11046.50833,9933.906554,9943.270733061801
2020-07-28,2020,Ridge,10944.612979,11046.50833,11055.2188835544
2020-07-29,2020,Ridge,11115.771282,10944.612979,10964.864449233066
2020-07-30,2020,Ridge,11135.390726,11115.771282,11149.114838182484
2020-07-31,2020,Ridge,11338.197341,11135.390726,11172.453639997528
2020-08-01,2020,Ridge,11797.582127,11338.197341,11365.138841155629
2020-08-02,2020,Ridge,11094.020684,11797.582127,11834.943910496624
2020-08-03,2020,Ridge,11236.095681,11094.020684,11112.056752352735
2020-08-04,2020,Ridge,11202.651909,11236.095681,11242.917330368915
2020-08-05,2020,Ridge,11721.438472,11202.651909,11216.219094148286
2020-08-06,2020,Ridge,11769.309108,11721.438472,11777.496520657674
2020-08-07,2020,Ridge,11598.969059,11769.309108,11795.60517144479
2020-08-08,2020,Ridge,11743.008635,11598.969059,11634.132411986302
2020-08-09,2020,Ridge,11680.517366,11743.008635,11770.835956568715
2020-08-10,2020,Ridge,11870.369545,11680.517366,11687.742914121942
2020-08-11,2020,Ridge,11392.644088,11870.369545,11911.99053087268
2020-08-12,2020,Ridge,11575.512474,11392.644088,11398.03255328186
2020-08-13,2020,Ridge,11773.448116,11575.512474,11619.59551603893
2020-08-14,2020,Ridge,11774.408252,11773.448116,11820.294697297404
2020-08-15,2020,Ridge,11866.910361,11774.408252,11811.180778235444
2020-08-16,2020,Ridge,11899.642754,11866.910361,11880.16233784926
2020-08-17,2020,Ridge,12315.762417,11899.642754,11914.73414171201
2020-08-18,2020,Ridge,11992.695996,12315.762417,12328.31232684084
2020-08-19,2020,Ridge,11736.849065,11992.695996,12008.988792849783
2020-08-20,2020,Ridge,11867.520344,11736.849065,11770.36338553106
2020-08-21,2020,Ridge,11524.698949,11867.520344,11884.229279206922
2020-08-22,2020,Ridge,11682.28915,11524.698949,11552.159008972225
2020-08-23,2020,Ridge,11665.609274,11682.28915,11706.18211901726
2020-08-24,2020,Ridge,11771.408054,11665.609274,11663.765699078147
2020-08-25,2020,Ridge,11358.45432,11771.408054,11790.474371076563
2020-08-26,2020,Ridge,11472.04912,11358.45432,11375.899105235134
2020-08-27,2020,Ridge,11314.673741,11472.04912,11484.788821720973
2020-08-28,2020,Ridge,11527.883032,11314.673741,11355.318636303811
2020-08-29,2020,Ridge,11490.762348,11527.883032,11532.706714157499
2020-08-30,2020,Ridge,11698.975833,11490.762348,11513.549581818943
2020-08-31,2020,Ridge,11678.348227,11698.975833,11719.116338923855
2020-09-01,2020,Ridge,11970.364856,11678.348227,11696.878416397021
2020-09-02,2020,Ridge,11414.520934,11970.364856,11971.46033247104
2020-09-03,2020,Ridge,10261.49441,11414.520934,11464.377315491069
2020-09-04,2020,Ridge,10471.966413,10261.49441,10286.976704043207
2020-09-05,2020,Ridge,10128.643586,10471.966413,10497.154196788208
2020-09-06,2020,Ridge,10253.299898,10128.643586,10146.070140677879
2020-09-07,2020,Ridge,10367.878354,10253.299898,10270.605582232134
2020-09-08,2020,Ridge,10108.63545,10367.878354,10356.659085778489
2020-09-09,2020,Ridge,10223.111409,10108.63545,10121.202173309593
2020-09-10,2020,Ridge,10334.63073,10223.111409,10222.227328723671
2020-09-11,2020,Ridge,10387.020742,10334.63073,10375.669767700387
2020-09-12,2020,Ridge,10436.977832,10387.020742,10416.561180557957
2020-09-13,2020,Ridge,10322.523615,10436.977832,10428.639423615708
2020-09-14,2020,Ridge,10662.719912,10322.523615,10344.524034091775
2020-09-15,2020,Ridge,10779.381025,10662.719912,10675.237999670178
2020-09-16,2020,Ridge,10968.320547,10779.381025,10798.730125661292
2020-09-17,2020,Ridge,10936.292751,10968.320547,11008.144089585488
2020-09-18,2020,Ridge,10920.112844,10936.292751,10961.952041506214
2020-09-19,2020,Ridge,11073.779548,10920.112844,10943.222070875927
2020-09-20,2020,Ridge,10921.2181,11073.779548,11099.438165207226
2020-09-21,2020,Ridge,10455.379962,10921.2181,10926.8113707854
2020-09-22,2020,Ridge,10519.839164,10455.379962,10453.1688722813
2020-09-23,2020,Ridge,10233.299569,10519.839164,10525.465106470268
2020-09-24,2020,Ridge,10739.042709,10233.299569,10263.026444332034
2020-09-25,2020,Ridge,10683.630581,10739.042709,10767.670404242997
2020-09-26,2020,Ridge,10742.03042,10683.630581,10705.99031781547
2020-09-27,2020,Ridge,10758.82429,10742.03042,10766.530467313394
2020-09-28,2020,Ridge,10727.375054,10758.82429,10780.554089372967
2020-09-29,2020,Ridge,10841.142744,10727.375054,10746.26708809279
2020-09-30,2020,Ridge,10772.351767,10841.142744,10859.153536954804
2020-10-01,2020,Ridge,10606.617333,10772.351767,10804.83454374216
2020-10-02,2020,Ridge,10570.105678,10606.617333,10656.428142497487
2020-10-03,2020,Ridge,10555.705434,10570.105678,10580.642746237367
2020-10-04,2020,Ridge,10665.618622,10555.705434,10596.875644634105
2020-10-05,2020,Ridge,10772.6356,10665.618622,10684.43670213754
2020-10-06,2020,Ridge,10596.373549,10772.6356,10778.130268355322
2020-10-07,2020,Ridge,10667.194394,10596.373549,10600.979576040714
2020-10-08,2020,Ridge,10902.529364,10667.194394,10686.007000216716
2020-10-09,2020,Ridge,11074.10368,10902.529364,10930.834282089922
2020-10-10,2020,Ridge,11302.854286,11074.10368,11089.56524508856
2020-10-11,2020,Ridge,11378.262528,11302.854286,11327.757712327646
2020-10-12,2020,Ridge,11548.401557,11378.262528,11401.734477708096
2020-10-13,2020,Ridge,11434.968785,11548.401557,11566.09097040506
2020-10-14,2020,Ridge,11417.108114,11434.968785,11450.495450081215
2020-10-15,2020,Ridge,11502.581239,11417.108114,11449.678562461344
2020-10-16,2020,Ridge,11338.987177,11502.581239,11529.484910528745
2020-10-17,2020,Ridge,11362.802217,11338.987177,11368.067088864149
2020-10-18,2020,Ridge,11489.622565,11362.802217,11374.865180166775
2020-10-19,2020,Ridge,11745.811968,11489.622565,11527.37964516802
2020-10-20,2020,Ridge,11929.457251,11745.811968,11754.25502137996
2020-10-21,2020,Ridge,12848.490618,11929.457251,11939.7064095647
2020-10-22,2020,Ridge,12997.499342,12848.490618,12884.532336376276
2020-10-23,2020,Ridge,12953.429697,12997.499342,13040.197377557664
2020-10-24,2020,Ridge,13113.866923,12953.429697,12983.007752036248
2020-10-25,2020,Ridge,13041.641037,13113.866923,13164.241463647026
2020-10-26,2020,Ridge,13080.65617,13041.641037,13060.823480423647
2020-10-27,2020,Ridge,13675.523928,13080.65617,13106.109715200797
2020-10-28,2020,Ridge,13290.32885,13675.523928,13692.459932420212
2020-10-29,2020,Ridge,13475.217301,13290.32885,13328.491966657433
2020-10-30,2020,Ridge,13603.296091,13475.217301,13510.820865596615
2020-10-31,2020,Ridge,13807.233611,13603.296091,13655.427745760728
2020-11-01,2020,Ridge,13736.899411,13807.233611,13847.724160019789
2020-11-02,2020,Ridge,13595.56476,13736.899411,13752.116857019062
2020-11-03,2020,Ridge,13996.915399,13595.56476,13609.99490675557
2020-11-04,2020,Ridge,14129.148195,13996.915399,13997.499067588718
2020-11-05,2020,Ridge,15606.466834,14129.148195,14148.682566964893
2020-11-06,2020,Ridge,15618.972471,15606.466834,15685.812487757155
2020-11-07,2020,Ridge,14866.356305,15618.972471,15666.00322037402
2020-11-08,2020,Ridge,15500.000707,14866.356305,14933.41507668368
2020-11-09,2020,Ridge,15319.819973,15500.000707,15536.14029776825
2020-11-10,2020,Ridge,15319.275676,15319.819973,15346.327041867546
2020-11-11,2020,Ridge,15731.241106,15319.275676,15327.011757845941
2020-11-12,2020,Ridge,16289.814898,15731.241106,15735.436220908025
2020-11-13,2020,Ridge,16330.062768,16289.814898,16330.838171206891
2020-11-14,2020,Ridge,16102.010017,16330.062768,16370.179419636312
2020-11-15,2020,Ridge,15986.754991,16102.010017,16183.148428157876
2020-11-16,2020,Ridge,16743.05394,15986.754991,16029.841883636887
2020-11-17,2020,Ridge,17682.169187,16743.05394,16738.37111071482
2020-11-18,2020,Ridge,17804.690024,17682.169187,17691.770990916673
2020-11-19,2020,Ridge,17818.668662,17804.690024,17829.117085433045
2020-11-20,2020,Ridge,18663.781853,17818.668662,17865.11646154179
2020-11-21,2020,Ridge,18706.589335,18663.781853,18718.931663342144
2020-11-22,2020,Ridge,18482.692632,18706.589335,18793.93360050279
2020-11-23,2020,Ridge,18373.25776,18482.692632,18547.172149110324
2020-11-24,2020,Ridge,19150.251049,18373.25776,18407.689981428954
2020-11-25,2020,Ridge,18748.393713,19150.251049,19163.306879443495
2020-11-26,2020,Ridge,17113.716871,18748.393713,18763.729454088127
2020-11-27,2020,Ridge,17101.603018,17113.716871,17178.52705591018
2020-11-28,2020,Ridge,17745.377312,17101.603018,17133.669923930545
2020-11-29,2020,Ridge,18190.86688,17745.377312,17779.54693838928
2020-11-30,2020,Ridge,19664.407607,18190.86688,18259.074074746655
2020-12-01,2020,Ridge,18820.60779,19664.407607,19677.833010276572
2020-12-02,2020,Ridge,19214.872229,18820.60779,18784.044774107682
2020-12-03,2020,Ridge,19470.311208,19214.872229,19274.321852593413
2020-12-04,2020,Ridge,18732.967091,19470.311208,19528.306924888748
2020-12-05,2020,Ridge,19114.633131,18732.967091,18834.825262261555
2020-12-06,2020,Ridge,19356.313677,19114.633131,19131.548407553386
2020-12-07,2020,Ridge,19182.176833,19356.313677,19369.633656511018
2020-12-08,2020,Ridge,18340.978138,19182.176833,19219.740475480023
2020-12-09,2020,Ridge,18574.696735,18340.978138,18360.469415843898
2020-12-10,2020,Ridge,18294.846951,18574.696735,18587.257193767226
2020-12-11,2020,Ridge,18061.760026,18294.846951,18362.572709034066
2020-12-12,2020,Ridge,18813.283769,18061.760026,18123.97637485979
2020-12-13,2020,Ridge,19156.082506,18813.283769,18848.433868175216
2020-12-14,2020,Ridge,19286.751299,19156.082506,19113.938355746235
2020-12-15,2020,Ridge,19432.588464,19286.751299,19280.589344113705
2020-12-16,2020,Ridge,21370.720319,19432.588464,19444.245225202685
2020-12-17,2020,Ridge,22789.267416,21370.720319,21469.926924649182
2020-12-18,2020,Ridge,23048.764561,22789.267416,22834.68828200621
2020-12-19,2020,Ridge,23856.773519,23048.764561,23143.896341198262
2020-12-20,2020,Ridge,23528.550614,23856.773519,23971.569226941592
2020-12-21,2020,Ridge,22937.418344,23528.550614,23565.869225881343
2020-12-22,2020,Ridge,23756.888769,22937.418344,22943.364437134813
2020-12-23,2020,Ridge,23307.270902,23756.888769,23777.197643828196
2020-12-24,2020,Ridge,23707.633044,23307.270902,23394.673117251867
2020-12-25,2020,Ridge,24669.164322,23707.633044,23792.8175939396
2020-12-26,2020,Ridge,26478.068105,24669.164322,24721.884795260856
2020-12-27,2020,Ridge,26430.856597,26478.068105,26532.319091707028
2020-12-28,2020,Ridge,27039.34902,26430.856597,26491.2385014168
2020-12-29,2020,Ridge,27231.203455,27039.34902,27073.47939693569
2020-12-30,2020,Ridge,28844.613678,27231.203455,27302.79767443895
2020-12-31,2020,Ridge,29022.671413,28844.613678,28864.299217955217
2021-01-01,2021,Ridge,29380.693733,29022.671413,29094.522738455045
2021-01-02,2021,Ridge,32022.681058,29380.693733,29449.210400261996
2021-01-03,2021,Ridge,33277.835305,32022.681058,32101.28681699507
2021-01-04,2021,Ridge,31802.146714,33277.835305,33351.247467355264
2021-01-05,2021,Ridge,34013.174172,31802.146714,31883.82693470711
2021-01-06,2021,Ridge,36643.277722,34013.174172,34087.011102587276
2021-01-07,2021,Ridge,39215.651149,36643.277722,36729.842022112745
2021-01-08,2021,Ridge,40775.404563,39215.651149,39298.88065819418
2021-01-09,2021,Ridge,40370.68235,40775.404563,40870.83487330096
2021-01-10,2021,Ridge,38329.340167,40370.68235,40462.31995345188
2021-01-11,2021,Ridge,35269.513718,38329.340167,38427.28502989684
2021-01-12,2021,Ridge,33712.468545,35269.513718,35351.74521270537
2021-01-13,2021,Ridge,37296.547528,33712.468545,33794.0025680282
2021-01-14,2021,Ridge,39045.51834,37296.547528,37378.29248250783
2021-01-15,2021,Ridge,36710.317425,39045.51834,39137.16300137561
2021-01-16,2021,Ridge,36177.261097,36710.317425,36787.295493971025
2021-01-17,2021,Ridge,36069.939467,36177.261097,36260.15756183888
2021-01-18,2021,Ridge,36594.296402,36069.939467,36155.40737179923
2021-01-19,2021,Ridge,36250.146189,36594.296402,36686.04265241423
2021-01-20,2021,Ridge,35515.480013,36250.146189,36333.3427149489
2021-01-21,2021,Ridge,31022.951028,35515.480013,35595.230828090585
2021-01-22,2021,Ridge,32986.435757,31022.951028,31094.769381845854
2021-01-23,2021,Ridge,32036.282272,32986.435757,33059.09698821817
2021-01-24,2021,Ridge,32216.10429,32036.282272,32112.301971421213
2021-01-25,2021,Ridge,32419.705946,32216.10429,32289.46375859954
2021-01-26,2021,Ridge,32640.639143,32419.705946,32487.608026279882
2021-01-27,2021,Ridge,30358.934724,32640.639143,32703.709024747408
2021-01-28,2021,Ridge,33511.287595,30358.934724,30433.03446070727
2021-01-29,2021,Ridge,34166.149426,33511.287595,33579.14348506406
2021-01-30,2021,Ridge,34349.917095,34166.149426,34240.66444846831
2021-01-31,2021,Ridge,33157.832575,34349.917095,34419.120319888905
2021-02-01,2021,Ridge,33570.271847,33157.832575,33244.52907605253
2021-02-02,2021,Ridge,35596.148909,33570.271847,33644.19304131974
2021-02-03,2021,Ridge,37578.373207,35596.148909,35669.692406825576
2021-02-04,2021,Ridge,37129.202938,37578.373207,37657.26039222213
2021-02-05,2021,Ridge,38045.413608,37129.202938,37219.029371107266
2021-02-06,2021,Ridge,39341.727081,38045.413608,38117.95108382941
2021-02-07,2021,Ridge,39003.012182,39341.727081,39433.56591282068
2021-02-08,2021,Ridge,46121.934072,39003.012182,39097.25439427902
2021-02-09,2021,Ridge,46548.161991,46121.934072,46228.900712579794
2021-02-10,2021,Ridge,45078.12835,46548.161991,46651.58445380438
2021-02-11,2021,Ridge,47892.840918,45078.12835,45182.31595880786
2021-02-12,2021,Ridge,47525.209143,47892.840918,47993.905197316446
2021-02-13,2021,Ridge,47208.625027,47525.209143,47648.10482449652
2021-02-14,2021,Ridge,48829.82751,47208.625027,47325.832814705915
2021-02-15,2021,Ridge,48110.241733,48829.82751,48940.63700467199
2021-02-16,2021,Ridge,49140.382658,48110.241733,48219.0401904367
2021-02-17,2021,Ridge,52224.939114,49140.382658,49249.91255504049
2021-02-18,2021,Ridge,51650.069949,52224.939114,52346.583837272716
2021-02-19,2021,Ridge,55820.504404,51650.069949,51784.97269188734
2021-02-20,2021,Ridge,55861.820567,55820.504404,55939.13829764581
2021-02-21,2021,Ridge,57500.71611,55861.820567,56001.32954844047
2021-02-22,2021,Ridge,53952.153339,57500.71611,57631.864211076376
2021-02-23,2021,Ridge,48560.489035,53952.153339,54090.78400310915
2021-02-24,2021,Ridge,49567.345689,48560.489035,48671.232574230984
2021-02-25,2021,Ridge,47568.13117,49567.345689,49686.21890560019
2021-02-26,2021,Ridge,46231.767578,47568.13117,47676.02711651614
2021-02-27,2021,Ridge,45834.513361,46231.767578,46344.617846682064
2021-02-28,2021,Ridge,45359.464164,45834.513361,45926.655770893056
2021-03-01,2021,Ridge,49634.447109,45359.464164,45461.86920171214
2021-03-02,2021,Ridge,48304.705488,49634.447109,49741.224557902235
2021-03-03,2021,Ridge,50690.467184,48304.705488,48413.93764541686
2021-03-04,2021,Ridge,48472.795475,50690.467184,50798.8232487828
2021-03-05,2021,Ridge,48800.817359,48472.795475,48587.30855785191
2021-03-06,2021,Ridge,48970.524487,48800.817359,48913.332295998196
2021-03-07,2021,Ridge,51086.468179,48970.524487,49087.23860151655
2021-03-08,2021,Ridge,52088.475132,51086.468179,51197.18105145864
2021-03-09,2021,Ridge,54739.135254,52088.475132,52196.0515035544
2021-03-10,2021,Ridge,56116.040912,54739.135254,54853.325700425936
2021-03-11,2021,Ridge,57847.254936,56116.040912,56251.913547709075
2021-03-12,2021,Ridge,57334.641535,57847.254936,57967.80702131058
2021-03-13,2021,Ridge,61288.794128,57334.641535,57470.2667107794
2021-03-14,2021,Ridge,59905.61847,61288.794128,61408.33512493783
2021-03-15,2021,Ridge,56121.121924,59905.61847,60046.230956409236
2021-03-16,2021,Ridge,56500.446026,56121.121924,56254.95001294376
2021-03-17,2021,Ridge,58683.065982,56500.446026,56617.387126542955
2021-03-18,2021,Ridge,57731.479841,58683.065982,58820.254162654324
2021-03-19,2021,Ridge,58168.121922,57731.479841,57879.53931061161
2021-03-20,2021,Ridge,58247.884707,58168.121922,58295.37649053883
2021-03-21,2021,Ridge,57447.93302,58247.884707,58378.791892482295
2021-03-22,2021,Ridge,54453.137351,57447.93302,57579.33407974458
2021-03-23,2021,Ridge,54563.611946,54453.137351,54585.06308119828
2021-03-24,2021,Ridge,52595.411324,54563.611946,54691.13831615196
2021-03-25,2021,Ridge,51547.124895,52595.411324,52717.486768347706
2021-03-26,2021,Ridge,54817.857112,51547.124895,51666.775864979376
2021-03-27,2021,Ridge,56019.837306,54817.857112,54944.56090636561
2021-03-28,2021,Ridge,55713.03814,56019.837306,56152.7192606245
2021-03-29,2021,Ridge,57571.233348,55713.03814,55838.626776761375
2021-03-30,2021,Ridge,58684.548392,57571.233348,57690.61495965901
2021-03-31,2021,Ridge,58792.194828,58684.548392,58814.71161681855
2021-04-01,2021,Ridge,58818.977099,58792.194828,58924.309944798566
2021-04-02,2021,Ridge,59031.534019,58818.977099,58956.72901097203
2021-04-03,2021,Ridge,57282.389625,59031.534019,59159.22366971118
2021-04-04,2021,Ridge,58202.199392,57282.389625,57411.36088773651
2021-04-05,2021,Ridge,58755.85253,58202.199392,58335.418441054695
2021-04-06,2021,Ridge,58084.066423,58755.85253,58884.909464865894
2021-04-07,2021,Ridge,56266.834676,58084.066423,58208.7618200006
2021-04-08,2021,Ridge,57963.344599,56266.834676,56395.01147126914
2021-04-09,2021,Ridge,58051.762556,57963.344599,58091.69239794427
2021-04-10,2021,Ridge,59651.558988,58051.762556,58184.9912254867
2021-04-11,2021,Ridge,59932.930647,59651.558988,59782.1539886459
2021-04-12,2021,Ridge,59905.936374,59932.930647,60068.25555530312
2021-04-13,2021,Ridge,63445.638314,59905.936374,60044.78651373141
2021-04-14,2021,Ridge,62869.495587,63445.638314,63595.66110531898
2021-04-15,2021,Ridge,63231.162987,62869.495587,63013.4921572419
2021-04-16,2021,Ridge,61571.110091,63231.162987,63380.489661444626
2021-04-17,2021,Ridge,60280.876176,61571.110091,61716.76204754609
2021-04-18,2021,Ridge,56389.557981,60280.876176,60419.09715159693
2021-04-19,2021,Ridge,55798.137077,56389.557981,56519.42703239273
2021-04-20,2021,Ridge,56474.373759,55798.137077,55920.845466174265
2021-04-21,2021,Ridge,54025.799575,56474.373759,56601.82776352397
2021-04-22,2021,Ridge,51882.059811,54025.799575,54145.61055308199
2021-04-23,2021,Ridge,50954.910061,51882.059811,52003.99447630865
2021-04-24,2021,Ridge,50279.948446,50954.910061,51060.26297241497
2021-04-25,2021,Ridge,48946.940743,50279.948446,50401.76488667348
2021-04-26,2021,Ridge,53943.349978,48946.940743,49056.590555443894
2021-04-27,2021,Ridge,55027.030985,53943.349978,54058.0377584481
2021-04-28,2021,Ridge,54787.378707,55027.030985,55140.33185909973
2021-04-29,2021,Ridge,53567.081194,54787.378707,54916.871317154226
2021-04-30,2021,Ridge,57741.444417,53567.081194,53696.00852720655
2021-05-01,2021,Ridge,57863.590393,57741.444417,57868.63829207151
2021-05-02,2021,Ridge,56572.596841,57863.590393,57997.21141970168
2021-05-03,2021,Ridge,57243.041605,56572.596841,56700.28559998223
2021-05-04,2021,Ridge,53724.108925,57243.041605,57364.792815246175
2021-05-05,2021,Ridge,57342.025662,53724.108925,53838.86833164193
2021-05-06,2021,Ridge,56527.352979,57342.025662,57468.426978541625
2021-05-07,2021,Ridge,57341.068455,56527.352979,56659.795692109255
2021-05-08,2021,Ridge,58736.125895,57341.068455,57465.74914515646
2021-05-09,2021,Ridge,58288.42563,58736.125895,58863.69751896088
2021-05-10,2021,Ridge,55902.92774,58288.42563,58418.66523439853
2021-05-11,2021,Ridge,56612.102649,55902.92774,56038.82715100223
2021-05-12,2021,Ridge,50972.355081,56612.102649,56729.3426028982
2021-05-13,2021,Ridge,49368.614474,50972.355081,51107.89611938058
2021-05-14,2021,Ridge,49997.395901,49368.614474,49470.27374824743
2021-05-15,2021,Ridge,47047.963333,49997.395901,50117.611562149985
2021-05-16,2021,Ridge,46022.503709,47047.963333,47164.90260161601
2021-05-17,2021,Ridge,43492.395483,46022.503709,46131.23318323071
2021-05-18,2021,Ridge,42789.809392,43492.395483,43581.329356832044
2021-05-19,2021,Ridge,37642.520002,42789.809392,42887.54271780196
2021-05-20,2021,Ridge,40799.402148,37642.520002,37734.95344196898
2021-05-21,2021,Ridge,37174.331101,40799.402148,40879.094311684625
2021-05-22,2021,Ridge,37643.419798,37174.331101,37266.24395549913
2021-05-23,2021,Ridge,34774.207222,37643.419798,37724.205049122684
2021-05-24,2021,Ridge,38630.409119,34774.207222,34853.62505086355
2021-05-25,2021,Ridge,38269.771075,38630.409119,38700.87652955204
2021-05-26,2021,Ridge,39194.858898,38269.771075,38361.613005721934
2021-05-27,2021,Ridge,38510.857042,39194.858898,39273.01101505505
2021-05-28,2021,Ridge,35596.717951,38510.857042,38603.491585694326
2021-05-29,2021,Ridge,34681.818367,35596.717951,35661.41228953035
2021-05-30,2021,Ridge,35652.16877,34681.818367,34769.5243716071
2021-05-31,2021,Ridge,37312.974897,35652.16877,35723.1308153878
2021-06-01,2021,Ridge,36661.378118,37312.974897,37395.66410529446
2021-06-02,2021,Ridge,37639.455673,36661.378118,36734.60203473525
2021-06-03,2021,Ridge,39160.150413,37639.455673,37721.38773210912
2021-06-04,2021,Ridge,36884.373555,39160.150413,39245.45068155572
2021-06-05,2021,Ridge,35409.567237,36884.373555,36973.12550242027
2021-06-06,2021,Ridge,35720.604355,35409.567237,35490.94925451214
2021-06-07,2021,Ridge,33724.907752,35720.604355,35794.32119814854
2021-06-08,2021,Ridge,33475.048923,33724.907752,33804.74076699392
2021-06-09,2021,Ridge,37372.988895,33475.048923,33549.18290430298
2021-06-10,2021,Ridge,36826.002219,37372.988895,37453.70495938807
2021-06-11,2021,Ridge,37185.393127,36826.002219,36916.66939475565
2021-06-12,2021,Ridge,35669.171282,37185.393127,37272.907665826424
2021-06-13,2021,Ridge,38925.419429,35669.171282,35757.00144363738
2021-06-14,2021,Ridge,40455.595983,38925.419429,39003.80712680601
2021-06-15,2021,Ridge,40254.651468,40455.595983,40555.00687523755
2021-06-16,2021,Ridge,38265.543773,40254.651468,40341.618453966796
2021-06-17,2021,Ridge,38018.643235,38265.543773,38357.338188328366
2021-06-18,2021,Ridge,35714.312079,38018.643235,38100.44131689299
2021-06-19,2021,Ridge,35555.976397,35714.312079,35809.97993453041
2021-06-20,2021,Ridge,35599.941878,35555.976397,35634.45407716445
2021-06-21,2021,Ridge,31715.159862,35599.941878,35685.15180296356
2021-06-22,2021,Ridge,32394.555595,31715.159862,31781.297776370644
2021-06-23,2021,Ridge,33610.496813,32394.555595,32460.487926126698
2021-06-24,2021,Ridge,34658.972876,33610.496813,33683.24763797929
2021-06-25,2021,Ridge,31683.5032,34658.972876,34745.69172473546
2021-06-26,2021,Ridge,31890.676447,31683.5032,31757.95040859788
2021-06-27,2021,Ridge,34506.491198,31890.676447,31956.41656864805
2021-06-28,2021,Ridge,34376.188539,34506.491198,34587.76862767581
2021-06-29,2021,Ridge,35933.778218,34376.188539,34458.671232540364
2021-06-30,2021,Ridge,35065.466153,35933.778218,36011.2818778506
2021-07-01,2021,Ridge,33505.080494,35065.466153,35136.61089201325
2021-07-02,2021,Ridge,33782.945946,33505.080494,33586.64137124121
2021-07-03,2021,Ridge,34588.224292,33782.945946,33863.79585637544
2021-07-04,2021,Ridge,35355.607888,34588.224292,34667.515077517084
2021-07-05,2021,Ridge,33911.75384,35355.607888,35427.180963543935
2021-07-06,2021,Ridge,34123.981568,33911.75384,33983.041856752556
2021-07-07,2021,Ridge,33931.618638,34123.981568,34198.00507877592
2021-07-08,2021,Ridge,32819.659531,33931.618638,34005.74054841708
2021-07-09,2021,Ridge,33914.881074,32819.659531,32902.44306091493
2021-07-10,2021,Ridge,33610.945839,33914.881074,33987.263561507425
2021-07-11,2021,Ridge,34258.44139,33610.945839,33686.28820185925
2021-07-12,2021,Ridge,33135.235912,34258.44139,34335.601142851054
2021-07-13,2021,Ridge,32641.975961,33135.235912,33208.3592841718
2021-07-14,2021,Ridge,32798.284519,32641.975961,32713.61084984752
2021-07-15,2021,Ridge,31707.690037,32798.284519,32877.09489788116
2021-07-16,2021,Ridge,31455.717582,31707.690037,31787.486134334085
2021-07-17,2021,Ridge,31547.951199,31455.717582,31527.408799129233
2021-07-18,2021,Ridge,31707.703853,31547.951199,31613.721087207286
2021-07-19,2021,Ridge,30883.469746,31707.703853,31782.58716667888
2021-07-20,2021,Ridge,29766.657718,30883.469746,30953.407438813807
2021-07-21,2021,Ridge,32119.657226,29766.657718,29832.687742042293
2021-07-22,2021,Ridge,32306.961429,32119.657226,32188.145583654987
2021-07-23,2021,Ridge,33439.595703,32306.961429,32381.92938715999
2021-07-24,2021,Ridge,34166.914655,33439.595703,33518.13900962329
2021-07-25,2021,Ridge,35119.937436,34166.914655,34241.041359562514
2021-07-26,2021,Ridge,37444.78251,35119.937436,35195.32432289365
2021-07-27,2021,Ridge,39126.540288,37444.78251,37530.26904477315
2021-07-28,2021,Ridge,39939.194043,39126.540288,39211.42415944681
2021-07-29,2021,Ridge,40086.164395,39939.194043,40036.91025566979
2021-07-30,2021,Ridge,41789.667098,40086.164395,40177.54077723216
2021-07-31,2021,Ridge,41793.313748,41789.667098,41884.761268985996
2021-08-01,2021,Ridge,39968.968954,41793.313748,41885.25521018499
2021-08-02,2021,Ridge,39304.186284,39968.968954,40067.49174339802
2021-08-03,2021,Ridge,38288.825398,39304.186284,39388.359224243824
2021-08-04,2021,Ridge,39773.911349,38288.825398,38374.94307121269
2021-08-05,2021,Ridge,40941.650434,39773.911349,39865.16522683832
2021-08-06,2021,Ridge,42790.357328,40941.650434,41040.39594140293
2021-08-07,2021,Ridge,44484.900586,42790.357328,42884.41677526482
2021-08-08,2021,Ridge,43972.301018,44484.900586,44591.66974306171
2021-08-09,2021,Ridge,46265.642456,43972.301018,44074.49856332655
2021-08-10,2021,Ridge,45488.791262,46265.642456,46381.4616056445
2021-08-11,2021,Ridge,45676.326361,45488.791262,45590.03285950709
2021-08-12,2021,Ridge,44405.748348,45676.326361,45789.10918499645
2021-08-13,2021,Ridge,47717.485356,44405.748348,44509.327642191114
2021-08-14,2021,Ridge,47124.205074,47717.485356,47826.81141615678
2021-08-15,2021,Ridge,47074.37071,47124.205074,47232.59797755557
2021-08-16,2021,Ridge,45984.719907,47074.37071,47182.12547063202
2021-08-17,2021,Ridge,44714.096798,45984.719907,46086.92575104313
2021-08-18,2021,Ridge,44954.363747,44714.096798,44813.729743918084
2021-08-19,2021,Ridge,46646.861505,44954.363747,45057.90760966514
2021-08-20,2021,Ridge,49240.835605,46646.861505,46749.846142044604
2021-08-21,2021,Ridge,49070.24097,49240.835605,49347.442254040274
2021-08-22,2021,Ridge,49363.316095,49070.24097,49181.862069362745
2021-08-23,2021,Ridge,49590.876368,49363.316095,49474.84579857962
2021-08-24,2021,Ridge,47925.862213,49590.876368,49711.76062913066
2021-08-25,2021,Ridge,49002.316605,47925.862213,48036.623568050134
2021-08-26,2021,Ridge,47190.344993,49002.316605,49116.044761773665
2021-08-27,2021,Ridge,49048.475589,47190.344993,47294.944609788996
2021-08-28,2021,Ridge,48852.4688,49048.475589,49154.18870026744
2021-08-29,2021,Ridge,48948.347958,48852.4688,48958.33589587739
2021-08-30,2021,Ridge,47125.768519,48948.347958,49066.003042342796
2021-08-31,2021,Ridge,47219.244342,47125.768519,47234.05223254679
2021-09-01,2021,Ridge,48688.537557,47219.244342,47325.43216950098
2021-09-02,2021,Ridge,49369.586275,48688.537557,48799.04199291802
2021-09-03,2021,Ridge,49860.534164,49369.586275,49477.25660554013
2021-09-04,2021,Ridge,49919.577564,49860.534164,49972.73437382268
2021-09-05,2021,Ridge,51747.643857,49919.577564,50028.55368712114
2021-09-06,2021,Ridge,52640.588374,51747.643857,51869.17921406202
2021-09-07,2021,Ridge,46854.400603,52640.588374,52761.41688086106
2021-09-08,2021,Ridge,46187.975731,46854.400603,46968.8382129682
2021-09-09,2021,Ridge,46448.774829,46187.975731,46285.45929031476
2021-09-10,2021,Ridge,44765.275576,46448.774829,46557.95594109021
2021-09-11,2021,Ridge,45098.591645,44765.275576,44869.93043986654
2021-09-12,2021,Ridge,46180.612456,45098.591645,45189.74170026323
2021-09-13,2021,Ridge,44991.522128,46180.612456,46279.349582895156
2021-09-14,2021,Ridge,47022.61776,44991.522128,45100.4067204637
2021-09-15,2021,Ridge,48167.189368,47022.61776,47121.75488462115
2021-09-16,2021,Ridge,47797.328324,48167.189368,48280.698983977025
2021-09-17,2021,Ridge,47213.794129,47797.328324,47905.721000691454
2021-09-18,2021,Ridge,48204.013652,47213.794129,47317.8614148798
2021-09-19,2021,Ridge,47218.473996,48204.013652,48312.90574159976
2021-09-20,2021,Ridge,42855.510345,47218.473996,47333.00049338047
2021-09-21,2021,Ridge,40526.489376,42855.510345,42950.57286446348
2021-09-22,2021,Ridge,43577.572482,40526.489376,40617.76082463706
2021-09-23,2021,Ridge,44861.298033,43577.572482,43670.034356758006
2021-09-24,2021,Ridge,42803.307701,44861.298033,44968.96651276136
2021-09-25,2021,Ridge,42735.265824,42803.307701,42897.54861677926
2021-09-26,2021,Ridge,43131.294177,42735.265824,42817.66722741403
2021-09-27,2021,Ridge,42496.785225,43131.294177,43227.505800503226
2021-09-28,2021,Ridge,41223.786274,42496.785225,42604.21869506739
2021-09-29,2021,Ridge,41453.947013,41223.786274,41311.49485489907
2021-09-30,2021,Ridge,43781.546015,41453.947013,41540.74745216008
2021-10-01,2021,Ridge,48078.131554,43781.546015,43886.341690125715
2021-10-02,2021,Ridge,47792.439194,48078.131554,48187.46142713718
2021-10-03,2021,Ridge,48202.622918,47792.439194,47904.29385705686
2021-10-04,2021,Ridge,49288.501311,48202.622918,48310.03559462574
2021-10-05,2021,Ridge,51558.049332,49288.501311,49396.326076721234
2021-10-06,2021,Ridge,55419.800411,51558.049332,51675.15245609662
2021-10-07,2021,Ridge,53805.156913,55419.800411,55549.450616492635
2021-10-08,2021,Ridge,53933.527591,53805.156913,53925.70711080013
2021-10-09,2021,Ridge,55010.922475,53933.527591,54053.398116590164
2021-10-10,2021,Ridge,54701.279702,55010.922475,55132.834282147414
2021-10-11,2021,Ridge,57289.186457,54701.279702,54837.29699876126
2021-10-12,2021,Ridge,56196.18126,57289.186457,57418.56217359793
2021-10-13,2021,Ridge,57348.892877,56196.18126,56318.29524841619
2021-10-14,2021,Ridge,57384.036915,57348.892877,57479.25584347134
2021-10-15,2021,Ridge,61446.084007,57384.036915,57521.33657596853
2021-10-16,2021,Ridge,60932.063212,61446.084007,61585.65265218427
2021-10-17,2021,Ridge,61462.222372,60932.063212,61075.104791118145
2021-10-18,2021,Ridge,61977.057551,61462.222372,61611.507394623346
2021-10-19,2021,Ridge,64290.897757,61977.057551,62135.35682776645
2021-10-20,2021,Ridge,66061.796564,64290.897757,64431.4196564075
2021-10-21,2021,Ridge,62373.885621,66061.796564,66218.20159743997
2021-10-22,2021,Ridge,60750.967372,62373.885621,62521.02121896679
2021-10-23,2021,Ridge,61250.082629,60750.967372,60895.6485208413
2021-10-24,2021,Ridge,60865.447052,61250.082629,61384.79150769746
2021-10-25,2021,Ridge,63031.672902,60865.447052,61014.28798061201
2021-10-26,2021,Ridge,60393.980274,63031.672902,63167.35906392617
2021-10-27,2021,Ridge,58563.33599,60393.980274,60523.9447266319
2021-10-28,2021,Ridge,60564.572112,58563.33599,58699.27430158454
2021-10-29,2021,Ridge,62230.805569,60564.572112,60693.338657678425
2021-10-30,2021,Ridge,61742.916532,62230.805569,62379.54295391826
2021-10-31,2021,Ridge,61432.970063,61742.916532,61893.00671606556
2021-11-01,2021,Ridge,61092.095059,61432.970063,61563.680189447296
2021-11-02,2021,Ridge,63024.74723,61092.095059,61225.82580716791
2021-11-03,2021,Ridge,62955.981763,63024.74723,63162.727211561614
2021-11-04,2021,Ridge,61393.889978,62955.981763,63103.106772519204
2021-11-05,2021,Ridge,61005.840834,61393.889978,61535.37602976686
2021-11-06,2021,Ridge,61455.053627,61005.840834,61140.81886104187
2021-11-07,2021,Ridge,63043.829059,61455.053627,61591.164223285436
2021-11-08,2021,Ridge,67541.755508,63043.829059,63189.286197952424
2021-11-09,2021,Ridge,67095.585671,67541.755508,67684.15703739577
2021-11-10,2021,Ridge,64756.077969,67095.585671,67237.08878462
2021-11-11,2021,Ridge,64962.931294,64756.077969,64907.251303103294
2021-11-12,2021,Ridge,64078.968037,64962.931294,65112.3863442223
2021-11-13,2021,Ridge,64397.791206,64078.968037,64230.43356626705
2021-11-14,2021,Ridge,65032.225655,64397.791206,64549.44018098711
2021-11-15,2021,Ridge,63753.503159,65032.225655,65173.457433903364
2021-11-16,2021,Ridge,60322.497853,63753.503159,63890.98349144327
2021-11-17,2021,Ridge,60154.308366,60322.497853,60457.85689720889
2021-11-18,2021,Ridge,56794.155627,60154.308366,60285.53297183639
2021-11-19,2021,Ridge,58014.072989,56794.155627,56940.94018032785
2021-11-20,2021,Ridge,59749.473823,58014.072989,58146.24418100596
2021-11-21,2021,Ridge,59032.624102,59749.473823,59882.19217836212
2021-11-22,2021,Ridge,56383.565876,59032.624102,59158.79852901148
2021-11-23,2021,Ridge,57642.265798,56383.565876,56511.46842655533
2021-11-24,2021,Ridge,57141.830378,57642.265798,57762.02442307681
2021-11-25,2021,Ridge,59008.655479,57141.830378,57286.43379307147
2021-11-26,2021,Ridge,53800.617839,59008.655479,59141.33100721714
2021-11-27,2021,Ridge,54635.882463,53800.617839,53931.090026520054
2021-11-28,2021,Ridge,57248.569696,54635.882463,54747.16232381027
2021-11-29,2021,Ridge,57920.71073,57248.569696,57379.52609712256
2021-11-30,2021,Ridge,57097.012794,57920.71073,58045.22376240345
2021-12-01,2021,Ridge,57180.609844,57097.012794,57220.19993463481
2021-12-02,2021,Ridge,56582.893769,57180.609844,57294.67969040682
2021-12-03,2021,Ridge,53671.616068,56582.893769,56727.03545862034
2021-12-04,2021,Ridge,49159.735798,53671.616068,53796.206322538
2021-12-05,2021,Ridge,49327.0936,49159.735798,49274.85216879906
2021-12-06,2021,Ridge,50535.425223,49327.0936,49423.49959999997
2021-12-07,2021,Ridge,50574.472834,50535.425223,50652.051449252176
2021-12-08,2021,Ridge,50500.654351,50574.472834,50682.72134062202
2021-12-09,2021,Ridge,47937.822846,50500.654351,50613.41589883228
2021-12-10,2021,Ridge,47437.228973,47937.822846,48045.394231860606
2021-12-11,2021,Ridge,49321.769325,47437.228973,47549.164609134896
2021-12-12,2021,Ridge,50136.572257,49321.769325,49431.43704879792
2021-12-13,2021,Ridge,46785.327841,50136.572257,50253.6641543743
2021-12-14,2021,Ridge,48292.68225,46785.327841,46885.14140677051
2021-12-15,2021,Ridge,48830.622386,48292.68225,48394.24913162442
2021-12-16,2021,Ridge,47663.469108,48830.622386,48946.90931681559
2021-12-17,2021,Ridge,46334.483749,47663.469108,47785.48765079068
2021-12-18,2021,Ridge,46904.873675,46334.483749,46433.57000960437
2021-12-19,2021,Ridge,46876.426924,46904.873675,47000.12180834647
2021-12-20,2021,Ridge,46954.763478,46876.426924,46983.56764758037
2021-12-21,2021,Ridge,49082.062467,46954.763478,47060.516022154196
2021-12-22,2021,Ridge,48692.098739,49082.062467,49183.83493424523
2021-12-23,2021,Ridge,50712.970768,48692.098739,48794.31783171791
2021-12-24,2021,Ridge,50783.834421,50712.970768,50831.562128465644
2021-12-25,2021,Ridge,50590.450898,50783.834421,50907.944230315516
2021-12-26,2021,Ridge,50798.306586,50590.450898,50702.993753644434
2021-12-27,2021,Ridge,50796.377674,50798.306586,50912.38239931368
2021-12-28,2021,Ridge,47673.044045,50796.377674,50911.83259528854
2021-12-29,2021,Ridge,46470.321575,47673.044045,47781.85482021718
2021-12-30,2021,Ridge,47102.463004,46470.321575,46576.32448150907
2021-12-31,2021,Ridge,46355.11733,47102.463004,47214.26174915148
2022-01-01,2022,Ridge,47560.009382,46355.11733,46453.75914153311
2022-01-02,2022,Ridge,47352.557757,47560.009382,47660.48722515323
2022-01-03,2022,Ridge,46453.432352,47352.557757,47454.77605593392
2022-01-04,2022,Ridge,45905.961122,46453.432352,46546.87545801478
2022-01-05,2022,Ridge,43530.944039,45905.961122,46000.229410305714
2022-01-06,2022,Ridge,43144.965293,43530.944039,43624.79509868801
2022-01-07,2022,Ridge,41512.784581,43144.965293,43247.37404550186
2022-01-08,2022,Ridge,41799.812885,41512.784581,41599.93716073564
2022-01-09,2022,Ridge,41886.498557,41799.812885,41887.36028375395
2022-01-10,2022,Ridge,41816.951056,41886.498557,41973.76764148303
2022-01-11,2022,Ridge,42768.178612,41816.951056,41902.90333095592
2022-01-12,2022,Ridge,43961.026544,42768.178612,42852.88250513004
2022-01-13,2022,Ridge,42626.865392,43961.026544,44048.45342197239
2022-01-14,2022,Ridge,43102.647618,42626.865392,42722.28814296208
2022-01-15,2022,Ridge,43206.674481,43102.647618,43191.477316782955
2022-01-16,2022,Ridge,43168.859667,43206.674481,43296.12745795531
2022-01-17,2022,Ridge,42211.270399,43168.859667,43259.29693504111
2022-01-18,2022,Ridge,42431.231967,42211.270399,42302.598102080425
2022-01-19,2022,Ridge,41787.722013,42431.231967,42510.97401131244
2022-01-20,2022,Ridge,40756.126163,41787.722013,41879.227786574724
2022-01-21,2022,Ridge,36492.287224,40756.126163,40846.040335874546
2022-01-22,2022,Ridge,34996.390965,36492.287224,36575.53120288244
2022-01-23,2022,Ridge,36271.050265,34996.390965,35066.81344413211
2022-01-24,2022,Ridge,36659.725221,36271.050265,36343.70045843143
2022-01-25,2022,Ridge,36952.586773,36659.725221,36737.928107531035
2022-01-26,2022,Ridge,36825.824599,36952.586773,37024.12620165665
2022-01-27,2022,Ridge,37021.937133,36825.824599,36896.99253286298
2022-01-28,2022,Ridge,37768.847484,37021.937133,37107.20907656057
2022-01-29,2022,Ridge,38088.291228,37768.847484,37854.002684701845
2022-01-30,2022,Ridge,37983.506385,38088.291228,38165.23708584313
2022-01-31,2022,Ridge,38462.672403,37983.506385,38064.80623992016
2022-02-01,2022,Ridge,38787.964082,38462.672403,38536.648275941894
2022-02-02,2022,Ridge,36942.330749,38787.964082,38869.93302297219
2022-02-03,2022,Ridge,37057.652188,36942.330749,37027.10432919019
2022-02-04,2022,Ridge,41079.906088,37057.652188,37135.837426559556
2022-02-05,2022,Ridge,41508.581693,41079.906088,41163.09793569649
2022-02-06,2022,Ridge,42358.225173,41508.581693,41595.489119443
2022-02-07,2022,Ridge,43888.98012,42358.225173,42445.68812428736
2022-02-08,2022,Ridge,44167.444795,43888.98012,43981.75903127736
2022-02-09,2022,Ridge,44405.073204,44167.444795,44253.898726539584
2022-02-10,2022,Ridge,43614.342696,44405.073204,44499.36927521526
2022-02-11,2022,Ridge,42357.321742,43614.342696,43724.62563272576
2022-02-12,2022,Ridge,42173.459396,42357.321742,42443.44736928964
2022-02-13,2022,Ridge,42195.594745,42173.459396,42259.70234614781
2022-02-14,2022,Ridge,42646.161859,42195.594745,42296.39548782094
2022-02-15,2022,Ridge,44511.908488,42646.161859,42736.46106846238
2022-02-16,2022,Ridge,44065.709267,44511.908488,44593.187977222326
2022-02-17,2022,Ridge,40610.024262,44065.709267,44163.15745421092
2022-02-18,2022,Ridge,40044.220486,40610.024262,40706.32778106389
2022-02-19,2022,Ridge,40095.887329,40044.220486,40134.55020113048
2022-02-20,2022,Ridge,38551.622497,40095.887329,40185.450570116234
2022-02-21,2022,Ridge,37098.036008,38551.622497,38637.31952488044
2022-02-22,2022,Ridge,38202.594082,37098.036008,37170.02745397498
2022-02-23,2022,Ridge,37308.268734,38202.594082,38276.659593297096
2022-02-24,2022,Ridge,38283.790402,37308.268734,37393.185184073685
2022-02-25,2022,Ridge,39323.770216,38283.790402,38371.66653991797
2022-02-26,2022,Ridge,39056.578152,39323.770216,39398.43818705197
2022-02-27,2022,Ridge,37664.779283,39056.578152,39138.63141332128
2022-02-28,2022,Ridge,43179.254514,37664.779283,37748.414751903365
2022-03-01,2022,Ridge,44334.457582,43179.254514,43255.90507652778
2022-03-02,2022,Ridge,43984.584927,44334.457582,44420.326745858096
2022-03-03,2022,Ridge,42492.774455,43984.584927,44085.8833873121
2022-03-04,2022,Ridge,39106.405216,42492.774455,42589.58331915332
2022-03-05,2022,Ridge,39383.884843,39106.405216,39188.937336678886
2022-03-06,2022,Ridge,38399.342627,39383.884843,39469.84751189667
2022-03-07,2022,Ridge,38146.734273,38399.342627,38486.061837996516
2022-03-08,2022,Ridge,38725.477262,38146.734273,38215.40350522837
2022-03-09,2022,Ridge,41989.402818,38725.477262,38790.97468731018
2022-03-10,2022,Ridge,39482.258467,41989.402818,42077.176505478965
2022-03-11,2022,Ridge,38825.364421,39482.258467,39584.43421216277
2022-03-12,2022,Ridge,38951.130016,38825.364421,38904.2072351051
2022-03-13,2022,Ridge,37808.3174,38951.130016,39040.07281734173
2022-03-14,2022,Ridge,39649.045324,37808.3174,37892.93885930082
2022-03-15,2022,Ridge,39356.8139,39649.045324,39722.27945713728
2022-03-16,2022,Ridge,41101.768579,39356.8139,39430.25159267345
2022-03-17,2022,Ridge,40966.416932,41101.768579,41197.815729547765
2022-03-18,2022,Ridge,41826.116071,40966.416932,41055.17438704144
2022-03-19,2022,Ridge,42193.161536,41826.116071,41924.412154665166
2022-03-20,2022,Ridge,41294.723513,42193.161536,42287.2952339725
2022-03-21,2022,Ridge,41064.429648,41294.723513,41375.4287555024
2022-03-22,2022,Ridge,42383.169519,41064.429648,41150.75573000851
2022-03-23,2022,Ridge,42734.200036,42383.169519,42462.4505925466
2022-03-24,2022,Ridge,43974.593588,42734.200036,42820.47925870044
2022-03-25,2022,Ridge,44347.03428,43974.593588,44074.75101792856
2022-03-26,2022,Ridge,44519.926864,44347.03428,44447.69912488034
2022-03-27,2022,Ridge,46777.205627,44519.926864,44615.92029899697
2022-03-28,2022,Ridge,47223.652886,46777.205627,46885.3777349725
2022-03-29,2022,Ridge,47463.709677,47223.652886,47317.533588797305
2022-03-30,2022,Ridge,47123.297148,47463.709677,47545.97127525958
2022-03-31,2022,Ridge,45562.210667,47123.297148,47235.50914980381
2022-04-01,2022,Ridge,46250.336288,45562.210667,45665.15336550919
2022-04-02,2022,Ridge,45939.897349,46250.336288,46352.745296642686
2022-04-03,2022,Ridge,46440.543854,45939.897349,46046.3444524301
2022-04-04,2022,Ridge,46663.004177,46440.543854,46542.30716940322
2022-04-05,2022,Ridge,45693.035062,46663.004177,46756.90291937667
2022-04-06,2022,Ridge,43304.937199,45693.035062,45784.65020412129
2022-04-07,2022,Ridge,43569.04717,43304.937199,43395.88208956224
2022-04-08,2022,Ridge,42222.068977,43569.04717,43668.28745741369
2022-04-09,2022,Ridge,42680.994736,42222.068977,42319.10378513023
2022-04-10,2022,Ridge,42264.463391,42680.994736,42763.51484883184
2022-04-11,2022,Ridge,39544.025184,42264.463391,42357.20816807373
2022-04-12,2022,Ridge,40096.366975,39544.025184,39623.54646655736
2022-04-13,2022,Ridge,41152.755452,40096.366975,40179.637572774605
2022-04-14,2022,Ridge,39916.496384,41152.755452,41240.60373331453
2022-04-15,2022,Ridge,40527.331957,39916.496384,40009.93030381158
2022-04-16,2022,Ridge,40439.588121,40527.331957,40601.44658117453
2022-04-17,2022,Ridge,39704.78398,40439.588121,40521.57432309079
2022-04-18,2022,Ridge,40818.878603,39704.78398,39792.15671292965
2022-04-19,2022,Ridge,41489.663801,40818.878603,40899.87412731878
2022-04-20,2022,Ridge,41395.644583,41489.663801,41567.466533350955
2022-04-21,2022,Ridge,40457.495942,41395.644583,41489.81472708293
2022-04-22,2022,Ridge,39737.973504,40457.495942,40543.863276087846
2022-04-23,2022,Ridge,39582.454872,39737.973504,39825.5063852599
2022-04-24,2022,Ridge,39511.645693,39582.454872,39664.80713307706
2022-04-25,2022,Ridge,40473.748318,39511.645693,39593.318351869035
2022-04-26,2022,Ridge,38072.800874,40473.748318,40549.57673158335
2022-04-27,2022,Ridge,39218.537617,38072.800874,38148.52095779795
2022-04-28,2022,Ridge,39747.989427,39218.537617,39299.90304816226
2022-04-29,2022,Ridge,38609.505907,39747.989427,39848.506378755555
2022-04-30,2022,Ridge,37714.09498,38609.505907,38688.133677097205
2022-05-01,2022,Ridge,38459.226979,37714.09498,37793.93236260418
2022-05-02,2022,Ridge,38566.062888,38459.226979,38540.02506179435
2022-05-03,2022,Ridge,37704.405315,38566.062888,38645.934580118825
2022-05-04,2022,Ridge,39641.852177,37704.405315,37775.765476142114
2022-05-05,2022,Ridge,36502.02456,39641.852177,39733.40508207926
2022-05-06,2022,Ridge,36042.999558,36502.02456,36583.69634511528
2022-05-07,2022,Ridge,35508.711023,36042.999558,36121.77267015458
2022-05-08,2022,Ridge,34058.906686,35508.711023,35588.22052452655
2022-05-09,2022,Ridge,30457.921819,34058.906686,34131.0418167678
2022-05-10,2022,Ridge,30990.735166,30457.921819,30518.547796639526
2022-05-11,2022,Ridge,28796.556822,30990.735166,31048.250748885715
2022-05-12,2022,Ridge,29030.707042,28796.556822,28864.792760351203
2022-05-13,2022,Ridge,29285.934672,29030.707042,29090.37587882847
2022-05-14,2022,Ridge,30051.935755,29285.934672,29346.063239392195
2022-05-15,2022,Ridge,31182.621246,30051.935755,30111.37245240182
2022-05-16,2022,Ridge,29889.612476,31182.621246,31247.476901000926
2022-05-17,2022,Ridge,30438.194448,29889.612476,29947.913260976307
2022-05-18,2022,Ridge,28771.220479,30438.194448,30497.20887330203
2022-05-19,2022,Ridge,30257.885248,28771.220479,28832.57844344493
2022-05-20,2022,Ridge,29224.245998,30257.885248,30324.43801715531
2022-05-21,2022,Ridge,29420.078286,29224.245998,29292.045474094146
2022-05-22,2022,Ridge,30331.875142,29420.078286,29474.452023377045
2022-05-23,2022,Ridge,29088.251542,30331.875142,30398.61353773926
2022-05-24,2022,Ridge,29643.683756,29088.251542,29143.861372182473
2022-05-25,2022,Ridge,29577.25988,29643.683756,29702.492545829566
2022-05-26,2022,Ridge,29332.486047,29577.25988,29636.2391683642
2022-05-27,2022,Ridge,28612.04131,29332.486047,29399.693345280866
2022-05-28,2022,Ridge,29045.520634,28612.04131,28666.757617252017
2022-05-29,2022,Ridge,29430.06898,29045.520634,29110.407856313635
2022-05-30,2022,Ridge,31735.954972,29430.06898,29497.229565670143
2022-05-31,2022,Ridge,31831.409525,31735.954972,31793.075072605996
2022-06-01,2022,Ridge,29825.922199,31831.409525,31897.747440512223
2022-06-02,2022,Ridge,30504.268,29825.922199,29891.552522118418
2022-06-03,2022,Ridge,29662.670971,30504.268,30579.542625265665
2022-06-04,2022,Ridge,29792.407678,29662.670971,29727.853634068455
2022-06-05,2022,Ridge,29915.409301,29792.407678,29854.032139544564
2022-06-06,2022,Ridge,31333.67702,29915.409301,29978.62277258689
2022-06-07,2022,Ridge,31175.032429,31333.67702,31394.285724194942
2022-06-08,2022,Ridge,30228.464698,31175.032429,31241.02505135926
2022-06-09,2022,Ridge,30064.485529,30228.464698,30294.873631608538
2022-06-10,2022,Ridge,29070.40003,30064.485529,30140.709269952913
2022-06-11,2022,Ridge,28360.789923,29070.40003,29130.040597633517
2022-06-12,2022,Ridge,26830.283946,28360.789923,28420.474638312815
2022-06-13,2022,Ridge,22316.25704,26830.283946,26886.963378397493
2022-06-14,2022,Ridge,22072.866309,22316.25704,22367.243443921074
2022-06-15,2022,Ridge,22520.791009,22072.866309,22110.639716883346
2022-06-16,2022,Ridge,20310.176985,22520.791009,22572.57270573143
2022-06-17,2022,Ridge,20464.929087,20310.176985,20356.17920932578
2022-06-18,2022,Ridge,19013.867254,20464.929087,20504.703619678818
2022-06-19,2022,Ridge,20492.295168,19013.867254,19053.37836481505
2022-06-20,2022,Ridge,20571.629225,20492.295168,20530.38091813742
2022-06-21,2022,Ridge,20688.465131,20571.629225,20613.263663996695
2022-06-22,2022,Ridge,20003.168338,20688.465131,20729.208071803103
2022-06-23,2022,Ridge,21097.102833,20003.168338,20041.556533229825
2022-06-24,2022,Ridge,21299.076985,21097.102833,21141.186457436084
2022-06-25,2022,Ridge,21468.343157,21299.076985,21354.417358277566
2022-06-26,2022,Ridge,21066.620943,21468.343157,21509.60428381949
2022-06-27,2022,Ridge,20751.051696,21066.620943,21104.912084497246
2022-06-28,2022,Ridge,20263.219639,20751.051696,20788.388683397683
2022-06-29,2022,Ridge,20080.948086,20263.219639,20305.35996483754
2022-06-30,2022,Ridge,19332.912129,20080.948086,20122.983557493906
2022-07-01,2022,Ridge,19341.863124,19332.912129,19377.107392988288
2022-07-02,2022,Ridge,19231.831708,19341.863124,19377.714157753995
2022-07-03,2022,Ridge,19276.514664,19231.831708,19269.78628599148
2022-07-04,2022,Ridge,20226.298475,19276.514664,19319.89576943061
2022-07-05,2022,Ridge,20193.342794,20226.298475,20262.758600107933
2022-07-06,2022,Ridge,20560.843813,20193.342794,20237.195817588545
2022-07-07,2022,Ridge,21651.419142,20560.843813,20607.641020200954
2022-07-08,2022,Ridge,21813.787124,21651.419142,21699.634880167352
2022-07-09,2022,Ridge,21585.132192,21813.787124,21862.91205127375
2022-07-10,2022,Ridge,20831.273392,21585.132192,21630.023258796988
2022-07-11,2022,Ridge,19971.32947,20831.273392,20879.79452083016
2022-07-12,2022,Ridge,19339.153473,19971.32947,20018.959656306608
2022-07-13,2022,Ridge,20155.527839,19339.153473,19379.689667663097
2022-07-14,2022,Ridge,20552.899029,20155.527839,20192.662993708225
2022-07-15,2022,Ridge,20831.722701,20552.899029,20599.015653745344
2022-07-16,2022,Ridge,21196.509143,20831.722701,20872.513740391427
2022-07-17,2022,Ridge,20827.888609,21196.509143,21244.317308297384
2022-07-18,2022,Ridge,22305.706643,20827.888609,20871.601358290634
2022-07-19,2022,Ridge,23371.20266,22305.706643,22353.103339057772
2022-07-20,2022,Ridge,23280.935668,23371.20266,23419.82964247558
2022-07-21,2022,Ridge,23152.409311,23280.935668,23333.723825024503
2022-07-22,2022,Ridge,22706.083555,23152.409311,23200.0931547557
2022-07-23,2022,Ridge,22484.459232,22706.083555,22758.082909424167
2022-07-24,2022,Ridge,22653.357026,22484.459232,22534.513770361864
2022-07-25,2022,Ridge,21510.125587,22653.357026,22702.982688957774
2022-07-26,2022,Ridge,21181.659197,21510.125587,21556.30762564313
2022-07-27,2022,Ridge,22898.415068,21181.659197,21220.593193208068
2022-07-28,2022,Ridge,23838.556884,22898.415068,22944.941045864485
2022-07-29,2022,Ridge,23950.74038,23838.556884,23892.628911794964
2022-07-30,2022,Ridge,23623.434961,23950.74038,24001.51778104401
2022-07-31,2022,Ridge,23356.172222,23623.434961,23675.30009119301
2022-08-01,2022,Ridge,23331.442697,23356.172222,23407.53964505625
2022-08-02,2022,Ridge,23031.426883,23331.442697,23383.42336980138
2022-08-03,2022,Ridge,22809.747442,23031.426883,23079.723279520273
2022-08-04,2022,Ridge,22628.332082,22809.747442,22857.008898037253
2022-08-05,2022,Ridge,23248.971502,22628.332082,22674.060889091554
2022-08-06,2022,Ridge,22996.275045,23248.971502,23300.927352165923
2022-08-07,2022,Ridge,23153.658471,22996.275045,23047.62660408232
2022-08-08,2022,Ridge,23803.650515,23153.658471,23202.50821886537
2022-08-09,2022,Ridge,23186.291746,23803.650515,23852.185185401064
2022-08-10,2022,Ridge,23923.058483,23186.291746,23231.824129350793
2022-08-11,2022,Ridge,23934.439056,23923.058483,23973.05736054092
2022-08-12,2022,Ridge,24396.308846,23934.439056,23988.983714722493
2022-08-13,2022,Ridge,24426.222575,24396.308846,24447.211942494672
2022-08-14,2022,Ridge,24314.202132,24426.222575,24479.9508601942
2022-08-15,2022,Ridge,24083.953975,24314.202132,24369.99980874103
2022-08-16,2022,Ridge,23868.819353,24083.953975,24132.421589459416
2022-08-17,2022,Ridge,23336.348931,23868.819353,23916.389345305874
2022-08-18,2022,Ridge,23221.170603,23336.348931,23388.63360456204
2022-08-19,2022,Ridge,20906.766314,23221.170603,23266.52220461106
2022-08-20,2022,Ridge,21146.654802,20906.766314,20955.400589186167
2022-08-21,2022,Ridge,21553.996172,21146.654802,21187.62637481879
2022-08-22,2022,Ridge,21301.084058,21553.996172,21602.40466572367
2022-08-23,2022,Ridge,21534.514352,21301.084058,21347.204842968906
2022-08-24,2022,Ridge,21424.972823,21534.514352,21577.037625663026
2022-08-25,2022,Ridge,21587.839584,21424.972823,21464.984384950305
2022-08-26,2022,Ridge,20246.165573,21587.839584,21638.708899169265
2022-08-27,2022,Ridge,20043.990949,20246.165573,20290.8297206712
2022-08-28,2022,Ridge,19673.541219,20043.990949,20085.920922625606
2022-08-29,2022,Ridge,20270.960384,19673.541219,19714.901419735543
2022-08-30,2022,Ridge,19825.463207,20270.960384,20311.710043785457
2022-08-31,2022,Ridge,20024.671606,19825.463207,19865.55299432554
2022-09-01,2022,Ridge,20105.462607,20024.671606,20064.933612835623
2022-09-02,2022,Ridge,19948.856747,20105.462607,20149.412219959097
2022-09-03,2022,Ridge,19803.83327,19948.856747,19991.547531479217
2022-09-04,2022,Ridge,19961.911891,19803.83327,19845.232635752916
2022-09-05,2022,Ridge,19797.796788,19961.911891,19999.799617106546
2022-09-06,2022,Ridge,18846.150537,19797.796788,19838.596926313297
2022-09-07,2022,Ridge,19292.907075,18846.150537,18886.492013252973
2022-09-08,2022,Ridge,19319.124851,19292.907075,19330.310363362325
2022-09-09,2022,Ridge,21363.313615,19319.124851,19366.10809542408
2022-09-10,2022,Ridge,21715.210798,21363.313615,21405.3898448852
2022-09-11,2022,Ridge,21732.770569,21715.210798,21761.458562358857
2022-09-12,2022,Ridge,22365.21456,21732.770569,21778.01822638951
2022-09-13,2022,Ridge,20165.042161,22365.21456,22416.65973596917
2022-09-14,2022,Ridge,20246.366042,20165.042161,20206.055545194802
2022-09-15,2022,Ridge,19696.869866,20246.366042,20288.780742220006
2022-09-16,2022,Ridge,19741.577617,19696.869866,19741.489414840285
2022-09-17,2022,Ridge,20120.702346,19741.577617,19783.90155644688
2022-09-18,2022,Ridge,19427.100263,20120.702346,20161.983409608238
2022-09-19,2022,Ridge,19557.976958,19427.100263,19468.60495105403
2022-09-20,2022,Ridge,18872.949867,19557.976958,19600.65106030823
2022-09-21,2022,Ridge,18506.760748,18872.949867,18910.493296462955
2022-09-22,2022,Ridge,19414.539645,18506.760748,18549.140329842965
2022-09-23,2022,Ridge,19326.86482,19414.539645,19452.480710874283
2022-09-24,2022,Ridge,18924.767787,19326.86482,19370.713221651058
2022-09-25,2022,Ridge,18793.156153,18924.767787,18965.166489424588
2022-09-26,2022,Ridge,19201.131721,18793.156153,18832.961329564696
2022-09-27,2022,Ridge,19106.738914,19201.131721,19240.61729287545
2022-09-28,2022,Ridge,19454.93721,19106.738914,19146.94093077664
2022-09-29,2022,Ridge,19540.866411,19454.93721,19497.94740515392
2022-09-30,2022,Ridge,19435.194692,19540.866411,19582.154339400604
2022-10-01,2022,Ridge,19311.861629,19435.194692,19477.447395533116
2022-10-02,2022,Ridge,19015.292805,19311.861629,19347.769072035375
2022-10-03,2022,Ridge,19633.432586,19015.292805,19054.98315170985
2022-10-04,2022,Ridge,20339.971281,19633.432586,19674.25418963465
2022-10-05,2022,Ridge,20155.099699,20339.971281,20379.622198655677
2022-10-06,2022,Ridge,19950.547796,20155.099699,20199.812760250978
2022-10-07,2022,Ridge,19539.143922,19950.547796,19997.699461490007
2022-10-08,2022,Ridge,19416.177229,19539.143922,19578.585149704315
2022-10-09,2022,Ridge,19428.367132,19416.177229,19460.283541927776
2022-10-10,2022,Ridge,19154.404235,19428.367132,19467.98575266238
2022-10-11,2022,Ridge,19039.282068,19154.404235,19190.692409432868
2022-10-12,2022,Ridge,19156.911565,19039.282068,19078.581563792024
2022-10-13,2022,Ridge,19387.833681,19156.911565,19199.18077692054
2022-10-14,2022,Ridge,19177.694103,19387.833681,19432.34247776313
2022-10-15,2022,Ridge,19069.874927,19177.694103,19220.400188821503
2022-10-16,2022,Ridge,19261.749788,19069.874927,19109.086239606226
2022-10-17,2022,Ridge,19557.021811,19261.749788,19305.263217788164
2022-10-18,2022,Ridge,19341.407554,19557.021811,19595.737275722397
2022-10-19,2022,Ridge,19132.154425,19341.407554,19377.740805185887
2022-10-20,2022,Ridge,19033.376024,19132.154425,19173.109548195236
2022-10-21,2022,Ridge,19174.876349,19033.376024,19079.092512901152
2022-10-22,2022,Ridge,19207.628508,19174.876349,19213.610710593417
2022-10-23,2022,Ridge,19565.412324,19207.628508,19250.29255146555
2022-10-24,2022,Ridge,19341.46021,19565.412324,19607.577939060742
2022-10-25,2022,Ridge,20094.961122,19341.46021,19379.91434996381
2022-10-26,2022,Ridge,20797.030826,20094.961122,20132.760385296457
2022-10-27,2022,Ridge,20280.175128,20797.030826,20841.757578217934
2022-10-28,2022,Ridge,20604.613854,20280.175128,20327.569751029387
2022-10-29,2022,Ridge,20803.899921,20604.613854,20648.602831085867
2022-10-30,2022,Ridge,20616.703377,20803.899921,20849.978155606907
2022-10-31,2022,Ridge,20490.858181,20616.703377,20661.451136787473
2022-11-01,2022,Ridge,20483.966531,20490.858181,20532.384098741757
2022-11-02,2022,Ridge,20148.284554,20483.966531,20523.556341253327
2022-11-03,2022,Ridge,20198.111186,20148.284554,20190.186170975994
2022-11-04,2022,Ridge,21157.244928,20198.111186,20242.051475819724
2022-11-05,2022,Ridge,21283.4716,21157.244928,21208.41238608665
2022-11-06,2022,Ridge,20946.803036,21283.4716,21327.229263087258
2022-11-07,2022,Ridge,20568.565118,20946.803036,20992.241367044793
2022-11-08,2022,Ridge,18520.971164,20568.565118,20612.413653184376
2022-11-09,2022,Ridge,15758.291282,18520.971164,18560.71104151894
2022-11-10,2022,Ridge,17541.560287,15758.291282,15792.531180004782
2022-11-11,2022,Ridge,16916.850631,17541.560287,17580.852716326997
2022-11-12,2022,Ridge,16771.242672,16916.850631,16953.67583106851
2022-11-13,2022,Ridge,16320.498338,16771.242672,16803.63071451901
2022-11-14,2022,Ridge,16629.478415,16320.498338,16353.07902949336
2022-11-15,2022,Ridge,16855.593786,16629.478415,16661.676178316196
2022-11-16,2022,Ridge,16659.606335,16855.593786,16890.402927005664
2022-11-17,2022,Ridge,16675.17902,16659.606335,16695.995813408947
2022-11-18,2022,Ridge,16661.522958,16675.17902,16708.78820165156
2022-11-19,2022,Ridge,16696.004058,16661.522958,16694.750560765617
2022-11-20,2022,Ridge,16246.844699,16696.004058,16733.734394423136
2022-11-21,2022,Ridge,15778.017405,16246.844699,16283.59141202459
2022-11-22,2022,Ridge,16172.889345,15778.017405,15807.827996263079
2022-11-23,2022,Ridge,16574.06173,16172.889345,16203.50697944775
2022-11-24,2022,Ridge,16583.524345,16574.06173,16608.541943498974
2022-11-25,2022,Ridge,16522.388777,16583.524345,16620.636821061096
2022-11-26,2022,Ridge,16448.641308,16522.388777,16553.018618016657
2022-11-27,2022,Ridge,16436.070769,16448.641308,16484.63622891572
2022-11-28,2022,Ridge,16212.581416,16436.070769,16468.175866037884
2022-11-29,2022,Ridge,16443.03682,16212.581416,16246.865019592424
2022-11-30,2022,Ridge,17176.898691,16443.03682,16475.562339658674
2022-12-01,2022,Ridge,16961.291804,17176.898691,17213.264019905586
2022-12-02,2022,Ridge,17075.109137,16961.291804,17001.640046791974
2022-12-03,2022,Ridge,16899.507383,17075.109137,17114.38280891011
2022-12-04,2022,Ridge,17121.714982,16899.507383,16935.535689457436
2022-12-05,2022,Ridge,16961.351787,17121.714982,17156.02484078503
2022-12-06,2022,Ridge,17070.515828,16961.351787,16995.742242759057
2022-12-07,2022,Ridge,16848.251824,17070.515828,17106.86941155542
2022-12-08,2022,Ridge,17231.456322,16848.251824,16888.01052263265
2022-12-09,2022,Ridge,17136.149001,17231.456322,17267.046328528515
2022-12-10,2022,Ridge,17124.21468,17136.149001,17174.1104546582
2022-12-11,2022,Ridge,17094.360659,17124.21468,17160.937690906678
2022-12-12,2022,Ridge,17195.524996,17094.360659,17131.42588967042
2022-12-13,2022,Ridge,17774.916632,17195.524996,17229.311071786866
2022-12-14,2022,Ridge,17809.724084,17774.916632,17811.31554579642
2022-12-15,2022,Ridge,17344.054457,17809.724084,17848.620749613234
2022-12-16,2022,Ridge,16606.110175,17344.054457,17384.075778377202
2022-12-17,2022,Ridge,16774.38537,16606.110175,16642.078173565445
2022-12-18,2022,Ridge,16776.115925,16774.38537,16808.74983160982
2022-12-19,2022,Ridge,16424.131386,16776.115925,16813.112292040736
2022-12-20,2022,Ridge,16901.816936,16424.131386,16458.87882670729
2022-12-21,2022,Ridge,16800.532971,16901.816936,16933.253121574606
2022-12-22,2022,Ridge,16814.222579,16800.532971,16834.037681731003
2022-12-23,2022,Ridge,16780.51698,16814.222579,16854.64916423293
2022-12-24,2022,Ridge,16837.61217,16780.51698,16816.324139091623
2022-12-25,2022,Ridge,16824.838974,16837.61217,16871.567306329434
2022-12-26,2022,Ridge,16879.938227,16824.838974,16862.031186644283
2022-12-27,2022,Ridge,16698.911271,16879.938227,16914.310746277635
2022-12-28,2022,Ridge,16536.2942,16698.911271,16732.8193784369
2022-12-29,2022,Ridge,16630.593155,16536.2942,16570.079253285083
2022-12-30,2022,Ridge,16593.688829,16630.593155,16668.819065661
2022-12-31,2022,Ridge,16524.217802,16593.688829,16629.41685445606
2023-01-01,2023,Ridge,16606.752043,16524.217802,16550.56944999987
2023-01-02,2023,Ridge,16688.719273,16606.752043,16629.512539164745
2023-01-03,2023,Ridge,16670.077384,16688.719273,16712.501272856978
2023-01-04,2023,Ridge,16848.366039,16670.077384,16693.016917825764
2023-01-05,2023,Ridge,16824.800183,16848.366039,16871.839234782383
2023-01-06,2023,Ridge,16957.862274,16824.800183,16852.476772519174
2023-01-07,2023,Ridge,16942.628589,16957.862274,16985.411584139063
2023-01-08,2023,Ridge,17059.239944,16942.628589,16967.118218790805
2023-01-09,2023,Ridge,17182.319852,17059.239944,17087.29276518908
2023-01-10,2023,Ridge,17433.914632,17182.319852,17205.96014609252
2023-01-11,2023,Ridge,17833.710766,17433.914632,17456.449566811116
2023-01-12,2023,Ridge,18869.704484,17833.710766,17861.604940303598
2023-01-13,2023,Ridge,19868.724745,18869.704484,18900.217676151617
2023-01-14,2023,Ridge,21010.92272,19868.724745,19897.39502763838
2023-01-15,2023,Ridge,20876.008556,21010.92272,21045.625016009515
2023-01-16,2023,Ridge,21180.411949,20876.008556,20909.010924391452
2023-01-17,2023,Ridge,21178.299396,21180.411949,21213.677867085364
2023-01-18,2023,Ridge,20709.668604,21178.299396,21206.974709336464
2023-01-19,2023,Ridge,21071.833415,20709.668604,20743.647290756817
2023-01-20,2023,Ridge,22660.716942,21071.833415,21101.797548083556
2023-01-21,2023,Ridge,22803.172762,22660.716942,22698.345864815274
2023-01-22,2023,Ridge,22716.277197,22803.172762,22838.078031333975
2023-01-23,2023,Ridge,22929.024894,22716.277197,22751.83437699958
2023-01-24,2023,Ridge,22611.126879,22929.024894,22966.84578082118
2023-01-25,2023,Ridge,23109.084519,22611.126879,22647.021585046627
2023-01-26,2023,Ridge,23008.689477,23109.084519,23141.929420262113
2023-01-27,2023,Ridge,23070.496458,23008.689477,23046.497768485962
2023-01-28,2023,Ridge,23008.809465,23070.496458,23103.29208158825
2023-01-29,2023,Ridge,23774.996368,23008.809465,23047.435677453268
2023-01-30,2023,Ridge,22799.427262,23774.996368,23812.728257412924
2023-01-31,2023,Ridge,23130.051913,22799.427262,22834.884803285866
2023-02-01,2023,Ridge,23727.202608,23130.051913,23164.585541616525
2023-02-02,2023,Ridge,23505.604843,23727.202608,23766.208452552037
2023-02-03,2023,Ridge,23445.813177,23505.604843,23540.87155065503
2023-02-04,2023,Ridge,23355.524386,23445.813177,23476.757658041934
2023-02-05,2023,Ridge,22957.225191,23355.524386,23391.55992609195
2023-02-06,2023,Ridge,22745.165037,22957.225191,22994.91921535097
2023-02-07,2023,Ridge,23266.269204,22745.165037,22777.89247735219
2023-02-08,2023,Ridge,22937.579945,23266.269204,23301.5530178275
2023-02-09,2023,Ridge,21818.198946,22937.579945,22972.91001666854
2023-02-10,2023,Ridge,21620.566784,21818.198946,21851.95954250289
2023-02-11,2023,Ridge,21864.862641,21620.566784,21652.53721638954
2023-02-12,2023,Ridge,21772.137325,21864.862641,21894.14886615916
2023-02-13,2023,Ridge,21798.715717,21772.137325,21805.922553411245
2023-02-14,2023,Ridge,22222.415044,21798.715717,21829.26095588151
2023-02-15,2023,Ridge,24304.612983,22222.415044,22252.149354882913
2023-02-16,2023,Ridge,23742.448835,24304.612983,24340.671546650363
2023-02-17,2023,Ridge,24607.335605,23742.448835,23782.50505637762
2023-02-18,2023,Ridge,24636.526613,24607.335605,24642.31813372612
2023-02-19,2023,Ridge,24366.990761,24636.526613,24673.97997941731
2023-02-20,2023,Ridge,24797.843036,24366.990761,24407.19412423824
2023-02-21,2023,Ridge,24400.38939,24797.843036,24832.215523400406
2023-02-22,2023,Ridge,24163.738981,24400.38939,24433.761059887314
2023-02-23,2023,Ridge,23910.03421,24163.738981,24200.254580345176
2023-02-24,2023,Ridge,23175.824204,23910.03421,23947.09602802231
2023-02-25,2023,Ridge,23159.81544,23175.824204,23210.80466945237
2023-02-26,2023,Ridge,23542.096428,23159.81544,23195.730269864896
2023-02-27,2023,Ridge,23504.189418,23542.096428,23577.400794535075
2023-02-28,2023,Ridge,23145.949128,23504.189418,23539.089140028897
2023-03-01,2023,Ridge,23610.65909,23145.949128,23175.454020388883
2023-03-02,2023,Ridge,23470.025482,23610.65909,23647.21406999866
2023-03-03,2023,Ridge,22350.096234,23470.025482,23506.90484952716
2023-03-04,2023,Ridge,22334.285264,22350.096234,22388.718971412476
2023-03-05,2023,Ridge,22419.817139,22334.285264,22365.625189942806
2023-03-06,2023,Ridge,22414.703306,22419.817139,22456.844789090526
2023-03-07,2023,Ridge,22174.648473,22414.703306,22446.255080989515
2023-03-08,2023,Ridge,21701.384623,22174.648473,22202.065787969335
2023-03-09,2023,Ridge,20349.814173,21701.384623,21733.6946769784
2023-03-10,2023,Ridge,20240.406695,20349.814173,20383.9194978107
2023-03-11,2023,Ridge,20585.234329,20240.406695,20269.937329885157
2023-03-12,2023,Ridge,22065.980036,20585.234329,20617.208438665268
2023-03-13,2023,Ridge,24154.429095,22065.980036,22095.75921766177
2023-03-14,2023,Ridge,24769.017569,24154.429095,24189.167161456022
2023-03-15,2023,Ridge,24409.801752,24769.017569,24799.78105252728
2023-03-16,2023,Ridge,25043.238847,24409.801752,24448.643128854867
2023-03-17,2023,Ridge,27450.628293,25043.238847,25083.433705352534
2023-03-18,2023,Ridge,26985.735992,27450.628293,27494.724354794198
2023-03-19,2023,Ridge,28185.204332,26985.735992,27025.871264927864
2023-03-20,2023,Ridge,27834.336109,28185.204332,28225.730180554103
2023-03-21,2023,Ridge,28172.795056,27834.336109,27876.070681393838
2023-03-22,2023,Ridge,27341.55713,28172.795056,28214.53840244171
2023-03-23,2023,Ridge,28387.88975,27341.55713,27386.51286086751
2023-03-24,2023,Ridge,27464.124945,28387.88975,28431.959689230498
2023-03-25,2023,Ridge,27488.95488,27464.124945,27506.94599980459
2023-03-26,2023,Ridge,28049.391691,27488.95488,27528.140543421563
2023-03-27,2023,Ridge,27154.99637,28049.391691,28093.32283650161
2023-03-28,2023,Ridge,27283.963403,27154.99637,27194.920289600825
2023-03-29,2023,Ridge,28389.291778,27283.963403,27322.948213010153
2023-03-30,2023,Ridge,28021.558301,28389.291778,28435.059259051945
2023-03-31,2023,Ridge,28514.681306,28021.558301,28071.208378646443
2023-04-01,2023,Ridge,28494.563886,28514.681306,28560.65382471968
2023-04-02,2023,Ridge,28161.998036,28494.563886,28538.432836108233
2023-04-03,2023,Ridge,27850.979944,28161.998036,28205.410859522548
2023-04-04,2023,Ridge,28113.958519,27850.979944,27888.758899864544
2023-04-05,2023,Ridge,28190.311606,28113.958519,28151.931902471697
2023-04-06,2023,Ridge,28049.074476,28190.311606,28236.64065644626
2023-04-07,2023,Ridge,27936.804261,28049.074476,28092.9718613857
2023-04-08,2023,Ridge,27964.05125,27936.804261,27980.71457903734
2023-04-09,2023,Ridge,28357.80727,27964.05125,28004.31931845913
2023-04-10,2023,Ridge,29687.565185,28357.80727,28399.732448787578
2023-04-11,2023,Ridge,30247.095919,29687.565185,29725.850219941345
2023-04-12,2023,Ridge,29913.003546,30247.095919,30293.74419050256
2023-04-13,2023,Ridge,30370.822072,29913.003546,29957.82352442741
2023-04-14,2023,Ridge,30458.970041,30370.822072,30420.69478857038
2023-04-15,2023,Ridge,30342.059108,30458.970041,30503.44516377558
2023-04-16,2023,Ridge,30312.930853,30342.059108,30390.225062813723
2023-04-17,2023,Ridge,29469.505073,30312.930853,30357.89814460052
2023-04-18,2023,Ridge,30366.872381,29469.505073,29512.71347903001
2023-04-19,2023,Ridge,28796.744095,30366.872381,30403.680336095545
2023-04-20,2023,Ridge,28251.276379,28796.744095,28844.46916076576
2023-04-21,2023,Ridge,27292.021105,28251.276379,28297.397207557155
2023-04-22,2023,Ridge,27827.547592,27292.021105,27334.320049213442
2023-04-23,2023,Ridge,27604.685574,27827.547592,27868.329847628684
2023-04-24,2023,Ridge,27520.199673,27604.685574,27647.81944707259
2023-04-25,2023,Ridge,28302.694218,27520.199673,27554.95175510418
2023-04-26,2023,Ridge,28384.234033,28302.694218,28341.309310711782
2023-04-27,2023,Ridge,29465.551427,28384.234033,28427.56914290241
2023-04-28,2023,Ridge,29350.811887,29465.551427,29514.345422236027
2023-04-29,2023,Ridge,29221.514508,29350.811887,29397.983984759197
2023-04-30,2023,Ridge,29362.086797,29221.514508,29267.267964839437
2023-05-01,2023,Ridge,28114.953187,29362.086797,29404.122888426104
2023-05-02,2023,Ridge,28690.580996,28114.953187,28151.737759671294
2023-05-03,2023,Ridge,29045.042774,28690.580996,28730.546958903236
2023-05-04,2023,Ridge,28855.857447,29045.042774,29087.996478790094
2023-05-05,2023,Ridge,29552.969524,28855.857447,28901.79960340938
2023-05-06,2023,Ridge,28899.46296,29552.969524,29593.538956219705
2023-05-07,2023,Ridge,28761.738434,28899.46296,28946.971398990405
2023-05-08,2023,Ridge,27727.285409,28761.738434,28806.574874332895
2023-05-09,2023,Ridge,27642.428109,27727.285409,27767.762586679768
2023-05-10,2023,Ridge,27646.004902,27642.428109,27677.528545184137
2023-05-11,2023,Ridge,26986.271066,27646.004902,27685.31364170809
2023-05-12,2023,Ridge,26773.344359,26986.271066,27030.566147107824
2023-05-13,2023,Ridge,26841.398291,26773.344359,26815.565917927546
2023-05-14,2023,Ridge,26918.261598,26841.398291,26881.413852576894
2023-05-15,2023,Ridge,27231.621605,26918.261598,26961.959911294427
2023-05-16,2023,Ridge,27025.718186,27231.621605,27267.247840027936
2023-05-17,2023,Ridge,27401.044061,27025.718186,27061.68487968153
2023-05-18,2023,Ridge,26843.235094,27401.044061,27440.5209003666
2023-05-19,2023,Ridge,26889.503632,26843.235094,26888.499316697624
2023-05-20,2023,Ridge,27100.858288,26889.503632,26928.213889677536
2023-05-21,2023,Ridge,26777.097783,27100.858288,27143.990311585243
2023-05-22,2023,Ridge,26858.737064,26777.097783,26817.48432558803
2023-05-23,2023,Ridge,27226.855876,26858.737064,26894.93834067699
2023-05-24,2023,Ridge,26341.430645,27226.855876,27263.08120882335
2023-05-25,2023,Ridge,26484.835923,26341.430645,26384.460395325994
2023-05-26,2023,Ridge,26720.383807,26484.835923,26523.96993288648
2023-05-27,2023,Ridge,26854.54037,26720.383807,26759.669918652417
2023-05-28,2023,Ridge,28097.521126,26854.54037,26893.250069620753
2023-05-29,2023,Ridge,27765.072869,28097.521126,28140.167815709166
2023-05-30,2023,Ridge,27712.491584,27765.072869,27805.309213747765
2023-05-31,2023,Ridge,27217.683258,27712.491584,27753.42311620579
2023-06-01,2023,Ridge,26825.371345,27217.683258,27258.48106545246
2023-06-02,2023,Ridge,27255.227994,26825.371345,26869.198510666625
2023-06-03,2023,Ridge,27079.408464,27255.227994,27293.683140236724
2023-06-04,2023,Ridge,27158.25457,27079.408464,27123.26803828747
2023-06-05,2023,Ridge,25785.851484,27158.25457,27199.73591892159
2023-06-06,2023,Ridge,27213.770519,25785.851484,25822.552201903723
2023-06-07,2023,Ridge,26339.579029,27213.770519,27247.157724222136
2023-06-08,2023,Ridge,26521.693601,26339.579029,26384.301681231787
2023-06-09,2023,Ridge,26470.677578,26521.693601,26564.672098728657
2023-06-10,2023,Ridge,25863.213851,26470.677578,26510.08525903489
2023-06-11,2023,Ridge,25906.828152,25863.213851,25900.03824891102
2023-06-12,2023,Ridge,25906.751935,25906.828152,25946.70114264075
2023-06-13,2023,Ridge,25880.859973,25906.751935,25943.301378298074
2023-06-14,2023,Ridge,25097.58538,25880.859973,25918.57693660997
2023-06-15,2023,Ridge,25559.143329,25097.58538,25132.440536491526
2023-06-16,2023,Ridge,26331.820094,25559.143329,25598.908445266206
2023-06-17,2023,Ridge,26514.17135,26331.820094,26376.153045359923
2023-06-18,2023,Ridge,26353.962683,26514.17135,26552.713896774756
2023-06-19,2023,Ridge,26778.063442,26353.962683,26389.640948193162
2023-06-20,2023,Ridge,28305.420457,26778.063442,26813.950992677186
2023-06-21,2023,Ridge,30099.515351,28305.420457,28345.442835887312
2023-06-22,2023,Ridge,29952.511287,30099.515351,30147.36863465564
2023-06-23,2023,Ridge,30638.353764,29952.511287,30005.347023229668
2023-06-24,2023,Ridge,30549.016287,30638.353764,30681.235128243872
2023-06-25,2023,Ridge,30467.440371,30549.016287,30597.104628763664
2023-06-26,2023,Ridge,30255.886124,30467.440371,30517.52183360117
2023-06-27,2023,Ridge,30667.076295,30255.886124,30295.98362581173
2023-06-28,2023,Ridge,30104.043272,30667.076295,30710.82336636187
2023-06-29,2023,Ridge,30460.792978,30104.043272,30147.00698623924
2023-06-30,2023,Ridge,30484.503258,30460.792978,30513.427979609696
2023-07-01,2023,Ridge,30581.688966,30484.503258,30532.960764744585
2023-07-02,2023,Ridge,30594.216474,30581.688966,30624.25665347943
2023-07-03,2023,Ridge,31135.357599,30594.216474,30646.89806719769
2023-07-04,2023,Ridge,30799.947456,31135.357599,31182.385272468688
2023-07-05,2023,Ridge,30497.822128,30799.947456,30842.62249913285
2023-07-06,2023,Ridge,29979.729809,30497.822128,30544.34293393546
2023-07-07,2023,Ridge,30329.882979,29979.729809,30030.231520021578
2023-07-08,2023,Ridge,30263.619634,30329.882979,30372.14276529067
2023-07-09,2023,Ridge,30163.221056,30263.619634,30314.539047329527
2023-07-10,2023,Ridge,30394.655581,30163.221056,30212.568791907208
2023-07-11,2023,Ridge,30616.247094,30394.655581,30435.08449887459
2023-07-12,2023,Ridge,30385.608785,30616.247094,30653.22553528022
2023-07-13,2023,Ridge,31434.73547,30385.608785,30438.14227730598
2023-07-14,2023,Ridge,30310.67202,31434.73547,31479.537662323466
2023-07-15,2023,Ridge,30290.890596,30310.67202,30357.79186565589
2023-07-16,2023,Ridge,30249.772966,30290.890596,30336.963962509926
2023-07-17,2023,Ridge,30143.746274,30249.772966,30299.811058606585
2023-07-18,2023,Ridge,29835.747408,30143.746274,30184.43044678653
2023-07-19,2023,Ridge,29913.029465,29835.747408,29874.040588723452
2023-07-20,2023,Ridge,29805.606571,29913.029465,29955.453765214315
2023-07-21,2023,Ridge,29919.693492,29805.606571,29858.80518164839
2023-07-22,2023,Ridge,29726.009627,29919.693492,29956.762398962703
2023-07-23,2023,Ridge,30066.572448,29726.009627,29775.528027200828
2023-07-24,2023,Ridge,29178.359704,30066.572448,30111.359529469064
2023-07-25,2023,Ridge,29221.254853,29178.359704,29222.21246171063
2023-07-26,2023,Ridge,29361.591758,29221.254853,29257.062229584168
2023-07-27,2023,Ridge,29201.686518,29361.591758,29410.541571319653
2023-07-28,2023,Ridge,29316.313075,29201.686518,29242.08476508463
2023-07-29,2023,Ridge,29360.376179,29316.313075,29361.44229746074
2023-07-30,2023,Ridge,29262.836734,29360.376179,29406.083179234403
2023-07-31,2023,Ridge,29219.820189,29262.836734,29310.672198383098
2023-08-01,2023,Ridge,29499.587539,29219.820189,29255.450648304202
2023-08-02,2023,Ridge,29143.151962,29499.587539,29542.37414529862
2023-08-03,2023,Ridge,29192.344862,29143.151962,29185.26050594648
2023-08-04,2023,Ridge,29057.253244,29192.344862,29241.89079578003
2023-08-05,2023,Ridge,29053.095698,29057.253244,29099.48040986798
2023-08-06,2023,Ridge,29048.043328,29053.095698,29098.11474522163
2023-08-07,2023,Ridge,29164.358587,29048.043328,29090.34589614562
2023-08-08,2023,Ridge,29779.511384,29164.358587,29206.207104167508
2023-08-09,2023,Ridge,29582.944238,29779.511384,29816.841631466148
2023-08-10,2023,Ridge,29430.159912,29582.944238,29630.06824665475
2023-08-11,2023,Ridge,29399.78474,29430.159912,29478.483804695858
2023-08-12,2023,Ridge,29415.733902,29399.78474,29446.975068498246
2023-08-13,2023,Ridge,29286.117611,29415.733902,29457.12262883911
2023-08-14,2023,Ridge,29408.971713,29286.117611,29331.740870756315
2023-08-15,2023,Ridge,29167.597217,29408.971713,29446.443254641807
2023-08-16,2023,Ridge,28754.292408,29167.597217,29208.150887985565
2023-08-17,2023,Ridge,26660.562726,28754.292408,28800.590422657046
2023-08-18,2023,Ridge,26037.365847,26660.562726,26707.757146106575
2023-08-19,2023,Ridge,26093.981808,26037.365847,26074.034052615443
2023-08-20,2023,Ridge,26176.472164,26093.981808,26136.18431853262
2023-08-21,2023,Ridge,26128.905016,26176.472164,26215.271935076216
2023-08-22,2023,Ridge,25978.209691,26128.905016,26162.245468342597
2023-08-23,2023,Ridge,26452.193588,25978.209691,26006.680189758637
2023-08-24,2023,Ridge,26126.794333,26452.193588,26493.51107835542
2023-08-25,2023,Ridge,26040.881255,26126.794333,26172.293314898678
2023-08-26,2023,Ridge,26006.17408,26040.881255,26082.03816672031
2023-08-27,2023,Ridge,26086.361259,26006.17408,26043.36022000283
2023-08-28,2023,Ridge,26103.276573,26086.361259,26124.552799607332
2023-08-29,2023,Ridge,27672.222131,26103.276573,26139.80108331867
2023-08-30,2023,Ridge,27298.99778,27672.222131,27707.06979879204
2023-08-31,2023,Ridge,25954.866594,27298.99778,27338.42294953015
2023-09-01,2023,Ridge,25802.78853,25954.866594,26003.522235368993
2023-09-02,2023,Ridge,25868.296098,25802.78853,25840.124502757404
2023-09-03,2023,Ridge,25962.547569,25868.296098,25905.66615422796
2023-09-04,2023,Ridge,25799.525687,25962.547569,26001.56279741108
2023-09-05,2023,Ridge,25782.36222,25799.525687,25833.71669544409
2023-09-06,2023,Ridge,25754.790268,25782.36222,25810.02186344053
2023-09-07,2023,Ridge,26210.604564,25754.790268,25797.61462533061
2023-09-08,2023,Ridge,25904.698213,26210.604564,26251.784818376756
2023-09-09,2023,Ridge,25894.620598,25904.698213,25947.969430418103
2023-09-10,2023,Ridge,25831.46478,25894.620598,25933.871910929553
2023-09-11,2023,Ridge,25135.039378,25831.46478,25874.197119561133
2023-09-12,2023,Ridge,25859.701807,25135.039378,25166.491250036313
2023-09-13,2023,Ridge,26226.866752,25859.701807,25895.056186753714
2023-09-14,2023,Ridge,26556.056943,26226.866752,26264.04435154297
2023-09-15,2023,Ridge,26672.616082,26556.056943,26604.592179365416
2023-09-16,2023,Ridge,26555.636103,26672.616082,26712.516142328383
2023-09-17,2023,Ridge,26502.432119,26555.636103,26595.298625599233
2023-09-18,2023,Ridge,26764.631906,26502.432119,26544.625858206717
2023-09-19,2023,Ridge,27215.050485,26764.631906,26802.08155465516
2023-09-20,2023,Ridge,27133.403724,27215.050485,27243.23697732475
2023-09-21,2023,Ridge,26571.595292,27133.403724,27178.44632251169
2023-09-22,2023,Ridge,26581.147612,26571.595292,26617.37011923639
2023-09-23,2023,Ridge,26575.776387,26581.147612,26624.7053330191
2023-09-24,2023,Ridge,26286.641049,26575.776387,26614.58788051136
2023-09-25,2023,Ridge,26288.809501,26286.641049,26328.44252674152
2023-09-26,2023,Ridge,26194.537888,26288.809501,26321.375571921413
2023-09-27,2023,Ridge,26336.082597,26194.537888,26228.756030863125
2023-09-28,2023,Ridge,27033.425442,26336.082597,26377.897777684466
2023-09-29,2023,Ridge,26911.251474,27033.425442,27079.00508748053
2023-09-30,2023,Ridge,26977.693313,26911.251474,26951.600994394485
2023-10-01,2023,Ridge,27950.145359,26977.693313,27023.52234208634
2023-10-02,2023,Ridge,27565.889295,27950.145359,27991.919598312037
2023-10-03,2023,Ridge,27439.142239,27565.889295,27601.85453436734
2023-10-04,2023,Ridge,27797.251177,27439.142239,27475.05098447485
2023-10-05,2023,Ridge,27426.345093,27797.251177,27842.872025606506
2023-10-06,2023,Ridge,27941.963376,27426.345093,27471.395647257934
2023-10-07,2023,Ridge,27972.75157,27941.963376,27982.681349189043
2023-10-08,2023,Ridge,27936.326116,27972.75157,28014.15167958604
2023-10-09,2023,Ridge,27591.346762,27936.326116,27982.926916411467
2023-10-10,2023,Ridge,27419.79718,27591.346762,27629.61364728186
2023-10-11,2023,Ridge,26828.172571,27419.79718,27454.46139669472
2023-10-12,2023,Ridge,26741.340599,26828.172571,26871.526828534865
2023-10-13,2023,Ridge,26842.44677,26741.340599,26784.289151482935
2023-10-14,2023,Ridge,26861.989238,26842.44677,26883.42073691726
2023-10-15,2023,Ridge,27130.306709,26861.989238,26902.37647098639
2023-10-16,2023,Ridge,28506.793674,27130.306709,27170.679176547732
2023-10-17,2023,Ridge,28433.205152,28506.793674,28544.255180181743
2023-10-18,2023,Ridge,28328.07502,28433.205152,28475.056899708652
2023-10-19,2023,Ridge,28690.358041,28328.07502,28374.60673796824
2023-10-20,2023,Ridge,29704.985367,28690.358041,28737.420825665784
2023-10-21,2023,Ridge,29922.546404,29704.985367,29746.188976181435
2023-10-22,2023,Ridge,29984.15932,29922.546404,29967.470595850285
2023-10-23,2023,Ridge,32954.169048,29984.15932,30033.48768069431
2023-10-24,2023,Ridge,33880.956654,32954.169048,32996.987189394575
2023-10-25,2023,Ridge,34488.658921,33880.956654,33926.08823571267
2023-10-26,2023,Ridge,34181.492252,34488.658921,34549.19832318456
2023-10-27,2023,Ridge,33896.938528,34181.492252,34241.72065705354
2023-10-28,2023,Ridge,34091.589033,33896.938528,33946.78600139406
2023-10-29,2023,Ridge,34574.337721,34091.589033,34142.741636687984
2023-10-30,2023,Ridge,34495.105021,34574.337721,34623.51013697532
2023-10-31,2023,Ridge,34636.426474,34495.105021,34548.09814907079
2023-11-01,2023,Ridge,35431.979453,34636.426474,34683.16540265992
2023-11-02,2023,Ridge,34882.917337,35431.979453,35490.31372753191
2023-11-03,2023,Ridge,34708.22188,34882.917337,34946.0683272008
2023-11-04,2023,Ridge,35091.076306,34708.22188,34762.71663524687
2023-11-05,2023,Ridge,35105.042027,35091.076306,35148.755299718294
2023-11-06,2023,Ridge,35017.715148,35105.042027,35155.0723849687
2023-11-07,2023,Ridge,35418.47689,35017.715148,35062.35109150498
2023-11-08,2023,Ridge,35797.894609,35418.47689,35469.20051724431
2023-11-09,2023,Ridge,36675.326433,35797.894609,35857.7592545989
2023-11-10,2023,Ridge,37367.494372,36675.326433,36739.21285428773
2023-11-11,2023,Ridge,36979.931241,37367.494372,37422.57151337337
2023-11-12,2023,Ridge,37053.341051,36979.931241,37043.4439449044
2023-11-13,2023,Ridge,36543.268087,37053.341051,37107.50070324729
2023-11-14,2023,Ridge,35590.683565,36543.268087,36595.08461778879
2023-11-15,2023,Ridge,37840.553489,35590.683565,35633.92868863636
2023-11-16,2023,Ridge,36160.404451,37840.553489,37898.690198190736
2023-11-17,2023,Ridge,36569.712053,36160.404451,36221.3316029495
2023-11-18,2023,Ridge,36577.424962,36569.712053,36626.87484873417
2023-11-19,2023,Ridge,37442.728512,36577.424962,36632.05845938552
2023-11-20,2023,Ridge,37516.050371,37442.728512,37502.481328152644
2023-11-21,2023,Ridge,36035.033086,37516.050371,37567.290711855225
2023-11-22,2023,Ridge,37403.034717,36035.033086,36084.40584005913
2023-11-23,2023,Ridge,37311.719216,37403.034717,37455.20850323548
2023-11-24,2023,Ridge,37718.784163,37311.719216,37372.92475228799
2023-11-25,2023,Ridge,37800.126093,37718.784163,37778.97607553803
2023-11-26,2023,Ridge,37482.705526,37800.126093,37855.11983759193
2023-11-27,2023,Ridge,37229.24522,37482.705526,37541.32444728626
2023-11-28,2023,Ridge,37828.465591,37229.24522,37285.10874692483
2023-11-29,2023,Ridge,37846.853123,37828.465591,37878.799115618756
2023-11-30,2023,Ridge,37712.711479,37846.853123,37903.134408369355
2023-12-01,2023,Ridge,38703.553682,37712.711479,37769.47466366802
2023-12-02,2023,Ridge,39462.279927,38703.553682,38764.69569663938
2023-12-03,2023,Ridge,39978.22261,39462.279927,39519.67746290489
2023-12-04,2023,Ridge,41910.299482,39978.22261,40044.44168723071
2023-12-05,2023,Ridge,44067.005476,41910.299482,41971.835219861
2023-12-06,2023,Ridge,43745.834391,44067.005476,44120.71832776363
2023-12-07,2023,Ridge,43282.618226,43745.834391,43820.02256495192
2023-12-08,2023,Ridge,44205.052209,43282.618226,43350.74352358461
2023-12-09,2023,Ridge,43740.006393,44205.052209,44279.69147771294
2023-12-10,2023,Ridge,43732.71209,43740.006393,43802.994055217205
2023-12-11,2023,Ridge,41209.89479,43732.71209,43800.2431294654
2023-12-12,2023,Ridge,41467.27357,41209.89479,41273.82214922885
2023-12-13,2023,Ridge,42939.060758,41467.27357,41517.06089246285
2023-12-14,2023,Ridge,43033.137156,42939.060758,43010.16682321272
2023-12-15,2023,Ridge,41978.09702,43033.137156,43108.559140648504
2023-12-16,2023,Ridge,42203.214045,41978.09702,42041.06505820065
2023-12-17,2023,Ridge,41428.665786,42203.214045,42262.265121370736
2023-12-18,2023,Ridge,42635.733191,41428.665786,41494.921831511034
2023-12-19,2023,Ridge,42271.863026,42635.733191,42696.85936484265
2023-12-20,2023,Ridge,43605.155555,42271.863026,42333.23631854688
2023-12-21,2023,Ridge,43870.238234,43605.155555,43669.18176920975
2023-12-22,2023,Ridge,44009.501655,43870.238234,43944.056974390565
2023-12-23,2023,Ridge,43768.806752,44009.501655,44075.76225082937
2023-12-24,2023,Ridge,43097.809326,43768.806752,43840.256953179756
2023-12-25,2023,Ridge,43623.750403,43097.809326,43158.83267144618
2023-12-26,2023,Ridge,42491.122908,43623.750403,43682.61394505248
2023-12-27,2023,Ridge,43436.959427,42491.122908,42550.33454483379
2023-12-28,2023,Ridge,42670.679718,43436.959427,43498.82712280336
2023-12-29,2023,Ridge,41998.603344,42670.679718,42743.54552326259
2023-12-30,2023,Ridge,42204.491774,41998.603344,42061.639077427215
2023-12-31,2023,Ridge,42217.158791,42204.491774,42268.29819213184
2024-01-01,2024,Ridge,44049.473553,42217.158791,42287.2338997011
2024-01-02,2024,Ridge,44941.160494,44049.473553,44116.90881612765
2024-01-03,2024,Ridge,42773.651542,44941.160494,45006.985226824676
2024-01-04,2024,Ridge,44250.745267,42773.651542,42842.91334849429
2024-01-05,2024,Ridge,44146.322202,44250.745267,44325.539474949495
2024-01-06,2024,Ridge,43917.979815,44146.322202,44224.04624314855
2024-01-07,2024,Ridge,43844.19595,43917.979815,43991.82673616501
2024-01-08,2024,Ridge,46981.3243,43844.19595,43910.59611162908
2024-01-09,2024,Ridge,46084.005795,46981.3243,47055.86389013885
2024-01-10,2024,Ridge,46818.159276,46084.005795,46158.435730411766
2024-01-11,2024,Ridge,46380.870808,46818.159276,46891.9548546337
2024-01-12,2024,Ridge,42817.430536,46380.870808,46459.9141046511
2024-01-13,2024,Ridge,42846.95447,42817.430536,42891.647383434705
2024-01-14,2024,Ridge,41888.151307,42846.95447,42919.5423208826
2024-01-15,2024,Ridge,42528.919249,41888.151307,41956.18841442371
2024-01-16,2024,Ridge,43171.447224,42528.919249,42592.634378232455
2024-01-17,2024,Ridge,42689.304327,43171.447224,43229.875732285094
2024-01-18,2024,Ridge,41261.907618,42689.304327,42756.69236094721
2024-01-19,2024,Ridge,41606.853533,41261.907618,41334.647420763315
2024-01-20,2024,Ridge,41668.69041,41606.853533,41675.985697185235
2024-01-21,2024,Ridge,41537.112356,41668.69041,41742.52634233565
2024-01-22,2024,Ridge,39577.09986,41537.112356,41597.479940845806
2024-01-23,2024,Ridge,39737.314362,39577.09986,39644.22062794612
2024-01-24,2024,Ridge,40101.856898,39737.314362,39788.71788043733
2024-01-25,2024,Ridge,39917.661146,40101.856898,40166.354776657965
2024-01-26,2024,Ridge,41860.731046,39917.661146,39989.507433405415
2024-01-27,2024,Ridge,42125.301416,41860.731046,41926.592780035484
2024-01-28,2024,Ridge,41983.020274,42125.301416,42190.62520993765
2024-01-29,2024,Ridge,43218.347082,41983.020274,42051.915229659106
2024-01-30,2024,Ridge,42950.054128,43218.347082,43284.973688504324
2024-01-31,2024,Ridge,42589.470806,42950.054128,43011.60509227381
2024-02-01,2024,Ridge,43020.359655,42589.470806,42656.922413308894
2024-02-02,2024,Ridge,43155.385203,43020.359655,43095.47020144556
2024-02-03,2024,Ridge,42982.378998,43155.385203,43226.38732072119
2024-02-04,2024,Ridge,42576.291305,42982.378998,43062.074610596086
2024-02-05,2024,Ridge,42619.274274,42576.291305,42639.404943092275
2024-02-06,2024,Ridge,43102.706263,42619.274274,42684.369272048636
2024-02-07,2024,Ridge,44253.031473,43102.706263,43168.74266512851
2024-02-08,2024,Ridge,45332.091572,44253.031473,44320.87872604422
2024-02-09,2024,Ridge,47176.966514,45332.091572,45405.59764433838
2024-02-10,2024,Ridge,47792.897216,47176.966514,47262.44572591684
2024-02-11,2024,Ridge,48200.798606,47792.897216,47870.57322715456
2024-02-12,2024,Ridge,49989.803717,48200.798606,48291.53071149924
2024-02-13,2024,Ridge,49628.094153,49989.803717,50067.313855847875
2024-02-14,2024,Ridge,51844.292919,49628.094153,49702.728786143474
2024-02-15,2024,Ridge,51939.147292,51844.292919,51929.68221754937
2024-02-16,2024,Ridge,52157.312398,51939.147292,52036.70085417252
2024-02-17,2024,Ridge,51674.815852,52157.312398,52237.28808680511
2024-02-18,2024,Ridge,52148.064537,51674.815852,51763.81729761075
2024-02-19,2024,Ridge,51804.805154,52148.064537,52227.61730832835
2024-02-20,2024,Ridge,52308.053171,51804.805154,51898.56005857222
2024-02-21,2024,Ridge,51744.321808,52308.053171,52388.7061427493
2024-02-22,2024,Ridge,51292.325257,51744.321808,51829.88488124035
2024-02-23,2024,Ridge,50789.143176,51292.325257,51376.11966532271
2024-02-24,2024,Ridge,51578.234916,50789.143176,50878.52770881484
2024-02-25,2024,Ridge,51746.478967,51578.234916,51662.9082232343
2024-02-26,2024,Ridge,54551.825918,51746.478967,51829.027487844505
2024-02-27,2024,Ridge,57049.88822,54551.825918,54642.54312459288
2024-02-28,2024,Ridge,62460.74062,57049.88822,57138.05131602601
2024-02-29,2024,Ridge,61394.781852,62460.74062,62563.23625881012
2024-03-01,2024,Ridge,62524.401817,61394.781852,61507.99352237079
2024-03-02,2024,Ridge,62049.614564,62524.401817,62625.80287270606
2024-03-03,2024,Ridge,62991.442291,62049.614564,62161.3578388139
2024-03-04,2024,Ridge,68091.838824,62991.442291,63096.99359530588
2024-03-05,2024,Ridge,63950.52433,68091.838824,68200.81222598732
2024-03-06,2024,Ridge,66103.72154,63950.52433,64050.37306243291
2024-03-07,2024,Ridge,67070.379148,66103.72154,66205.90307453125
2024-03-08,2024,Ridge,68343.714955,67070.379148,67186.73139192715
2024-03-09,2024,Ridge,68502.505339,68343.714955,68470.7846636633
2024-03-10,2024,Ridge,68882.25134,68502.505339,68617.27369473534
2024-03-11,2024,Ridge,72198.087534,68882.25134,68991.79390720854
2024-03-12,2024,Ridge,71432.728302,72198.087534,72316.03323212471
2024-03-13,2024,Ridge,73081.575905,71432.728302,71543.21047782982
2024-03-14,2024,Ridge,71505.272908,73081.575905,73200.56791068164
2024-03-15,2024,Ridge,69424.914175,71505.272908,71641.21713123651
2024-03-16,2024,Ridge,65433.681901,69424.914175,69549.1213052446
2024-03-17,2024,Ridge,68285.089169,65433.681901,65558.09391187227
2024-03-18,2024,Ridge,67770.886525,68285.089169,68390.36174176226
2024-03-19,2024,Ridge,61969.307539,67770.886525,67878.13587320647
2024-03-20,2024,Ridge,67848.10764,61969.307539,62049.762710523384
2024-03-21,2024,Ridge,65454.735723,67848.10764,67950.34158814185
2024-03-22,2024,Ridge,63486.485,65454.735723,65563.93858620508
2024-03-23,2024,Ridge,64361.242905,63486.485,63616.823717554435
2024-03-24,2024,Ridge,67289.565831,64361.242905,64461.36587691903
2024-03-25,2024,Ridge,70042.020424,67289.565831,67377.27624680275
2024-03-26,2024,Ridge,70071.047214,70042.020424,70165.50763813913
2024-03-27,2024,Ridge,69267.887982,70071.047214,70172.82482648213
2024-03-28,2024,Ridge,70826.896871,69267.887982,69378.23053518974
2024-03-29,2024,Ridge,69917.043007,70826.896871,70945.46743263745
2024-03-30,2024,Ridge,69663.011907,69917.043007,70046.34067909741
2024-03-31,2024,Ridge,71227.451794,69663.011907,69774.53033408147
2024-04-01,2024,Ridge,69791.627731,71227.451794,71326.59407867346
2024-04-02,2024,Ridge,65533.754835,69791.627731,69892.15459350233
2024-04-03,2024,Ridge,66130.216239,65533.754835,65645.65769198614
2024-04-04,2024,Ridge,68438.135025,66130.216239,66237.76812510777
2024-04-05,2024,Ridge,67904.909477,68438.135025,68543.46776450855
2024-04-06,2024,Ridge,69136.071078,67904.909477,68027.18279200656
2024-04-07,2024,Ridge,69392.683011,69136.071078,69238.22034378917
2024-04-08,2024,Ridge,71712.797284,69392.683011,69496.21257133636
2024-04-09,2024,Ridge,69074.541864,71712.797284,71844.01245729227
2024-04-10,2024,Ridge,70579.445677,69074.541864,69180.07885312947
2024-04-11,2024,Ridge,70046.553606,70579.445677,70688.43879227061
2024-04-12,2024,Ridge,67098.113692,70046.553606,70169.33520754524
2024-04-13,2024,Ridge,64551.648288,67098.113692,67221.46968224672
2024-04-14,2024,Ridge,65648.80996,64551.648288,64665.34519538976
2024-04-15,2024,Ridge,63393.325166,65648.80996,65738.44122072306
2024-04-16,2024,Ridge,63784.820334,63393.325166,63495.29399593451
2024-04-17,2024,Ridge,61324.218429,63784.820334,63888.67908815535
2024-04-18,2024,Ridge,63510.145003,61324.218429,61406.706507433926
2024-04-19,2024,Ridge,63762.63103,63510.145003,63609.29613114954
2024-04-20,2024,Ridge,64907.992837,63762.63103,63881.502751864275
2024-04-21,2024,Ridge,64968.19262,64907.992837,65008.07566284878
2024-04-22,2024,Ridge,66944.596091,64968.19262,65062.32015082596
2024-04-23,2024,Ridge,66385.300292,66944.596091,67049.58892054981
2024-04-24,2024,Ridge,64189.967906,66385.300292,66495.25333876154
2024-04-25,2024,Ridge,64515.387473,64189.967906,64298.04645883232
2024-04-26,2024,Ridge,63777.4715,64515.387473,64624.26353180812
2024-04-27,2024,Ridge,63429.309965,63777.4715,63872.42444348609
2024-04-28,2024,Ridge,62978.577005,63429.309965,63532.71059393619
2024-04-29,2024,Ridge,63908.388877,62978.577005,63068.17471213866
2024-04-30,2024,Ridge,60636.326163,63908.388877,64007.14453767489
2024-05-01,2024,Ridge,58141.77728,60636.326163,60740.42460382013
2024-05-02,2024,Ridge,59170.108894,58141.77728,58236.686328528485
2024-05-03,2024,Ridge,62983.655478,59170.108894,59260.66211550168
2024-05-04,2024,Ridge,63881.130543,62983.655478,63086.04072596752
2024-05-05,2024,Ridge,64067.595992,63881.130543,63981.63434166759
2024-05-06,2024,Ridge,63228.103134,64067.595992,64163.65877127976
2024-05-07,2024,Ridge,62396.99972,63228.103134,63333.80538346897
2024-05-08,2024,Ridge,61079.274428,62396.99972,62509.76809746512
2024-05-09,2024,Ridge,62998.490338,61079.274428,61173.03842594692
2024-05-10,2024,Ridge,60896.641888,62998.490338,63101.813697464495
2024-05-11,2024,Ridge,60843.572924,60896.641888,60987.63554641542
2024-05-12,2024,Ridge,61431.274688,60843.572924,60945.30841286788
2024-05-13,2024,Ridge,62886.939449,61431.274688,61530.00857530679
2024-05-14,2024,Ridge,61555.567005,62886.939449,62988.24494099154
2024-05-15,2024,Ridge,66281.532254,61555.567005,61649.10033421491
2024-05-16,2024,Ridge,65269.260325,66281.532254,66382.36441477669
2024-05-17,2024,Ridge,66956.440948,65269.260325,65381.23275074083
2024-05-18,2024,Ridge,66977.600691,66956.440948,67063.48672976928
2024-05-19,2024,Ridge,66259.470426,66977.600691,67094.67087153705
2024-05-20,2024,Ridge,71202.20259,66259.470426,66363.09132197103
2024-05-21,2024,Ridge,70217.254691,71202.20259,71314.1914388331
2024-05-22,2024,Ridge,69074.914135,70217.254691,70333.72895619652
2024-05-23,2024,Ridge,67758.730659,69074.914135,69190.13975500119
2024-05-24,2024,Ridge,68608.99828,67758.730659,67875.27715764815
2024-05-25,2024,Ridge,69282.792598,68608.99828,68719.53133230898
2024-05-26,2024,Ridge,68445.006953,69282.792598,69398.98285946267
2024-05-27,2024,Ridge,69347.81526,68445.006953,68550.17233544233
2024-05-28,2024,Ridge,68342.820449,69347.81526,69454.23747202932
2024-05-29,2024,Ridge,67584.26324,68342.820449,68450.50353294594
2024-05-30,2024,Ridge,68375.476026,67584.26324,67705.63740315757
2024-05-31,2024,Ridge,67377.762612,68375.476026,68496.04393513652
2024-06-01,2024,Ridge,67714.35264,67377.762612,67485.88952931894
2024-06-02,2024,Ridge,67805.485574,67714.35264,67824.8145696084
2024-06-03,2024,Ridge,68833.302835,67805.485574,67913.03191827906
2024-06-04,2024,Ridge,70554.089433,68833.302835,68947.94102318193
2024-06-05,2024,Ridge,71087.443316,70554.089433,70652.96457130557
2024-06-06,2024,Ridge,70788.501376,71087.443316,71204.1881633842
2024-06-07,2024,Ridge,69338.157324,70788.501376,70909.00602944152
2024-06-08,2024,Ridge,69310.109262,69338.157324,69459.79544077833
2024-06-09,2024,Ridge,69644.019089,69310.109262,69425.45839308869
2024-06-10,2024,Ridge,69465.936248,69644.019089,69753.45037578426
2024-06-11,2024,Ridge,67368.263506,69465.936248,69573.44069194436
2024-06-12,2024,Ridge,68213.834684,67368.263506,67469.3294482727
2024-06-13,2024,Ridge,66783.490277,68213.834684,68311.64949572142
2024-06-14,2024,Ridge,65982.18652,66783.490277,66910.58900253056
2024-06-15,2024,Ridge,66204.904308,65982.18652,66095.6639860756
2024-06-16,2024,Ridge,66622.599934,66204.904308,66308.50058461407
2024-06-17,2024,Ridge,66483.878526,66622.599934,66719.29318810266
2024-06-18,2024,Ridge,65112.123002,66483.878526,66592.66565879642
2024-06-19,2024,Ridge,64878.714153,65112.123002,65208.65828469136
2024-06-20,2024,Ridge,64897.701154,64878.714153,64981.34115470302
2024-06-21,2024,Ridge,64086.048923,64897.701154,65012.65640699611
2024-06-22,2024,Ridge,64258.135506,64086.048923,64192.92540508973
2024-06-23,2024,Ridge,63345.021876,64258.135506,64357.31676721441
2024-06-24,2024,Ridge,60258.955437,63345.021876,63447.74431375198
2024-06-25,2024,Ridge,61739.665848,60258.955437,60357.35559947815
2024-06-26,2024,Ridge,60794.476058,61739.665848,61817.44241664642
2024-06-27,2024,Ridge,61569.923428,60794.476058,60894.868729889284
2024-06-28,2024,Ridge,60303.314736,61569.923428,61675.28518014292
2024-06-29,2024,Ridge,60889.329843,60303.314736,60400.63218951258
2024-06-30,2024,Ridge,62763.279686,60889.329843,60981.226958010906
2024-07-01,2024,Ridge,62835.399765,62763.279686,62868.5362127746
2024-07-02,2024,Ridge,62028.617039,62835.399765,62937.02221576626
2024-07-03,2024,Ridge,60216.392086,62028.617039,62117.07951505363
2024-07-04,2024,Ridge,57418.242021,60216.392086,60305.7424224268
2024-07-05,2024,Ridge,56720.988126,57418.242021,57522.37363388177
2024-07-06,2024,Ridge,58259.221773,56720.988126,56821.68611254681
2024-07-07,2024,Ridge,56112.572559,58259.221773,58353.62435315925
2024-07-08,2024,Ridge,56691.914906,56112.572559,56193.64546209476
2024-07-09,2024,Ridge,57981.432097,56691.914906,56776.75771981129
2024-07-10,2024,Ridge,57722.011353,57981.432097,58063.473681318515
2024-07-11,2024,Ridge,57307.712738,57722.011353,57813.77180285118
2024-07-12,2024,Ridge,57859.120282,57307.712738,57416.172632684145
2024-07-13,2024,Ridge,59329.037202,57859.120282,57945.15146066485
2024-07-14,2024,Ridge,61015.033941,59329.037202,59419.26102604185
2024-07-15,2024,Ridge,64734.76117,61015.033941,61118.931289572596
2024-07-16,2024,Ridge,65118.826658,64734.76117,64835.92819115535
2024-07-17,2024,Ridge,64201.370781,65118.826658,65223.1256991474
2024-07-18,2024,Ridge,63984.302202,64201.370781,64304.81318024167
2024-07-19,2024,Ridge,66755.783383,63984.302202,64101.61473224009
2024-07-20,2024,Ridge,67185.497811,66755.783383,66860.52298926344
2024-07-21,2024,Ridge,68056.620122,67185.497811,67291.48291173462
2024-07-22,2024,Ridge,67535.197674,68056.620122,68154.90403124511
2024-07-23,2024,Ridge,65916.408162,67535.197674,67655.55452836967
2024-07-24,2024,Ridge,65353.385778,65916.408162,66018.94447616748
2024-07-25,2024,Ridge,65722.061192,65353.385778,65467.08917597096
2024-07-26,2024,Ridge,67912.243309,65722.061192,65842.46979365121
2024-07-27,2024,Ridge,68077.373081,67912.243309,68011.26886162336
2024-07-28,2024,Ridge,68170.669131,68077.373081,68192.78477415357
2024-07-29,2024,Ridge,66867.167277,68170.669131,68280.40985303691
2024-07-30,2024,Ridge,66186.914686,66867.167277,66981.5137929132
2024-07-31,2024,Ridge,64690.634039,66186.914686,66287.16036905798
2024-08-01,2024,Ridge,65178.055489,64690.634039,64806.49925828508
2024-08-02,2024,Ridge,61506.769888,65178.055489,65290.0735458675
2024-08-03,2024,Ridge,60688.244427,61506.769888,61619.20743783661
2024-08-04,2024,Ridge,58306.264479,60688.244427,60776.27786655211
2024-08-05,2024,Ridge,54343.627677,58306.264479,58401.265598689075
2024-08-06,2024,Ridge,56047.471287,54343.627677,54431.71518615568
2024-08-07,2024,Ridge,55129.741038,56047.471287,56127.03751266154
2024-08-08,2024,Ridge,61908.789672,55129.741038,55217.32234742123
2024-08-09,2024,Ridge,60720.940759,61908.789672,62007.63259299509
2024-08-10,2024,Ridge,60871.555073,60720.940759,60814.21889982602
2024-08-11,2024,Ridge,58836.104372,60871.555073,60962.12961451077
2024-08-12,2024,Ridge,59394.162954,58836.104372,58940.65477882749
2024-08-13,2024,Ridge,60536.245785,59394.162954,59479.356131067776
2024-08-14,2024,Ridge,58840.64668,60536.245785,60640.89554402097
2024-08-15,2024,Ridge,57644.187688,58840.64668,58930.10676118097
2024-08-16,2024,Ridge,58927.276509,57644.187688,57743.30698905096
2024-08-17,2024,Ridge,59414.674335,58927.276509,59006.29675704068
2024-08-18,2024,Ridge,58793.206146,59414.674335,59514.11383401869
2024-08-19,2024,Ridge,59411.519017,58793.206146,58884.3716085891
2024-08-20,2024,Ridge,59123.300266,59411.519017,59498.80878980858
2024-08-21,2024,Ridge,61133.025649,59123.300266,59219.50567420599
2024-08-22,2024,Ridge,60394.473775,61133.025649,61219.1574144885
2024-08-23,2024,Ridge,64106.802915,60394.473775,60510.23599353988
2024-08-24,2024,Ridge,64023.226704,64106.802915,64199.745617716384
2024-08-25,2024,Ridge,64498.018341,64023.226704,64132.92682124955
2024-08-26,2024,Ridge,62983.442773,64498.018341,64612.74086100833
2024-08-27,2024,Ridge,59548.007622,62983.442773,63090.51689432628
2024-08-28,2024,Ridge,59100.774755,59548.007622,59647.71837007055
2024-08-29,2024,Ridge,59339.790995,59100.774755,59182.11653456713
2024-08-30,2024,Ridge,59142.939964,59339.790995,59443.010229595464
2024-08-31,2024,Ridge,58959.926273,59142.939964,59235.82426223031
2024-09-01,2024,Ridge,57349.080718,58959.926273,59050.46637332477
2024-09-02,2024,Ridge,59159.023888,57349.080718,57448.001949231075
2024-09-03,2024,Ridge,57637.775444,59159.023888,59259.019768694256
2024-09-04,2024,Ridge,58033.39897,57637.775444,57731.07057652595
2024-09-05,2024,Ridge,56112.95294,58033.39897,58128.84264411289
2024-09-06,2024,Ridge,53838.953462,56112.95294,56194.2125229
2024-09-07,2024,Ridge,54066.439925,53838.953462,53927.82876644099
2024-09-08,2024,Ridge,54859.258408,54066.439925,54159.08985196419
2024-09-09,2024,Ridge,57135.781437,54859.258408,54947.10550504722
2024-09-10,2024,Ridge,57664.499821,57135.781437,57225.184012332655
2024-09-11,2024,Ridge,57409.195066,57664.499821,57740.5718962612
2024-09-12,2024,Ridge,58124.641807,57409.195066,57505.287204899556
2024-09-13,2024,Ridge,60536.88145,58124.641807,58221.56198959368
2024-09-14,2024,Ridge,60007.170251,60536.88145,60636.191974628186
2024-09-15,2024,Ridge,59129.919754,60007.170251,60098.543198591775
2024-09-16,2024,Ridge,58227.464217,59129.919754,59224.635255234294
2024-09-17,2024,Ridge,60238.217726,58227.464217,58327.00195385217
2024-09-18,2024,Ridge,61306.233732,60238.217726,60326.647563145765
2024-09-19,2024,Ridge,62994.609653,61306.233732,61410.84889462316
2024-09-20,2024,Ridge,63153.951827,62994.609653,63097.488046725615
2024-09-21,2024,Ridge,63367.729608,63153.951827,63250.38225311845
2024-09-22,2024,Ridge,63571.952173,63367.729608,63479.350638902084
2024-09-23,2024,Ridge,63336.012635,63571.952173,63668.71755241097
2024-09-24,2024,Ridge,64342.789111,63336.012635,63446.20548717401
2024-09-25,2024,Ridge,63059.626917,64342.789111,64435.20901989735
2024-09-26,2024,Ridge,65057.786146,63059.626917,63165.28954798025
2024-09-27,2024,Ridge,65767.713254,65057.786146,65173.414985795505
2024-09-28,2024,Ridge,65770.527648,65767.713254,65874.24538221036
2024-09-29,2024,Ridge,65617.761069,65770.527648,65887.94930415193
2024-09-30,2024,Ridge,63260.042548,65617.761069,65729.23630561847
2024-10-01,2024,Ridge,60858.248709,63260.042548,63362.19148561261
2024-10-02,2024,Ridge,60686.099314,60858.248709,60948.21105553581
2024-10-03,2024,Ridge,60765.23675,60686.099314,60778.59701627845
2024-10-04,2024,Ridge,62052.51005,60765.23675,60876.03590012141
2024-10-05,2024,Ridge,62030.453898,62052.51005,62153.898730531706
2024-10-06,2024,Ridge,62789.881456,62030.453898,62128.543212031465
2024-10-07,2024,Ridge,62416.50883,62789.881456,62893.16206322066
2024-10-08,2024,Ridge,62126.327377,62416.50883,62520.42666164772
2024-10-09,2024,Ridge,60615.258192,62126.327377,62220.090802195184
2024-10-10,2024,Ridge,60221.117287,60615.258192,60707.491288881276
2024-10-11,2024,Ridge,62462.539963,60221.117287,60323.52929563577
2024-10-12,2024,Ridge,63202.880699,62462.539963,62556.81992379676
2024-10-13,2024,Ridge,62759.431113,63202.880699,63310.78938809255
2024-10-14,2024,Ridge,66089.758741,62759.431113,62866.29590547268
2024-10-15,2024,Ridge,66933.974834,66089.758741,66190.19972782413
2024-10-16,2024,Ridge,67662.953404,66933.974834,67035.95693487351
2024-10-17,2024,Ridge,67337.907548,67662.953404,67769.9385033145
2024-10-18,2024,Ridge,68390.537563,67337.907548,67452.43189763871
2024-10-19,2024,Ridge,68357.898296,68390.537563,68500.70820498839
2024-10-20,2024,Ridge,69012.353209,68357.898296,68466.0241439172
2024-10-21,2024,Ridge,67440.462506,69012.353209,69127.82569135308
2024-10-22,2024,Ridge,67425.755321,67440.462506,67556.82223564376
2024-10-23,2024,Ridge,66647.286664,67425.755321,67520.38624022463
2024-10-24,2024,Ridge,68130.994837,66647.286664,66759.88236826526
2024-10-25,2024,Ridge,66261.537686,68130.994837,68249.73134895483
2024-10-26,2024,Ridge,67023.339961,66261.537686,66374.57862783583
2024-10-27,2024,Ridge,68000.147501,67023.339961,67124.3640852798
2024-10-28,2024,Ridge,69862.520547,68000.147501,68111.03903969392
2024-10-29,2024,Ridge,72678.78662,69862.520547,69974.70410528294
2024-10-30,2024,Ridge,72450.284382,72678.78662,72795.89237902244
2024-10-31,2024,Ridge,70367.081958,72450.284382,72568.0444358209
2024-11-01,2024,Ridge,69483.58303,70367.081958,70500.07728062726
2024-11-02,2024,Ridge,69241.679487,69483.58303,69603.63137380873
2024-11-03,2024,Ridge,68742.754623,69241.679487,69351.93054681287
2024-11-04,2024,Ridge,67779.09698,68742.754623,68849.6343422551
2024-11-05,2024,Ridge,69538.024173,67779.09698,67887.08683591234
2024-11-06,2024,Ridge,75696.036619,69538.024173,69634.08393063174
2024-11-07,2024,Ridge,75972.295555,75696.036619,75816.3008300966
2024-11-08,2024,Ridge,76507.447401,75972.295555,76113.17088268917
2024-11-09,2024,Ridge,76799.252747,76507.447401,76631.18577474113
2024-11-10,2024,Ridge,80409.286567,76799.252747,76937.59761466975
2024-11-11,2024,Ridge,88859.998449,80409.286567,80535.6070414315
2024-11-12,2024,Ridge,88048.748888,88859.998449,88991.91173426431
2024-11-13,2024,Ridge,90369.381969,88048.748888,88205.14056189079
2024-11-14,2024,Ridge,87204.256983,90369.381969,90506.14596568467
2024-11-15,2024,Ridge,91139.084443,87204.256983,87370.15292363463
2024-11-16,2024,Ridge,90567.695757,91139.084443,91294.61890458908
2024-11-17,2024,Ridge,89732.970429,90567.695757,90733.61431729169
2024-11-18,2024,Ridge,90587.696553,89732.970429,89863.33710890253
2024-11-19,2024,Ridge,92254.13858,90587.696553,90735.58354543734
2024-11-20,2024,Ridge,94160.040686,92254.13858,92371.56933991241
2024-11-21,2024,Ridge,98545.56888,94160.040686,94333.11925488882
2024-11-22,2024,Ridge,98938.349545,98545.56888,98720.17302288215
2024-11-23,2024,Ridge,97707.048459,98938.349545,99124.48953675377
2024-11-24,2024,Ridge,97980.208282,97707.048459,97880.60852798112
2024-11-25,2024,Ridge,93343.029075,97980.208282,98149.67872648232
2024-11-26,2024,Ridge,91875.569959,93343.029075,93502.40738766138
2024-11-27,2024,Ridge,95989.080227,91875.569959,91998.07858217656
2024-11-28,2024,Ridge,95737.940282,95989.080227,96145.2058164025
2024-11-29,2024,Ridge,97398.94174,95737.940282,95901.68097165837
2024-11-30,2024,Ridge,96463.624898,97398.94174,97567.84930284182
2024-12-01,2024,Ridge,97469.604453,96463.624898,96630.4210512101
2024-12-02,2024,Ridge,95726.441726,97469.604453,97617.3407746278
2024-12-03,2024,Ridge,96010.877423,95726.441726,95899.03070589044
2024-12-04,2024,Ridge,98920.252826,96010.877423,96140.88294168831
2024-12-05,2024,Ridge,96949.664412,98920.252826,99072.81945308395
2024-12-06,2024,Ridge,99953.105658,96949.664412,97129.15019605203
2024-12-07,2024,Ridge,99977.700228,99953.105658,100121.17041720575
2024-12-08,2024,Ridge,100798.983564,99977.700228,100146.90944221112
2024-12-09,2024,Ridge,97390.19886,100798.983564,100965.35164906782
2024-12-10,2024,Ridge,96835.501739,97390.19886,97538.8886867407
2024-12-11,2024,Ridge,101310.2019,96835.501739,96973.95723112079
2024-12-12,2024,Ridge,100090.89048,101310.2019,101470.80789169882
2024-12-13,2024,Ridge,101289.823977,100090.89048,100261.3726082978
2024-12-14,2024,Ridge,101366.871668,101289.823977,101449.06141514269
2024-12-15,2024,Ridge,104551.367141,101366.871668,101521.63008122248
2024-12-16,2024,Ridge,105855.67223,104551.367141,104737.8879882954
2024-12-17,2024,Ridge,106115.910583,105855.67223,106043.17248576456
2024-12-18,2024,Ridge,100469.770657,106115.910583,106273.43060402307
2024-12-19,2024,Ridge,97697.04578,100469.770657,100626.92137828392
2024-12-20,2024,Ridge,97617.442205,97697.04578,97856.6818750964
2024-12-21,2024,Ridge,97093.019083,97617.442205,97793.87747124674
2024-12-22,2024,Ridge,95149.105825,97093.019083,97243.37793734767
2024-12-23,2024,Ridge,94800.756206,95149.105825,95306.02598871863
2024-12-24,2024,Ridge,98637.733054,94800.756206,94942.15733169278
2024-12-25,2024,Ridge,99235.367887,98637.733054,98784.338090204
2024-12-26,2024,Ridge,95628.30309,99235.367887,99390.5225840247
2024-12-27,2024,Ridge,94219.982146,95628.30309,95795.0306281961
2024-12-28,2024,Ridge,95123.58111,94219.982146,94367.08153492269
2024-12-29,2024,Ridge,93457.57832,95123.58111,95269.196389179
2024-12-30,2024,Ridge,92523.163085,93457.57832,93632.78443091545
2024-12-31,2024,Ridge,93389.732602,92523.163085,92672.96514831643
2025-01-01,2025,Ridge,94455.796572,93389.732602,93515.72947392029
2025-01-02,2025,Ridge,96851.393683,94455.796572,94604.73974077665
2025-01-03,2025,Ridge,98120.684676,96851.393683,97030.79936022256
2025-01-04,2025,Ridge,98230.047857,98120.684676,98271.82924541051
2025-01-05,2025,Ridge,98414.812096,98230.047857,98385.56495028865
2025-01-06,2025,Ridge,102179.560367,98414.812096,98581.54156242718
2025-01-07,2025,Ridge,96974.995786,102179.560367,102352.11529864973
2025-01-08,2025,Ridge,95039.280921,96974.995786,97140.82603228487
2025-01-09,2025,Ridge,92346.169159,95039.280921,95191.34253885136
2025-01-10,2025,Ridge,94759.119636,92346.169159,92515.41884176782
2025-01-11,2025,Ridge,94606.50801,94759.119636,94920.1312182414
2025-01-12,2025,Ridge,94353.775259,94606.50801,94758.98829686525
2025-01-13,2025,Ridge,94375.72991,94353.775259,94507.23344953546
2025-01-14,2025,Ridge,96569.475727,94375.72991,94522.75227194249
2025-01-15,2025,Ridge,100172.405985,96569.475727,96713.8879934142
2025-01-16,2025,Ridge,99977.729823,100172.405985,100348.36488123816
2025-01-17,2025,Ridge,104296.588034,99977.729823,100163.55517408079
2025-01-18,2025,Ridge,104398.156261,104296.588034,104463.17959951128
2025-01-19,2025,Ridge,100954.572282,104398.156261,104581.99604315338
2025-01-20,2025,Ridge,102588.998699,100954.572282,101162.86762793377
2025-01-21,2025,Ridge,105987.888705,102588.998699,102750.3118415657
2025-01-22,2025,Ridge,103791.128861,105987.888705,106138.58784855215
2025-01-23,2025,Ridge,104184.616744,103791.128861,103963.77650553227
2025-01-24,2025,Ridge,104716.124882,104184.616744,104356.90313921997
2025-01-25,2025,Ridge,104866.085349,104716.124882,104892.16907357596
2025-01-26,2025,Ridge,102833.369273,104866.085349,105046.5183559836
2025-01-27,2025,Ridge,101907.446297,102833.369273,103017.5025441122
2025-01-28,2025,Ridge,101138.144066,101907.446297,102085.41095081909
2025-01-29,2025,Ridge,103918.795459,101138.144066,101274.843543139
2025-01-30,2025,Ridge,104987.446411,103918.795459,104109.96775454888
2025-01-31,2025,Ridge,102263.043671,104987.446411,105171.52365418428
2025-02-01,2025,Ridge,100610.29044,102263.043671,102440.04370111942
2025-02-02,2025,Ridge,97424.7809,100610.29044,100768.93889541515
2025-02-03,2025,Ridge,101582.408702,97424.7809,97623.0230842005
2025-02-04,2025,Ridge,97848.149759,101582.408702,101722.5010718207
2025-02-05,2025,Ridge,96559.332756,97848.149759,98013.84290095246
2025-02-06,2025,Ridge,96541.300681,96559.332756,96699.16226414462
2025-02-07,2025,Ridge,96384.110984,96541.300681,96718.09940812421
2025-02-08,2025,Ridge,96603.318157,96384.110984,96540.5879488165
2025-02-09,2025,Ridge,96309.753241,96603.318157,96774.8385236124
2025-02-10,2025,Ridge,97375.225354,96309.753241,96468.46019093646
2025-02-11,2025,Ridge,95806.258039,97375.225354,97523.41452080445
2025-02-12,2025,Ridge,97756.497655,95806.258039,95956.93831988123
2025-02-13,2025,Ridge,96534.740633,97756.497655,97914.4603748764
2025-02-14,2025,Ridge,97414.358982,96534.740633,96709.10052364117
2025-02-15,2025,Ridge,97583.243177,97414.358982,97570.88129777572
2025-02-16,2025,Ridge,96182.266171,97583.243177,97748.4269545761
2025-02-17,2025,Ridge,95790.510999,96182.266171,96354.99250947057
2025-02-18,2025,Ridge,95444.031887,95790.510999,95935.2238693404
2025-02-19,2025,Ridge,96647.913298,95444.031887,95584.5200633788
2025-02-20,2025,Ridge,98392.219725,96647.913298,96799.50328056164
2025-02-21,2025,Ridge,96048.993725,98392.219725,98564.99557087533
2025-02-22,2025,Ridge,96605.709106,96048.993725,96217.93786086941
2025-02-23,2025,Ridge,96091.632977,96605.709106,96764.90613649607
2025-02-24,2025,Ridge,91869.654343,96091.632977,96259.40552748166
2025-02-25,2025,Ridge,88769.735627,91869.654343,92032.900715694
2025-02-26,2025,Ridge,83987.895642,88769.735627,88901.5442166383
2025-02-27,2025,Ridge,84625.419136,83987.895642,84122.46776842761
2025-02-28,2025,Ridge,84243.777911,84625.419136,84774.93851076707
2025-03-01,2025,Ridge,85844.368563,84243.777911,84382.30700960792
2025-03-02,2025,Ridge,94328.009444,85844.368563,85981.13741321475
2025-03-03,2025,Ridge,86315.930551,94328.009444,94482.63642781654
2025-03-04,2025,Ridge,87323.690651,86315.930551,86469.304131553
2025-03-05,2025,Ridge,90619.409098,87323.690651,87469.15034595317
2025-03-06,2025,Ridge,90222.069328,90619.409098,90748.60180443757
2025-03-07,2025,Ridge,86553.592194,90222.069328,90381.56890858099
2025-03-08,2025,Ridge,86171.278936,86553.592194,86699.04093843234
2025-03-09,2025,Ridge,80647.796411,86171.278936,86311.77485737234
2025-03-10,2025,Ridge,79005.960129,80647.796411,80793.87467334869
2025-03-11,2025,Ridge,82747.160192,79005.960129,79131.30335895267
2025-03-12,2025,Ridge,83630.15811,82747.160192,82875.18957614836
2025-03-13,2025,Ridge,81110.289049,83630.15811,83737.25634472065
2025-03-14,2025,Ridge,84105.833552,81110.289049,81260.88216965081
2025-03-15,2025,Ridge,84352.877302,84105.833552,84226.37232159638
2025-03-16,2025,Ridge,82492.102829,84352.877302,84495.7735740201
2025-03-17,2025,Ridge,84013.947518,82492.102829,82650.36146677691
2025-03-18,2025,Ridge,82680.806551,84013.947518,84146.09237017004
2025-03-19,2025,Ridge,86774.235072,82680.806551,82816.75682248898
2025-03-20,2025,Ridge,84124.971288,86774.235072,86897.74680153569
2025-03-21,2025,Ridge,84069.40818,84124.971288,84288.4968359229
2025-03-22,2025,Ridge,83821.220305,84069.40818,84206.2443738129
2025-03-23,2025,Ridge,85760.881451,83821.220305,83954.94311996271
2025-03-24,2025,Ridge,87322.571857,85760.881451,85895.08540646468
2025-03-25,2025,Ridge,87422.842608,87322.571857,87471.63990283493
2025-03-26,2025,Ridge,86836.676096,87422.842608,87551.18179635244
2025-03-27,2025,Ridge,87211.324017,86836.676096,86989.71712062936
2025-03-28,2025,Ridge,84309.078355,87211.324017,87372.3380634173
2025-03-29,2025,Ridge,82497.179247,84309.078355,84457.27751677932
2025-03-30,2025,Ridge,82216.466677,82497.179247,82642.7274594746
2025-03-31,2025,Ridge,82461.449628,82216.466677,82355.53375500206
2025-04-01,2025,Ridge,85226.713794,82461.449628,82607.2646876644
2025-04-02,2025,Ridge,82555.631296,85226.713794,85335.80218605563
2025-04-03,2025,Ridge,82931.697399,82555.631296,82689.89008422998
2025-04-04,2025,Ridge,83774.179738,82931.697399,83068.58899957473
2025-04-05,2025,Ridge,83302.171576,83774.179738,83930.96924958707
2025-04-06,2025,Ridge,77949.088493,83302.171576,83447.27798103863
2025-04-07,2025,Ridge,79421.804411,77949.088493,78096.73996141445
2025-04-08,2025,Ridge,76351.42953,79421.804411,79539.70121726677
2025-04-09,2025,Ridge,82720.603489,76351.42953,76472.50778977241
2025-04-10,2025,Ridge,79558.955825,82720.603489,82845.07623747364
2025-04-11,2025,Ridge,83359.899516,79558.955825,79704.17080350227
2025-04-12,2025,Ridge,85269.249512,83359.899516,83477.15809164061
2025-04-13,2025,Ridge,83568.954436,85269.249512,85427.76652676231
2025-04-14,2025,Ridge,84589.032414,83568.954436,83724.9058777556
2025-04-15,2025,Ridge,83671.343971,84589.032414,84712.61370778095
2025-04-16,2025,Ridge,84151.535756,83671.343971,83799.64756287844
2025-04-17,2025,Ridge,84940.583854,84151.535756,84275.18978498977
2025-04-18,2025,Ridge,84434.772746,84940.583854,85098.82493808655
2025-04-19,2025,Ridge,85124.721496,84434.772746,84581.12765151865
2025-04-20,2025,Ridge,85101.746155,85124.721496,85270.12015126915
2025-04-21,2025,Ridge,87360.719893,85101.746155,85240.18974463033
2025-04-22,2025,Ridge,93495.610689,87360.719893,87509.4069892452
2025-04-23,2025,Ridge,93695.740477,93495.610689,93628.1508780357
2025-04-24,2025,Ridge,93849.881779,93695.740477,93858.32230041212
2025-04-25,2025,Ridge,94771.412801,93849.881779,94009.95440333459
2025-04-26,2025,Ridge,94694.511101,94771.412801,94944.48977536046
2025-04-27,2025,Ridge,93812.876535,94694.511101,94875.02261799572
2025-04-28,2025,Ridge,95066.021187,93812.876535,93983.94730656716
2025-04-29,2025,Ridge,94102.840302,95066.021187,95218.53096127213
2025-04-30,2025,Ridge,94236.732514,94102.840302,94231.26420287129
2025-05-01,2025,Ridge,96411.742264,94236.732514,94397.94821472745
2025-05-02,2025,Ridge,96842.102106,96411.742264,96593.33167935787
2025-05-03,2025,Ridge,95943.611353,96842.102106,96995.893603252
2025-05-04,2025,Ridge,94377.78992,95943.611353,96121.09877611251
2025-05-05,2025,Ridge,94853.729859,94377.78992,94551.33628705445
2025-05-06,2025,Ridge,96677.924503,94853.729859,94999.20527619876
2025-05-07,2025,Ridge,97137.375709,96677.924503,96847.78525116063
2025-05-08,2025,Ridge,103069.539296,97137.375709,97291.13332226878
2025-05-09,2025,Ridge,102940.802949,103069.539296,103239.16923813573
2025-05-10,2025,Ridge,104582.821806,102940.802949,103137.84519932186
2025-05-11,2025,Ridge,103976.137799,104582.821806,104765.38860601073
2025-05-12,2025,Ridge,102920.074689,103976.137799,104167.74886893822
2025-05-13,2025,Ridge,104145.711825,102920.074689,103067.49258857922
2025-05-14,2025,Ridge,103572.719642,104145.711825,104320.06593541481
2025-05-15,2025,Ridge,103716.283947,103572.719642,103724.79972100134
2025-05-16,2025,Ridge,103566.269191,103716.283947,103899.31015501787
2025-05-17,2025,Ridge,103190.041365,103566.269191,103739.38395423029
2025-05-18,2025,Ridge,106015.689849,103190.041365,103378.52357505099
2025-05-19,2025,Ridge,105615.82896,106015.689849,106221.17521924266
2025-05-20,2025,Ridge,106893.330248,105615.82896,105792.42989794331
2025-05-21,2025,Ridge,109704.85562,106893.330248,107039.94993241287
2025-05-22,2025,Ridge,111477.014788,109704.85562,109890.16368378635
2025-05-23,2025,Ridge,107291.88897,111477.014788,111670.27782757464
2025-05-24,2025,Ridge,107917.328289,107291.88897,107476.0876805815
2025-05-25,2025,Ridge,108914.876558,107917.328289,108117.08776975296
2025-05-26,2025,Ridge,109371.985172,108914.876558,109106.37278195817
2025-05-27,2025,Ridge,109066.345637,109371.985172,109543.50424380181
2025-05-28,2025,Ridge,107895.402399,109066.345637,109264.33665274085
2025-05-29,2025,Ridge,105732.957892,107895.402399,108027.74632232834
2025-05-30,2025,Ridge,103981.302958,105732.957892,105931.74082353951
2025-05-31,2025,Ridge,104708.96415,103981.302958,104153.32265691769
2025-06-01,2025,Ridge,105750.159724,104708.96415,104899.07457170785
2025-06-02,2025,Ridge,105899.696927,105750.159724,105930.67707045368
2025-06-03,2025,Ridge,105483.985551,105899.696927,106073.19708593811
2025-06-04,2025,Ridge,104782.8449,105483.985551,105647.39287245175
2025-06-05,2025,Ridge,101669.190497,104782.8449,104958.2318570357
2025-06-06,2025,Ridge,104421.051549,101669.190497,101853.39037378406
2025-06-07,2025,Ridge,105685.250402,104421.051549,104584.42891864112
2025-06-08,2025,Ridge,105727.739632,105685.250402,105863.23982191982
2025-06-09,2025,Ridge,110198.158714,105727.739632,105905.60551019946
2025-06-10,2025,Ridge,110074.119082,110198.158714,110372.99460932941
2025-06-11,2025,Ridge,108645.785558,110074.119082,110248.81366810715
2025-06-12,2025,Ridge,105998.985831,108645.785558,108827.77744658072
2025-06-13,2025,Ridge,106024.822087,105998.985831,106187.05340616465
2025-06-14,2025,Ridge,105467.108742,106024.822087,106200.65315457765
2025-06-15,2025,Ridge,105512.797438,105467.108742,105645.4042914483
2025-06-16,2025,Ridge,107243.933346,105512.797438,105692.50790522234
2025-06-17,2025,Ridge,104628.396527,107243.933346,107424.10856305
2025-06-18,2025,Ridge,104813.367029,104628.396527,104788.62653049253
2025-06-19,2025,Ridge,104709.720767,104813.367029,104978.2282620464
2025-06-20,2025,Ridge,103274.95884,104709.720767,104897.4731351895
2025-06-21,2025,Ridge,101548.196382,103274.95884,103457.36509141559
2025-06-22,2025,Ridge,100899.234152,101548.196382,101707.30220260822
2025-06-23,2025,Ridge,105496.947495,100899.234152,101076.67008294395
2025-06-24,2025,Ridge,105964.065137,105496.947495,105663.97646992834
2025-06-25,2025,Ridge,107305.0652,105964.065137,106141.99988415278
2025-06-26,2025,Ridge,107012.822824,107305.0652,107477.37565042064
2025-06-27,2025,Ridge,107090.959051,107012.822824,107189.92184680117
2025-06-28,2025,Ridge,107357.617171,107090.959051,107278.0207953811
2025-06-29,2025,Ridge,108360.901696,107357.617171,107542.72807386052
2025-06-30,2025,Ridge,107153.101136,108360.901696,108540.43837907267
2025-07-01,2025,Ridge,105566.356598,107153.101136,107307.0533415065
2025-07-02,2025,Ridge,108927.134518,105566.356598,105734.76301990401
2025-07-03,2025,Ridge,109632.159127,108927.134518,109118.74315979714
2025-07-04,2025,Ridge,108081.395759,109632.159127,109839.15038157479
2025-07-05,2025,Ridge,108244.788814,108081.395759,108260.90892869649
2025-07-06,2025,Ridge,109180.005546,108244.788814,108419.67425817081
2025-07-07,2025,Ridge,108249.401004,109180.005546,109365.85103327982
2025-07-08,2025,Ridge,108956.631703,108249.401004,108424.15760150405
2025-07-09,2025,Ridge,111416.80672,108956.631703,109120.15570976223
2025-07-10,2025,Ridge,115873.903784,111416.80672,111599.36841330271
2025-07-11,2025,Ridge,117618.605087,115873.903784,116087.7930063082
2025-07-12,2025,Ridge,117382.372541,117618.605087,117830.42943160809
2025-07-13,2025,Ridge,118899.737108,117382.372541,117598.95872948245
2025-07-14,2025,Ridge,119871.096198,118899.737108,119095.59297603187
2025-07-15,2025,Ridge,117710.891008,119871.096198,120068.58823796648
2025-07-16,2025,Ridge,118730.187792,117710.891008,117903.25531600814
2025-07-17,2025,Ridge,119501.663771,118730.187792,118914.3478039423
2025-07-18,2025,Ridge,117958.511213,119501.663771,119717.20542356919
2025-07-19,2025,Ridge,117908.524732,117958.511213,118157.54141269936
2025-07-20,2025,Ridge,117305.680954,117908.524732,118120.69713362477
2025-07-21,2025,Ridge,117432.435635,117305.680954,117520.32396166556
2025-07-22,2025,Ridge,120068.005789,117432.435635,117629.644866472
2025-07-23,2025,Ridge,118650.587166,120068.005789,120248.13934669372
2025-07-24,2025,Ridge,118377.081937,118650.587166,118828.72154166194
2025-07-25,2025,Ridge,117520.17335,118377.081937,118591.64743779294
2025-07-26,2025,Ridge,117983.204599,117520.17335,117718.42389586469
2025-07-27,2025,Ridge,119438.164236,117983.204599,118198.83668268487
2025-07-28,2025,Ridge,118022.63732,119438.164236,119648.61666404411
2025-07-29,2025,Ridge,117871.370895,118022.63732,118213.80135367987
2025-07-30,2025,Ridge,117732.643661,117871.370895,118061.7595061724
2025-07-31,2025,Ridge,115848.339985,117732.643661,117900.37392022114
2025-08-01,2025,Ridge,113282.144336,115848.339985,116061.81552152832
2025-08-02,2025,Ridge,112545.673659,113282.144336,113470.67138698619
2025-08-03,2025,Ridge,114263.693948,112545.673659,112731.43807733309
2025-08-04,2025,Ridge,115199.933659,114263.693948,114463.67624777208
2025-08-05,2025,Ridge,114111.361018,115199.933659,115395.32668105395
2025-08-06,2025,Ridge,115034.678749,114111.361018,114288.35604437544
2025-08-07,2025,Ridge,117444.913924,115034.678749,115204.71950694543
2025-08-08,2025,Ridge,116740.687721,117444.913924,117651.38651289023
2025-08-09,2025,Ridge,116511.655739,116740.687721,116944.43774183108
2025-08-10,2025,Ridge,119189.19816,116511.655739,116713.42988859711
2025-08-11,2025,Ridge,118742.043049,119189.19816,119377.87334370313
2025-08-12,2025,Ridge,120154.324935,118742.043049,118953.65685811926
2025-08-13,2025,Ridge,123442.679822,120154.324935,120344.69652437484
2025-08-14,2025,Ridge,118510.271281,123442.679822,123644.30022997905
2025-08-15,2025,Ridge,117311.209948,118510.271281,118715.53163980815
2025-08-16,2025,Ridge,117462.426846,117311.209948,117495.4999424779
2025-08-17,2025,Ridge,117601.952232,117462.426846,117676.10716972747
2025-08-18,2025,Ridge,116312.914398,117601.952232,117797.53508917912
2025-08-19,2025,Ridge,112886.101475,116312.914398,116505.5061379049
2025-08-20,2025,Ridge,114277.32086,112886.101475,113055.8974572853
2025-08-21,2025,Ridge,112347.102298,114277.32086,114466.76454834432
2025-08-22,2025,Ridge,116800.977035,112347.102298,112555.98522388138
2025-08-23,2025,Ridge,115280.444724,116800.977035,116993.12382528401
2025-08-24,2025,Ridge,113516.122474,115280.444724,115464.96630935172
2025-08-25,2025,Ridge,110089.533314,113516.122474,113718.54423048066
2025-08-26,2025,Ridge,111895.295495,110089.533314,110284.69328114673
2025-08-27,2025,Ridge,111252.307236,111895.295495,112063.22825487096
2025-08-28,2025,Ridge,112481.152904,111252.307236,111421.18889349484
2025-08-29,2025,Ridge,108473.330442,112481.152904,112673.34647587722
2025-08-30,2025,Ridge,108746.150825,108473.330442,108664.45093992884
2025-08-31,2025,Ridge,108316.446895,108746.150825,108919.40938495332
2025-09-01,2025,Ridge,108992.324615,108316.446895,108511.65294516008
2025-09-02,2025,Ridge,111140.94716,108992.324615,109157.2862397796
2025-09-03,2025,Ridge,111780.743587,111140.94716,111313.24828389888
2025-09-04,2025,Ridge,110900.633413,111780.743587,111952.01242701153
2025-09-05,2025,Ridge,110711.229485,110900.633413,111094.9820672688
2025-09-06,2025,Ridge,110243.650742,110711.229485,110911.49871408858
2025-09-07,2025,Ridge,111307.784421,110243.650742,110419.62669952128
2025-09-08,2025,Ridge,112112.311575,111307.784421,111507.08660640434
2025-09-09,2025,Ridge,111486.39678,112112.311575,112292.39743846383
2025-09-10,2025,Ridge,113930.748423,111486.39678,111651.8414716345
2025-09-11,2025,Ridge,115445.812933,113930.748423,114106.00452131218
2025-09-12,2025,Ridge,116149.174032,115445.812933,115662.6581687209
2025-09-13,2025,Ridge,115965.627551,116149.174032,116341.6963373235
2025-09-14,2025,Ridge,115395.933423,115965.627551,116162.39374567957
2025-09-15,2025,Ridge,115420.931814,115395.933423,115589.98160245646
2025-09-16,2025,Ridge,116798.867051,115420.931814,115614.25591223204
2025-09-17,2025,Ridge,116575.777629,116798.867051,116999.14167876047
2025-09-18,2025,Ridge,117014.426762,116575.777629,116754.59986122063
2025-09-19,2025,Ridge,115612.372542,117014.426762,117219.93808323257
2025-09-20,2025,Ridge,115753.165961,115612.372542,115807.62574475886
2025-09-21,2025,Ridge,115320.858829,115753.165961,115953.88306334993
2025-09-22,2025,Ridge,112727.707738,115320.858829,115527.12141240701
2025-09-23,2025,Ridge,112052.393282,112727.707738,112921.23137758298
2025-09-24,2025,Ridge,113324.623592,112052.393282,112211.78304401979
2025-09-25,2025,Ridge,109166.347975,113324.623592,113511.4007639434
2025-09-26,2025,Ridge,109669.102167,109166.347975,109363.18836508715
2025-09-27,2025,Ridge,109644.730693,109669.102167,109849.06607872069
2025-09-28,2025,Ridge,112170.007786,109644.730693,109833.4353084213
2025-09-29,2025,Ridge,114341.141435,112170.007786,112376.7746765251
2025-09-30,2025,Ridge,113971.742797,114341.141435,114524.62385345231
2025-10-01,2025,Ridge,118393.270386,113971.742797,114132.07283442536
2025-10-02,2025,Ridge,120558.594007,118393.270386,118576.83212625972
2025-10-03,2025,Ridge,122348.12764,120558.594007,120778.83060881525
2025-10-04,2025,Ridge,122379.744318,122348.12764,122559.79363162967
2025-10-05,2025,Ridge,123523.768314,122379.744318,122598.3003112698
2025-10-06,2025,Ridge,124824.453667,123523.768314,123737.09907381231
2025-10-07,2025,Ridge,121587.699237,124824.453667,125030.88882018982
2025-10-08,2025,Ridge,123390.353095,121587.699237,121802.68628868429
2025-10-09,2025,Ridge,121603.332786,123390.353095,123550.91870169631
2025-10-10,2025,Ridge,113754.852328,121603.332786,121828.52209915603
2025-10-11,2025,Ridge,110940.113648,113754.852328,113956.65082817689
2025-10-12,2025,Ridge,115152.917045,110940.113648,111131.4469740694
2025-10-13,2025,Ridge,115332.25293,115152.917045,115359.39266083787
2025-10-14,2025,Ridge,113327.07941,115332.25293,115515.03056530435
2025-10-15,2025,Ridge,110862.872485,113327.07941,113506.79315234424
2025-10-16,2025,Ridge,108135.049606,110862.872485,111032.20271216279
2025-10-17,2025,Ridge,106625.668651,108135.049606,108331.66299167663
2025-10-18,2025,Ridge,107143.913935,106625.668651,106817.90744457064
2025-10-19,2025,Ridge,108706.663764,107143.913935,107315.58653177739
2025-10-20,2025,Ridge,110640.249515,108706.663764,108879.78066060698
2025-10-21,2025,Ridge,108700.382072,110640.249515,110814.06012827314
2025-10-22,2025,Ridge,107667.630188,108700.382072,108880.96623750418
2025-10-23,2025,Ridge,110060.936797,107667.630188,107844.76483546413
2025-10-24,2025,Ridge,111024.943147,110060.936797,110250.20307434472
2025-10-25,2025,Ridge,111614.535858,111024.943147,111196.92224726672
2025-10-26,2025,Ridge,114557.100461,111614.535858,111804.3742159169
2025-10-27,2025,Ridge,114087.773805,114557.100461,114727.40983346387
2025-10-28,2025,Ridge,112980.685846,114087.773805,114281.37678788348
2025-10-29,2025,Ridge,110206.347983,112980.685846,113178.5077351912
2025-10-30,2025,Ridge,108019.723842,110206.347983,110379.7801354477
2025-10-31,2025,Ridge,109554.239628,108019.723842,108218.26211478378
2025-11-01,2025,Ridge,110005.295855,109554.239628,109726.0476292812
2025-11-02,2025,Ridge,110389.168627,110005.295855,110190.11851154627
2025-11-03,2025,Ridge,106495.80279,110389.168627,110562.27265892192
2025-11-04,2025,Ridge,101349.737232,106495.80279,106679.5082709138
2025-11-05,2025,Ridge,103915.884791,101349.737232,101509.5699730718
2025-11-06,2025,Ridge,101241.573678,103915.884791,104083.93131562951
2025-11-07,2025,Ridge,103428.471747,101241.573678,101429.90393639161
2025-11-08,2025,Ridge,102335.021439,103428.471747,103597.81097567704
2025-11-09,2025,Ridge,104685.545441,102335.021439,102511.8351260329
2025-11-10,2025,Ridge,106082.478157,104685.545441,104850.95454933384
2025-11-11,2025,Ridge,102974.405612,106082.478157,106264.01385176938
2025-11-12,2025,Ridge,101682.126653,102974.405612,103131.66749043885
2025-11-13,2025,Ridge,100035.310145,101682.126653,101838.80258834279
2025-11-14,2025,Ridge,94502.547603,100035.310145,100213.02653743708
2025-11-15,2025,Ridge,95541.315839,94502.547603,94676.44813667012
2025-11-16,2025,Ridge,94182.3131,95541.315839,95696.72715108984
2025-11-17,2025,Ridge,91911.471347,94182.3131,94332.51591422825
2025-11-18,2025,Ridge,92836.441911,91911.471347,92054.6251703589
2025-11-19,2025,Ridge,91320.481133,92836.441911,92974.49456039461
2025-11-20,2025,Ridge,86911.298059,91320.481133,91474.15839354452
2025-11-21,2025,Ridge,84948.046321,86911.298059,87061.80046003201
2025-11-22,2025,Ridge,84775.001545,84948.046321,85086.86240016815
2025-11-23,2025,Ridge,86872.454663,84775.001545,84908.03580157935
2025-11-24,2025,Ridge,88377.602442,86872.454663,87015.86422701264
2025-11-25,2025,Ridge,87434.550611,88377.602442,88522.6172692109
2025-11-26,2025,Ridge,90449.277068,87434.550611,87560.96182167258
2025-11-27,2025,Ridge,91336.200045,90449.277068,90593.4454474119
2025-11-28,2025,Ridge,90990.12661,91336.200045,91501.03507511022
2025-11-29,2025,Ridge,90842.073824,90990.12661,91141.19027664092
2025-11-30,2025,Ridge,90607.702151,90842.073824,90979.82262549232
2025-12-01,2025,Ridge,86504.636816,90607.702151,90749.8693692794
2025-12-02,2025,Ridge,91528.024581,86504.636816,86661.41635353683
2025-12-03,2025,Ridge,93609.093866,91528.024581,91667.5934511249
2025-12-04,2025,Ridge,92205.592954,93609.093866,93760.00771060106
2025-12-05,2025,Ridge,89279.834463,92205.592954,92370.18469985224
2025-12-06,2025,Ridge,89169.557061,89279.834463,89429.47190785172
2025-12-07,2025,Ridge,90067.847399,89169.557061,89312.25086052321
2025-12-08,2025,Ridge,90673.144444,90067.847399,90230.93006491146
2025-12-09,2025,Ridge,92808.851848,90673.144444,90815.62313186505
2025-12-10,2025,Ridge,92102.930092,92808.851848,92946.5107635547
2025-12-11,2025,Ridge,92623.719871,92102.930092,92250.19719890962
2025-12-12,2025,Ridge,90331.608309,92623.719871,92799.95692810691
2025-12-13,2025,Ridge,90245.267264,90331.608309,90500.77498500957
2025-12-14,2025,Ridge,88096.382614,90245.267264,90401.66060406501
2025-12-15,2025,Ridge,86352.580257,88096.382614,88240.84883797912
2025-12-16,2025,Ridge,87752.429034,86352.580257,86491.52408130943
2025-12-17,2025,Ridge,86059.552224,87752.429034,87880.29416242041
2025-12-18,2025,Ridge,85434.192867,86059.552224,86192.51298785473
2025-12-19,2025,Ridge,88168.073833,85434.192867,85598.81462162234
2025-12-20,2025,Ridge,88292.453637,88168.073833,88306.15588141918
2025-12-21,2025,Ridge,88533.430983,88292.453637,88450.47682312837
2025-12-22,2025,Ridge,88474.462233,88533.430983,88698.375697543
2025-12-23,2025,Ridge,87365.993787,88474.462233,88601.37706797624
2025-12-24,2025,Ridge,87625.67079,87365.993787,87500.68370170983
2025-12-25,2025,Ridge,87231.304769,87625.67079,87754.06968407865
2025-12-26,2025,Ridge,87334.807781,87231.304769,87395.41325268042
2025-12-27,2025,Ridge,87695.415908,87334.807781,87478.42241723489
2025-12-28,2025,Ridge,87747.649155,87695.415908,87838.43192996291
2025-12-29,2025,Ridge,87133.510399,87747.649155,87908.89078322341
2025-12-30,2025,Ridge,88428.492274,87133.510399,87283.6388878201
2025-12-31,2025,Ridge,87516.978038,88428.492274,88548.7082747148
2026-01-01,2026,Ridge,88684.217847,87516.978038,87625.09346255446
2026-01-02,2026,Ridge,89940.180167,88684.217847,88826.47013481814
2026-01-03,2026,Ridge,90598.130183,89940.180167,90083.42126727398
2026-01-04,2026,Ridge,91359.763682,90598.130183,90733.2945785195
2026-01-05,2026,Ridge,93948.582179,91359.763682,91515.0062337684
2026-01-06,2026,Ridge,93574.287112,93948.582179,94076.58452990929
2026-01-07,2026,Ridge,91208.956261,93574.287112,93729.79888287184
2026-01-08,2026,Ridge,91096.916155,91208.956261,91329.91788484028
2026-01-09,2026,Ridge,90539.603229,91096.916155,91232.60339876797
2026-01-10,2026,Ridge,90406.142411,90539.603229,90683.41004355815
2026-01-11,2026,Ridge,90717.206315,90406.142411,90546.58539074626
2026-01-12,2026,Ridge,91141.149849,90717.206315,90848.77231096996
2026-01-13,2026,Ridge,95304.498294,91141.149849,91268.28650306737
2026-01-14,2026,Ridge,97043.992726,95304.498294,95450.18386620928
2026-01-15,2026,Ridge,95546.139738,97043.992726,97192.36521718178
2026-01-16,2026,Ridge,95489.12996,95546.139738,95709.66555946699
2026-01-17,2026,Ridge,95106.980463,95489.12996,95621.60604230316
2026-01-18,2026,Ridge,94261.329431,95106.980463,95265.74255172619
2026-01-19,2026,Ridge,92526.241964,94261.329431,94406.31084751534
2026-01-20,2026,Ridge,88236.563192,92526.241964,92652.87468880754
2026-01-21,2026,Ridge,89599.361875,88236.563192,88378.57326364215
2026-01-22,2026,Ridge,89395.700736,89599.361875,89706.11430708967
2026-01-23,2026,Ridge,89439.771891,89395.700736,89550.19800295467
2026-01-24,2026,Ridge,89185.038699,89439.771891,89572.39855079255
2026-01-25,2026,Ridge,86445.670593,89185.038699,89322.97143940511
2026-01-26,2026,Ridge,88337.454551,86445.670593,86575.75424924119
2026-01-27,2026,Ridge,89260.38054,88337.454551,88460.36067363921
2026-01-28,2026,Ridge,89177.789251,89260.38054,89403.88174130427
2026-01-29,2026,Ridge,84520.397311,89177.789251,89288.64749883855
2026-01-30,2026,Ridge,84017.034029,84520.397311,84664.63363843868
2026-01-31,2026,Ridge,78702.385503,84017.034029,84131.40409247518
2026-02-01,2026,Ridge,76911.052377,78702.385503,78858.22035498546
2026-02-02,2026,Ridge,78716.601809,76911.052377,77027.06394067533
2026-02-03,2026,Ridge,75684.766028,78716.601809,78813.48093780328
2026-02-04,2026,Ridge,73095.191465,75684.766028,75779.65638629258
2026-02-05,2026,Ridge,63494.688446,73095.191465,73194.43444516709
2026-02-06,2026,Ridge,70647.698219,63494.688446,63592.38263429045
2026-02-07,2026,Ridge,69166.259442,70647.698219,70746.11263418975
2026-02-08,2026,Ridge,70522.589239,69166.259442,69281.79800078967
2026-02-09,2026,Ridge,70244.101777,70522.589239,70616.1478272248
2026-02-10,2026,Ridge,68688.793113,70244.101777,70350.06472797996
2026-02-11,2026,Ridge,66989.716592,68688.793113,68764.70822176615
2026-02-12,2026,Ridge,66221.544312,66989.716592,67105.01513632311
2026-02-13,2026,Ridge,68860.841163,66221.544312,66314.81013315219
2026-02-14,2026,Ridge,69798.079125,68860.841163,68948.56739821403
2026-02-15,2026,Ridge,68629.959976,69798.079125,69890.70351808112
2026-02-16,2026,Ridge,68747.438029,68629.959976,68734.54603965193
2026-02-17,2026,Ridge,67471.050847,68747.438029,68842.07304273051
2026-02-18,2026,Ridge,66380.706961,67471.050847,67575.99566312032
2026-02-19,2026,Ridge,66932.352212,66380.706961,66478.6498354272
2026-02-20,2026,Ridge,67977.309261,66932.352212,67018.70409198213
2026-02-21,2026,Ridge,68020.667761,67977.309261,68079.75021525464
2026-02-22,2026,Ridge,67550.024077,68020.667761,68108.14854409664
2026-02-23,2026,Ridge,64689.912331,67550.024077,67663.0206870677
2026-02-24,2026,Ridge,64123.751078,64689.912331,64785.809693677824
2026-02-25,2026,Ridge,68038.522179,64123.751078,64217.11058481192
2026-02-26,2026,Ridge,67519.264529,68038.522179,68149.59154457694
2026-02-27,2026,Ridge,65864.135817,67519.264529,67617.06528781728
2026-02-28,2026,Ridge,66965.635309,65864.135817,65963.00168287603
2026-03-01,2026,Ridge,65733.52126,66965.635309,67048.13278413647
2026-03-02,2026,Ridge,68922.624297,65733.52126,65853.13580931671
2026-03-03,2026,Ridge,68431.174031,68922.624297,69015.0416465666
2026-03-04,2026,Ridge,72667.463058,68431.174031,68545.10372399422
2026-03-05,2026,Ridge,70987.427177,72667.463058,72763.215336703
2026-03-06,2026,Ridge,68226.705393,70987.427177,71104.34371018026
2026-03-07,2026,Ridge,67315.552914,68226.705393,68332.4375895511
2026-03-08,2026,Ridge,66202.697873,67315.552914,67420.84611058704
2026-03-09,2026,Ridge,68528.53847,66202.697873,66290.05754196351
2026-03-10,2026,Ridge,69891.823858,68528.53847,68632.06893246873
2026-03-11,2026,Ridge,70298.575353,69891.823858,69995.3360843286
2026-03-12,2026,Ridge,70538.107462,70298.575353,70396.90330637213
2026-03-13,2026,Ridge,70930.013279,70538.107462,70651.84617155576
2026-03-14,2026,Ridge,71136.21792,70930.013279,71030.58182685985
2026-03-15,2026,Ridge,72712.146196,71136.21792,71252.53292990114
2026-03-16,2026,Ridge,74723.957553,72712.146196,72830.10087805153
2026-03-17,2026,Ridge,74086.01361,74723.957553,74827.16776016782
2026-03-18,2026,Ridge,71253.957928,74086.01361,74194.91984367814
2026-03-19,2026,Ridge,69948.904827,71253.957928,71361.87857761265
2026-03-20,2026,Ridge,70510.41968,69948.904827,70058.26192076912
2026-03-21,2026,Ridge,69707.285009,70510.41968,70621.30659893618
2026-03-22,2026,Ridge,68018.153482,69707.285009,69816.36504220408
2026-03-23,2026,Ridge,70726.211046,68018.153482,68117.79844362491
2026-03-24,2026,Ridge,70610.018712,70726.211046,70825.88403346439
2026-03-25,2026,Ridge,71281.297392,70610.018712,70712.66293008006
2026-03-26,2026,Ridge,68722.971837,71281.297392,71380.92415838582
2026-03-27,2026,Ridge,66214.171513,68722.971837,68832.91043679492
2026-03-28,2026,Ridge,66351.072525,66214.171513,66323.94536004143
2026-03-29,2026,Ridge,65966.752394,66351.072525,66461.33528124246
2026-03-30,2026,Ridge,66651.232004,65966.752394,66069.08776465949
2026-03-31,2026,Ridge,68214.868039,66651.232004,66738.67014940083
2026-04-01,2026,Ridge,68116.816793,68214.868039,68302.0167622709
2026-04-02,2026,Ridge,66908.317992,68116.816793,68206.66334891258
2026-04-03,2026,Ridge,66891.742228,66908.317992,67024.53880947613
2026-04-04,2026,Ridge,67295.130914,66891.742228,66990.95640692025
2026-04-05,2026,Ridge,68921.806091,67295.130914,67398.8091441687
2026-04-06,2026,Ridge,68742.913309,68921.806091,69016.13410828625
2026-04-07,2026,Ridge,72057.124361,68742.913309,68843.12054760019
2026-04-08,2026,Ridge,71085.05837,72057.124361,72154.4216322757
2026-04-09,2026,Ridge,71788.679783,71085.05837,71199.4844606617
2026-04-10,2026,Ridge,72945.070724,71788.679783,71899.25158253025
2026-04-11,2026,Ridge,73119.109117,72945.070724,73062.24779889036
2026-04-12,2026,Ridge,70685.369702,73119.109117,73236.57261227623
2026-04-13,2026,Ridge,74632.745586,70685.369702,70787.29482847436
2026-04-14,2026,Ridge,74173.50836,74632.745586,74727.35509647717
2026-04-15,2026,Ridge,74761.964655,74173.50836,74285.10579742209
2026-04-16,2026,Ridge,75095.744216,74761.964655,74870.2666081444
2026-04-17,2026,Ridge,77114.481438,75095.744216,75224.57985528151
2026-04-18,2026,Ridge,75792.063751,77114.481438,77229.2133938705
2026-04-19,2026,Ridge,73905.204102,75792.063751,75922.8866581321
2026-04-20,2026,Ridge,75814.145324,73905.204102,74027.82006223599
2026-04-21,2026,Ridge,76107.443298,75814.145324,75910.23519905006
2026-04-22,2026,Ridge,78317.742272,76107.443298,76216.99368533304
2026-04-23,2026,Ridge,78233.683749,78317.742272,78425.49948622916
2026-04-24,2026,Ridge,77444.269277,78233.683749,78362.82614465582
2026-04-25,2026,Ridge,77624.711482,77444.269277,77571.49956224403
2026-04-26,2026,Ridge,78538.773357,77624.711482,77752.93253706275
2026-04-27,2026,Ridge,77256.29716,78538.773357,78663.22515788204
2026-04-28,2026,Ridge,76295.531117,77256.29716,77363.52642415315
2026-04-29,2026,Ridge,75795.009853,76295.531117,76400.8124012724
2026-04-30,2026,Ridge,76299.616129,75795.009853,75907.10435079531
2026-05-01,2026,Ridge,78132.643785,76299.616129,76414.79164908417
2026-05-02,2026,Ridge,78712.538732,78132.643785,78257.33491859963
2026-05-03,2026,Ridge,78649.173289,78712.538732,78835.91047592933
2026-05-04,2026,Ridge,79826.107817,78649.173289,78770.2045808417
2026-05-05,2026,Ridge,80936.754825,79826.107817,79945.65073729437
2026-05-06,2026,Ridge,81364.620129,80936.754825,81051.13105540733
2026-05-07,2026,Ridge,79988.998734,81364.620129,81487.85433867124
2026-05-08,2026,Ridge,80179.692296,79988.998734,80110.54894401215
2026-05-09,2026,Ridge,80663.629652,80179.692296,80301.37011298962
2026-05-10,2026,Ridge,82256.781138,80663.629652,80788.30260844369
2026-05-11,2026,Ridge,81714.74205,82256.781138,82393.92426998104
2026-05-12,2026,Ridge,80525.563025,81714.74205,81830.10937575356
2026-05-13,2026,Ridge,79291.911002,80525.563025,80646.18938066781
2026-05-14,2026,Ridge,81175.827112,79291.911002,79401.49401406445
2026-05-15,2026,Ridge,79063.414576,81175.827112,81297.11372934906
2026-05-16,2026,Ridge,78164.495271,79063.414576,79188.01173353002
2026-05-17,2026,Ridge,77497.697113,78164.495271,78293.3797188363
2026-05-18,2026,Ridge,76975.9112,77497.697113,77612.04297192428
2026-05-19,2026,Ridge,76807.460956,76975.9112,77092.13430149497
2026-05-20,2026,Ridge,77408.172209,76807.460956,76924.92778601084
2026-05-21,2026,Ridge,77595.386172,77408.172209,77507.6388729695
2026-05-22,2026,Ridge,75567.543043,77595.386172,77714.29268530032
2026-05-23,2026,Ridge,76619.866609,75567.543043,75684.94290233104
2020-01-01,2020,LSTM (returns),7170.631869,7167.395055,7175.970344129468
2020-01-02,2020,LSTM (returns),6946.825269,7170.631869,7174.83724913819
2020-01-03,2020,LSTM (returns),7315.30936,6946.825269,6959.5966287156
2020-01-04,2020,LSTM (returns),7343.164194,7315.30936,7336.0802113022455
2020-01-05,2020,LSTM (returns),7345.530692,7343.164194,7357.2100969110725
2020-01-06,2020,LSTM (returns),7765.797735,7345.530692,7360.337155945992
2020-01-07,2020,LSTM (returns),8136.086842,7765.797735,7786.285013592737
2020-01-08,2020,LSTM (returns),8059.699529,8136.086842,8167.100495939095
2020-01-09,2020,LSTM (returns),7817.136093,8059.699529,8101.857161795668
2020-01-10,2020,LSTM (returns),8129.81792,7817.136093,7852.439996259792
2020-01-11,2020,LSTM (returns),8032.005495,8129.81792,8165.674279056887
2020-01-12,2020,LSTM (returns),8164.549993,8032.005495,8062.970214139341
2020-01-13,2020,LSTM (returns),8121.925668,8164.549993,8186.917379478819
2020-01-14,2020,LSTM (returns),8830.167873,8121.925668,8140.24605733585
2020-01-15,2020,LSTM (returns),8811.448203,8830.167873,8861.518803717734
2020-01-16,2020,LSTM (returns),8718.686998,8811.448203,8852.46984910296
2020-01-17,2020,LSTM (returns),8912.541904,8718.686998,8752.56171664311
2020-01-18,2020,LSTM (returns),8928.180757,8912.541904,8949.893297639192
2020-01-19,2020,LSTM (returns),8687.354837,8928.180757,8957.197565732196
2020-01-20,2020,LSTM (returns),8636.258786,8687.354837,8725.980563629264
2020-01-21,2020,LSTM (returns),8730.86756,8636.258786,8660.629059776398
2020-01-22,2020,LSTM (returns),8647.900474,8730.86756,8748.977819162656
2020-01-23,2020,LSTM (returns),8366.384614,8647.900474,8661.27598364839
2020-01-24,2020,LSTM (returns),8423.390958,8366.384614,8388.810391279849
2020-01-25,2020,LSTM (returns),8344.774569,8423.390958,8440.765648297855
2020-01-26,2020,LSTM (returns),8573.87481,8344.774569,8350.926366015676
2020-01-27,2020,LSTM (returns),8901.959285,8573.87481,8580.666519128377
2020-01-28,2020,LSTM (returns),9297.388318,8901.959285,8918.994085830842
2020-01-29,2020,LSTM (returns),9311.947544,9297.388318,9327.484057795662
2020-01-30,2020,LSTM (returns),9508.920965,9311.947544,9347.983562093135
2020-01-31,2020,LSTM (returns),9357.284782,9508.920965,9548.34201422214
2020-02-01,2020,LSTM (returns),9381.886029,9357.284782,9394.448799436339
2020-02-02,2020,LSTM (returns),9339.387063,9381.886029,9406.812326790649
2020-02-03,2020,LSTM (returns),9279.812521,9339.387063,9370.22661373582
2020-02-04,2020,LSTM (returns),9161.627198,9279.812521,9311.542177397956
2020-02-05,2020,LSTM (returns),9628.136776,9161.627198,9192.816170650252
2020-02-06,2020,LSTM (returns),9739.280436,9628.136776,9662.84125581942
2020-02-07,2020,LSTM (returns),9800.2794,9739.280436,9777.996065587971
2020-02-08,2020,LSTM (returns),9911.293408,9800.2794,9835.955635517073
2020-02-09,2020,LSTM (returns),10151.083203,9911.293408,9945.703763512558
2020-02-10,2020,LSTM (returns),9872.361873,10151.083203,10187.299640327152
2020-02-11,2020,LSTM (returns),10272.222556,9872.361873,9913.49162677492
2020-02-12,2020,LSTM (returns),10360.135223,10272.222556,10314.743790594583
2020-02-13,2020,LSTM (returns),10235.497323,10360.135223,10406.210332271978
2020-02-14,2020,LSTM (returns),10361.61569,10235.497323,10287.167264982818
2020-02-15,2020,LSTM (returns),9911.724327,10361.61569,10404.600134753264
2020-02-16,2020,LSTM (returns),9952.046612,9911.724327,9955.800956078776
2020-02-17,2020,LSTM (returns),9683.079628,9952.046612,9990.554969873152
2020-02-18,2020,LSTM (returns),10195.30379,9683.079628,9721.770072717667
2020-02-19,2020,LSTM (returns),9636.002299,10195.30379,10228.524570215468
2020-02-20,2020,LSTM (returns),9614.030122,9636.002299,9669.335916336806
2020-02-21,2020,LSTM (returns),9701.797503,9614.030122,9639.302898862481
2020-02-22,2020,LSTM (returns),9675.249058,9701.797503,9717.094622961591
2020-02-23,2020,LSTM (returns),9972.842423,9675.249058,9679.065835963123
2020-02-24,2020,LSTM (returns),9648.007883,9972.842423,9980.613194723262
2020-02-25,2020,LSTM (returns),9344.28714,9648.007883,9666.811984144462
2020-02-26,2020,LSTM (returns),8798.888949,9344.28714,9364.910027993372
2020-02-27,2020,LSTM (returns),8779.029482,8798.888949,8830.842691243877
2020-02-28,2020,LSTM (returns),8750.593446,8779.029482,8802.8456354354
2020-02-29,2020,LSTM (returns),8582.0903,8750.593446,8768.724892670116
2020-03-01,2020,LSTM (returns),8541.773894,8582.0903,8587.23385621663
2020-03-02,2020,LSTM (returns),8906.214756,8541.773894,8545.769711124989
2020-03-03,2020,LSTM (returns),8768.810614,8906.214756,8909.634606568914
2020-03-04,2020,LSTM (returns),8756.369572,8768.810614,8775.037477839676
2020-03-05,2020,LSTM (returns),9062.615803,8756.369572,8758.627116135054
2020-03-06,2020,LSTM (returns),9147.085059,9062.615803,9069.070335538454
2020-03-07,2020,LSTM (returns),8898.306957,9147.085059,9155.653086058168
2020-03-08,2020,LSTM (returns),8109.614541,8898.306957,8908.150910087314
2020-03-09,2020,LSTM (returns),7896.38532,8109.614541,8135.504612709165
2020-03-10,2020,LSTM (returns),7909.927875,7896.38532,7924.731700959299
2020-03-11,2020,LSTM (returns),7939.341335,7909.927875,7927.9725935726665
2020-03-12,2020,LSTM (returns),4959.313414,7939.341335,7950.353100917338
2020-03-13,2020,LSTM (returns),5627.692388,4959.313414,4991.312242235569
2020-03-14,2020,LSTM (returns),5145.172506,5627.692388,5667.128953485604
2020-03-15,2020,LSTM (returns),5358.610663,5145.172506,5164.921880982878
2020-03-16,2020,LSTM (returns),5012.927388,5358.610663,5366.414874675324
2020-03-17,2020,LSTM (returns),5416.754711,5012.927388,5028.892244986742
2020-03-18,2020,LSTM (returns),5392.487836,5416.754711,5420.525038063914
2020-03-19,2020,LSTM (returns),6203.551632,5392.487836,5395.163218696836
2020-03-20,2020,LSTM (returns),6174.149476,6203.551632,6204.810323530927
2020-03-21,2020,LSTM (returns),6175.831022,6174.149476,6188.673684070176
2020-03-22,2020,LSTM (returns),5830.56098,6175.831022,6188.059191954642
2020-03-23,2020,LSTM (returns),6486.408657,5830.56098,5844.880116143464
2020-03-24,2020,LSTM (returns),6775.057619,6486.408657,6499.430518074717
2020-03-25,2020,LSTM (returns),6689.969013,6775.057619,6795.4507881699255
2020-03-26,2020,LSTM (returns),6754.460336,6689.969013,6714.447635686064
2020-03-27,2020,LSTM (returns),6490.795415,6754.460336,6772.868825359366
2020-03-28,2020,LSTM (returns),6231.81989,6490.795415,6513.141171998474
2020-03-29,2020,LSTM (returns),5904.857587,6231.81989,6253.5485221429135
2020-03-30,2020,LSTM (returns),6436.9057,5904.857587,5921.080583923471
2020-03-31,2020,LSTM (returns),6432.383242,6436.9057,6452.656509809549
2020-04-01,2020,LSTM (returns),6643.110009,6432.383242,6445.494087164958
2020-04-02,2020,LSTM (returns),6792.742222,6643.110009,6659.0444329881175
2020-04-03,2020,LSTM (returns),6751.902552,6792.742222,6816.67184848755
2020-04-04,2020,LSTM (returns),6859.989169,6751.902552,6777.224219100437
2020-04-05,2020,LSTM (returns),6790.812473,6859.989169,6880.28894879377
2020-04-06,2020,LSTM (returns),7298.173745,6790.812473,6805.2701523328515
2020-04-07,2020,LSTM (returns),7187.593337,7298.173745,7319.880990431095
2020-04-08,2020,LSTM (returns),7372.194764,7187.593337,7216.507464380869
2020-04-09,2020,LSTM (returns),7299.579188,7372.194764,7398.992277871196
2020-04-10,2020,LSTM (returns),6859.822675,7299.579188,7323.25886437385
2020-04-11,2020,LSTM (returns),6883.182229,6859.822675,6890.026449343188
2020-04-12,2020,LSTM (returns),6978.666287,6883.182229,6901.178933615433
2020-04-13,2020,LSTM (returns),6863.575533,6978.666287,6997.003290003118
2020-04-14,2020,LSTM (returns),6875.538503,6863.575533,6885.174975854748
2020-04-15,2020,LSTM (returns),6625.475775,6875.538503,6892.482428214831
2020-04-16,2020,LSTM (returns),7127.792282,6625.475775,6641.826198803495
2020-04-17,2020,LSTM (returns),7081.395198,7127.792282,7147.986194742624
2020-04-18,2020,LSTM (returns),7262.792344,7081.395198,7094.646943256416
2020-04-19,2020,LSTM (returns),7150.244215,7262.792344,7273.716907697679
2020-04-20,2020,LSTM (returns),6853.273415,7150.244215,7161.506398505471
2020-04-21,2020,LSTM (returns),6870.423699,6853.273415,6874.021229761357
2020-04-22,2020,LSTM (returns),7123.65692,6870.423699,6884.12412151702
2020-04-23,2020,LSTM (returns),7488.605165,7123.65692,7135.691823354721
2020-04-24,2020,LSTM (returns),7506.443316,7488.605165,7508.59064779381
2020-04-25,2020,LSTM (returns),7537.738209,7506.443316,7527.210239882261
2020-04-26,2020,LSTM (returns),7684.068522,7537.738209,7557.314311725529
2020-04-27,2020,LSTM (returns),7777.491519,7684.068522,7705.344117577224
2020-04-28,2020,LSTM (returns),7769.899698,7777.491519,7802.882442735548
2020-04-29,2020,LSTM (returns),8761.83717,7769.899698,7794.8856056787645
2020-04-30,2020,LSTM (returns),8652.410991,8761.83717,8794.704510112013
2020-05-01,2020,LSTM (returns),8855.535258,8652.410991,8704.833305686532
2020-05-02,2020,LSTM (returns),8977.281705,8855.535258,8901.916187769973
2020-05-03,2020,LSTM (returns),8896.795638,8977.281705,9017.381878453838
2020-05-04,2020,LSTM (returns),8881.954305,8896.795638,8941.684716831776
2020-05-05,2020,LSTM (returns),8985.879599,8881.954305,8925.740853139885
2020-05-06,2020,LSTM (returns),9266.813073,8985.879599,9021.08957878042
2020-05-07,2020,LSTM (returns),9993.753177,9266.813073,9304.851861056042
2020-05-08,2020,LSTM (returns),9859.323605,9993.753177,10040.41402620032
2020-05-09,2020,LSTM (returns),9577.338922,9859.323605,9909.601742606736
2020-05-10,2020,LSTM (returns),8715.033293,9577.338922,9622.401029415898
2020-05-11,2020,LSTM (returns),8591.652884,8715.033293,8771.495438436901
2020-05-12,2020,LSTM (returns),8817.250681,8591.652884,8639.923073237695
2020-05-13,2020,LSTM (returns),9322.997202,8817.250681,8844.949791100937
2020-05-14,2020,LSTM (returns),9801.269488,9322.997202,9345.746165082655
2020-05-15,2020,LSTM (returns),9326.875859,9801.269488,9830.292579019395
2020-05-16,2020,LSTM (returns),9395.475389,9326.875859,9360.715897559843
2020-05-17,2020,LSTM (returns),9682.532481,9395.475389,9415.064691326179
2020-05-18,2020,LSTM (returns),9726.850022,9682.532481,9702.033290347374
2020-05-19,2020,LSTM (returns),9754.201462,9726.850022,9750.61969202824
2020-05-20,2020,LSTM (returns),9515.70255,9754.201462,9779.184211576365
2020-05-21,2020,LSTM (returns),9068.801229,9515.70255,9543.92779543438
2020-05-22,2020,LSTM (returns),9161.815034,9068.801229,9102.499197304332
2020-05-23,2020,LSTM (returns),9183.662125,9161.815034,9182.911332757061
2020-05-24,2020,LSTM (returns),8806.230657,9183.662125,9194.76157923094
2020-05-25,2020,LSTM (returns),8909.192582,8806.230657,8825.670233807014
2020-05-26,2020,LSTM (returns),8835.137253,8909.192582,8923.809543432975
2020-05-27,2020,LSTM (returns),9169.057439,8835.137253,8847.1137575923
2020-05-28,2020,LSTM (returns),9568.261853,9169.057439,9180.81082352488
2020-05-29,2020,LSTM (returns),9432.413333,9568.261853,9583.446439630112
2020-05-30,2020,LSTM (returns),9691.680491,9432.413333,9449.199197587004
2020-05-31,2020,LSTM (returns),9433.943847,9691.680491,9710.437496584012
2020-06-01,2020,LSTM (returns),10199.135054,9433.943847,9454.826719121622
2020-06-02,2020,LSTM (returns),9512.346533,10199.135054,10225.457182650209
2020-06-03,2020,LSTM (returns),9642.2734,9512.346533,9554.196774614884
2020-06-04,2020,LSTM (returns),9813.360679,9642.2734,9667.122756925031
2020-06-05,2020,LSTM (returns),9641.891623,9813.360679,9838.614336750537
2020-06-06,2020,LSTM (returns),9668.670539,9641.891623,9666.304465531943
2020-06-07,2020,LSTM (returns),9747.580111,9668.670539,9679.872386451887
2020-06-08,2020,LSTM (returns),9769.342361,9747.580111,9767.158750479395
2020-06-09,2020,LSTM (returns),9779.422166,9769.342361,9785.597962207836
2020-06-10,2020,LSTM (returns),9888.444175,9779.422166,9799.749735180521
2020-06-11,2020,LSTM (returns),9277.451169,9888.444175,9912.753081879597
2020-06-12,2020,LSTM (returns),9456.161533,9277.451169,9316.331499321832
2020-06-13,2020,LSTM (returns),9461.333799,9456.161533,9479.859094618909
2020-06-14,2020,LSTM (returns),9342.955635,9461.333799,9472.959230459659
2020-06-15,2020,LSTM (returns),9441.383211,9342.955635,9351.31428443139
2020-06-16,2020,LSTM (returns),9520.091948,9441.383211,9464.13632577571
2020-06-17,2020,LSTM (returns),9448.693561,9520.091948,9538.403767685448
2020-06-18,2020,LSTM (returns),9389.990766,9448.693561,9465.269189745375
2020-06-19,2020,LSTM (returns),9285.991583,9389.990766,9403.062444582374
2020-06-20,2020,LSTM (returns),9357.292464,9285.991583,9302.145503668778
2020-06-21,2020,LSTM (returns),9284.769372,9357.292464,9367.847618026002
2020-06-22,2020,LSTM (returns),9684.620185,9284.769372,9291.765640982367
2020-06-23,2020,LSTM (returns),9611.725998,9684.620185,9700.417139006342
2020-06-24,2020,LSTM (returns),9292.943544,9611.725998,9629.879875408456
2020-06-25,2020,LSTM (returns),9247.121432,9292.943544,9317.316550677391
2020-06-26,2020,LSTM (returns),9159.437772,9247.121432,9269.504841667322
2020-06-27,2020,LSTM (returns),9002.165617,9159.437772,9178.62611426544
2020-06-28,2020,LSTM (returns),9108.065675,9002.165617,9017.51982552152
2020-06-29,2020,LSTM (returns),9184.247366,9108.065675,9112.013842122436
2020-06-30,2020,LSTM (returns),9143.967585,9184.247366,9191.601970261083
2020-07-01,2020,LSTM (returns),9241.339612,9143.967585,9150.780106696348
2020-07-02,2020,LSTM (returns),9094.387287,9241.339612,9248.491886655705
2020-07-03,2020,LSTM (returns),9066.690697,9094.387287,9110.841614638586
2020-07-04,2020,LSTM (returns),9126.219555,9066.690697,9077.1808414042
2020-07-05,2020,LSTM (returns),9079.614018,9126.219555,9129.882249040118
2020-07-06,2020,LSTM (returns),9338.942591,9079.614018,9088.707358561169
2020-07-07,2020,LSTM (returns),9252.158733,9338.942591,9358.386140596445
2020-07-08,2020,LSTM (returns),9434.567956,9252.158733,9270.905609253085
2020-07-09,2020,LSTM (returns),9231.502348,9434.567956,9460.80677901799
2020-07-10,2020,LSTM (returns),9285.221015,9231.502348,9258.167626260667
2020-07-11,2020,LSTM (returns),9237.171008,9285.221015,9306.797379387766
2020-07-12,2020,LSTM (returns),9289.097977,9237.171008,9249.796104021556
2020-07-13,2020,LSTM (returns),9236.622501,9289.097977,9302.370230384013
2020-07-14,2020,LSTM (returns),9260.356987,9236.622501,9259.263493599177
2020-07-15,2020,LSTM (returns),9196.725559,9260.356987,9281.74570819281
2020-07-16,2020,LSTM (returns),9132.592312,9196.725559,9215.320433572564
2020-07-17,2020,LSTM (returns),9156.46871,9132.592312,9155.624697306203
2020-07-18,2020,LSTM (returns),9175.905309,9156.46871,9169.566352083682
2020-07-19,2020,LSTM (returns),9218.842311,9175.905309,9183.85294342723
2020-07-20,2020,LSTM (returns),9167.190568,9218.842311,9225.720014666154
2020-07-21,2020,LSTM (returns),9388.57435,9167.190568,9182.329651662434
2020-07-22,2020,LSTM (returns),9531.25743,9388.57435,9412.001378637882
2020-07-23,2020,LSTM (returns),9609.166715,9531.25743,9556.331053863216
2020-07-24,2020,LSTM (returns),9548.100727,9609.166715,9638.677344476291
2020-07-25,2020,LSTM (returns),9702.45279,9548.100727,9575.947780551045
2020-07-26,2020,LSTM (returns),9933.906554,9702.45279,9730.753694639989
2020-07-27,2020,LSTM (returns),11046.50833,9933.906554,9970.282510830419
2020-07-28,2020,LSTM (returns),10944.612979,11046.50833,11094.813995058124
2020-07-29,2020,LSTM (returns),11115.771282,10944.612979,11006.585720832603
2020-07-30,2020,LSTM (returns),11135.390726,11115.771282,11174.670508921228
2020-07-31,2020,LSTM (returns),11338.197341,11135.390726,11188.41129542965
2020-08-01,2020,LSTM (returns),11797.582127,11338.197341,11391.133481766972
2020-08-02,2020,LSTM (returns),11094.020684,11797.582127,11855.60012167609
2020-08-03,2020,LSTM (returns),11236.095681,11094.020684,11161.510082553452
2020-08-04,2020,LSTM (returns),11202.651909,11236.095681,11285.39831409394
2020-08-05,2020,LSTM (returns),11721.438472,11202.651909,11247.715273312111
2020-08-06,2020,LSTM (returns),11769.309108,11721.438472,11766.278307394752
2020-08-07,2020,LSTM (returns),11598.969059,11769.309108,11814.70234780985
2020-08-08,2020,LSTM (returns),11743.008635,11598.969059,11644.953944986564
2020-08-09,2020,LSTM (returns),11680.517366,11743.008635,11775.587351916827
2020-08-10,2020,LSTM (returns),11870.369545,11680.517366,11711.382963961598
2020-08-11,2020,LSTM (returns),11392.644088,11870.369545,11913.25471956663
2020-08-12,2020,LSTM (returns),11575.512474,11392.644088,11440.285765448627
2020-08-13,2020,LSTM (returns),11773.448116,11575.512474,11615.75593010105
2020-08-14,2020,LSTM (returns),11774.408252,11773.448116,11814.072983841306
2020-08-15,2020,LSTM (returns),11866.910361,11774.408252,11809.350268885737
2020-08-16,2020,LSTM (returns),11899.642754,11866.910361,11899.296689907214
2020-08-17,2020,LSTM (returns),12315.762417,11899.642754,11925.734575265944
2020-08-18,2020,LSTM (returns),11992.695996,12315.762417,12353.066686556493
2020-08-19,2020,LSTM (returns),11736.849065,11992.695996,12033.299515723604
2020-08-20,2020,LSTM (returns),11867.520344,11736.849065,11774.529539155026
2020-08-21,2020,LSTM (returns),11524.698949,11867.520344,11890.85170694542
2020-08-22,2020,LSTM (returns),11682.28915,11524.698949,11558.52542200335
2020-08-23,2020,LSTM (returns),11665.609274,11682.28915,11701.79644077834
2020-08-24,2020,LSTM (returns),11771.408054,11665.609274,11674.47985534232
2020-08-25,2020,LSTM (returns),11358.45432,11771.408054,11781.51967225607
2020-08-26,2020,LSTM (returns),11472.04912,11358.45432,11384.122970366836
2020-08-27,2020,LSTM (returns),11314.673741,11472.04912,11493.362417497756
2020-08-28,2020,LSTM (returns),11527.883032,11314.673741,11339.586955180368
2020-08-29,2020,LSTM (returns),11490.762348,11527.883032,11543.674725506815
2020-08-30,2020,LSTM (returns),11698.975833,11490.762348,11499.611966939712
2020-08-31,2020,LSTM (returns),11678.348227,11698.975833,11711.135663403573
2020-09-01,2020,LSTM (returns),11970.364856,11678.348227,11696.821404512779
2020-09-02,2020,LSTM (returns),11414.520934,11970.364856,12001.329751543757
2020-09-03,2020,LSTM (returns),10261.49441,11414.520934,11455.685146398191
2020-09-04,2020,LSTM (returns),10471.966413,10261.49441,10311.440031002538
2020-09-05,2020,LSTM (returns),10128.643586,10471.966413,10511.072621217316
2020-09-06,2020,LSTM (returns),10253.299898,10128.643586,10162.518635661472
2020-09-07,2020,LSTM (returns),10367.878354,10253.299898,10265.589585455393
2020-09-08,2020,LSTM (returns),10108.63545,10367.878354,10374.090319316841
2020-09-09,2020,LSTM (returns),10223.111409,10108.63545,10116.286408097263
2020-09-10,2020,LSTM (returns),10334.63073,10223.111409,10217.585418768638
2020-09-11,2020,LSTM (returns),10387.020742,10334.63073,10333.107084102103
2020-09-12,2020,LSTM (returns),10436.977832,10387.020742,10381.414576533993
2020-09-13,2020,LSTM (returns),10322.523615,10436.977832,10428.893904387547
2020-09-14,2020,LSTM (returns),10662.719912,10322.523615,10324.137909660589
2020-09-15,2020,LSTM (returns),10779.381025,10662.719912,10670.715980752404
2020-09-16,2020,LSTM (returns),10968.320547,10779.381025,10793.882243412374
2020-09-17,2020,LSTM (returns),10936.292751,10968.320547,10987.678256178555
2020-09-18,2020,LSTM (returns),10920.112844,10936.292751,10958.496011021578
2020-09-19,2020,LSTM (returns),11073.779548,10920.112844,10941.811251110974
2020-09-20,2020,LSTM (returns),10921.2181,11073.779548,11088.792325230681
2020-09-21,2020,LSTM (returns),10455.379962,10921.2181,10938.61365984925
2020-09-22,2020,LSTM (returns),10519.839164,10455.379962,10488.004108542456
2020-09-23,2020,LSTM (returns),10233.299569,10519.839164,10544.15107189741
2020-09-24,2020,LSTM (returns),10739.042709,10233.299569,10257.403885451
2020-09-25,2020,LSTM (returns),10683.630581,10739.042709,10760.32796581971
2020-09-26,2020,LSTM (returns),10742.03042,10683.630581,10703.761198764556
2020-09-27,2020,LSTM (returns),10758.82429,10742.03042,10752.866109775052
2020-09-28,2020,LSTM (returns),10727.375054,10758.82429,10768.79586397974
2020-09-29,2020,LSTM (returns),10841.142744,10727.375054,10747.945052929312
2020-09-30,2020,LSTM (returns),10772.351767,10841.142744,10860.951955667797
2020-10-01,2020,LSTM (returns),10606.617333,10772.351767,10791.892113514925
2020-10-02,2020,LSTM (returns),10570.105678,10606.617333,10636.094653459155
2020-10-03,2020,LSTM (returns),10555.705434,10570.105678,10599.438374789877
2020-10-04,2020,LSTM (returns),10665.618622,10555.705434,10566.299150651708
2020-10-05,2020,LSTM (returns),10772.6356,10665.618622,10673.431133667247
2020-10-06,2020,LSTM (returns),10596.373549,10772.6356,10786.049183652634
2020-10-07,2020,LSTM (returns),10667.194394,10596.373549,10618.98495876527
2020-10-08,2020,LSTM (returns),10902.529364,10667.194394,10684.577425549365
2020-10-09,2020,LSTM (returns),11074.10368,10902.529364,10927.415031503355
2020-10-10,2020,LSTM (returns),11302.854286,11074.10368,11100.932607355737
2020-10-11,2020,LSTM (returns),11378.262528,11302.854286,11331.851833322356
2020-10-12,2020,LSTM (returns),11548.401557,11378.262528,11400.405142658232
2020-10-13,2020,LSTM (returns),11434.968785,11548.401557,11583.39947682157
2020-10-14,2020,LSTM (returns),11417.108114,11434.968785,11471.539154673992
2020-10-15,2020,LSTM (returns),11502.581239,11417.108114,11451.381723177557
2020-10-16,2020,LSTM (returns),11338.987177,11502.581239,11538.545806039627
2020-10-17,2020,LSTM (returns),11362.802217,11338.987177,11376.929187879003
2020-10-18,2020,LSTM (returns),11489.622565,11362.802217,11379.87527369586
2020-10-19,2020,LSTM (returns),11745.811968,11489.622565,11501.349879239368
2020-10-20,2020,LSTM (returns),11929.457251,11745.811968,11772.161086953492
2020-10-21,2020,LSTM (returns),12848.490618,11929.457251,11968.623462890157
2020-10-22,2020,LSTM (returns),12997.499342,12848.490618,12903.950868492728
2020-10-23,2020,LSTM (returns),12953.429697,12997.499342,13062.323859517284
2020-10-24,2020,LSTM (returns),13113.866923,12953.429697,13009.971664056366
2020-10-25,2020,LSTM (returns),13041.641037,13113.866923,13157.566486070731
2020-10-26,2020,LSTM (returns),13080.65617,13041.641037,13087.487711253467
2020-10-27,2020,LSTM (returns),13675.523928,13080.65617,13133.046987939771
2020-10-28,2020,LSTM (returns),13290.32885,13675.523928,13736.540588358395
2020-10-29,2020,LSTM (returns),13475.217301,13290.32885,13360.338740012701
2020-10-30,2020,LSTM (returns),13603.296091,13475.217301,13536.6565226981
2020-10-31,2020,LSTM (returns),13807.233611,13603.296091,13663.526723565587
2020-11-01,2020,LSTM (returns),13736.899411,13807.233611,13864.168436345402
2020-11-02,2020,LSTM (returns),13595.56476,13736.899411,13776.323318562321
2020-11-03,2020,LSTM (returns),13996.915399,13595.56476,13644.454364684761
2020-11-04,2020,LSTM (returns),14129.148195,13996.915399,14046.097588140361
2020-11-05,2020,LSTM (returns),15606.466834,14129.148195,14186.517382163816
2020-11-06,2020,LSTM (returns),15618.972471,15606.466834,15677.593172066485
2020-11-07,2020,LSTM (returns),14866.356305,15618.972471,15706.552909029671
2020-11-08,2020,LSTM (returns),15500.000707,14866.356305,14951.929127569438
2020-11-09,2020,LSTM (returns),15319.819973,15500.000707,15562.261977738635
2020-11-10,2020,LSTM (returns),15319.275676,15319.819973,15395.30032525557
2020-11-11,2020,LSTM (returns),15731.241106,15319.275676,15378.416099498932
2020-11-12,2020,LSTM (returns),16289.814898,15731.241106,15789.376367407105
2020-11-13,2020,LSTM (returns),16330.062768,16289.814898,16357.336256988541
2020-11-14,2020,LSTM (returns),16102.010017,16330.062768,16395.699172655357
2020-11-15,2020,LSTM (returns),15986.754991,16102.010017,16156.413145762399
2020-11-16,2020,LSTM (returns),16743.05394,15986.754991,16026.480917998582
2020-11-17,2020,LSTM (returns),17682.169187,16743.05394,16794.985530628102
2020-11-18,2020,LSTM (returns),17804.690024,17682.169187,17753.673658928074
2020-11-19,2020,LSTM (returns),17818.668662,17804.690024,17901.575047388706
2020-11-20,2020,LSTM (returns),18663.781853,17818.668662,17910.788792763524
2020-11-21,2020,LSTM (returns),18706.589335,18663.781853,18754.86276165768
2020-11-22,2020,LSTM (returns),18482.692632,18706.589335,18802.01947359075
2020-11-23,2020,LSTM (returns),18373.25776,18482.692632,18580.40368734046
2020-11-24,2020,LSTM (returns),19150.251049,18373.25776,18469.87845829347
2020-11-25,2020,LSTM (returns),18748.393713,19150.251049,19259.454236354573
2020-11-26,2020,LSTM (returns),17113.716871,18748.393713,18850.69913384052
2020-11-27,2020,LSTM (returns),17101.603018,17113.716871,17231.128319578525
2020-11-28,2020,LSTM (returns),17745.377312,17101.603018,17168.119401549768
2020-11-29,2020,LSTM (returns),18190.86688,17745.377312,17782.607430024993
2020-11-30,2020,LSTM (returns),19664.407607,18190.86688,18213.25675297537
2020-12-01,2020,LSTM (returns),18820.60779,19664.407607,19704.948937845533
2020-12-02,2020,LSTM (returns),19214.872229,18820.60779,18890.77955727789
2020-12-03,2020,LSTM (returns),19470.311208,19214.872229,19266.007331338653
2020-12-04,2020,LSTM (returns),18732.967091,19470.311208,19511.0034593442
2020-12-05,2020,LSTM (returns),19114.633131,18732.967091,18783.015738013884
2020-12-06,2020,LSTM (returns),19356.313677,19114.633131,19132.34820036531
2020-12-07,2020,LSTM (returns),19182.176833,19356.313677,19371.377252883718
2020-12-08,2020,LSTM (returns),18340.978138,19182.176833,19207.910342327676
2020-12-09,2020,LSTM (returns),18574.696735,18340.978138,18392.73280261806
2020-12-10,2020,LSTM (returns),18294.846951,18574.696735,18634.596066754373
2020-12-11,2020,LSTM (returns),18061.760026,18294.846951,18338.881961649124
2020-12-12,2020,LSTM (returns),18813.283769,18061.760026,18111.671545136778
2020-12-13,2020,LSTM (returns),19156.082506,18813.283769,18844.942049294274
2020-12-14,2020,LSTM (returns),19286.751299,19156.082506,19191.138295567314
2020-12-15,2020,LSTM (returns),19432.588464,19286.751299,19317.989037028958
2020-12-16,2020,LSTM (returns),21370.720319,19432.588464,19477.354712951397
2020-12-17,2020,LSTM (returns),22789.267416,21370.720319,21439.266178831942
2020-12-18,2020,LSTM (returns),23048.764561,22789.267416,22900.86354747303
2020-12-19,2020,LSTM (returns),23856.773519,23048.764561,23177.85115945353
2020-12-20,2020,LSTM (returns),23528.550614,23856.773519,23986.85675689741
2020-12-21,2020,LSTM (returns),22937.418344,23528.550614,23661.24878146546
2020-12-22,2020,LSTM (returns),23756.888769,22937.418344,23078.66334519441
2020-12-23,2020,LSTM (returns),23307.270902,23756.888769,23885.661034630913
2020-12-24,2020,LSTM (returns),23707.633044,23307.270902,23448.84830478748
2020-12-25,2020,LSTM (returns),24669.164322,23707.633044,23823.115738834127
2020-12-26,2020,LSTM (returns),26478.068105,24669.164322,24783.029179833877
2020-12-27,2020,LSTM (returns),26430.856597,26478.068105,26605.976166218155
2020-12-28,2020,LSTM (returns),27039.34902,26430.856597,26592.55494153296
2020-12-29,2020,LSTM (returns),27231.203455,27039.34902,27196.146574410486
2020-12-30,2020,LSTM (returns),28844.613678,27231.203455,27379.313621260964
2020-12-31,2020,LSTM (returns),29022.671413,28844.613678,29002.15099864542
2021-01-01,2021,LSTM (returns),29380.693733,29022.671413,29280.588772067003
2021-01-02,2021,LSTM (returns),32022.681058,29380.693733,29704.43826933628
2021-01-03,2021,LSTM (returns),33277.835305,32022.681058,32332.626153662306
2021-01-04,2021,LSTM (returns),31802.146714,33277.835305,33585.12300092848
2021-01-05,2021,LSTM (returns),34013.174172,31802.146714,32047.011344199545
2021-01-06,2021,LSTM (returns),36643.277722,34013.174172,34408.722833704735
2021-01-07,2021,LSTM (returns),39215.651149,36643.277722,37018.56949072863
2021-01-08,2021,LSTM (returns),40775.404563,39215.651149,39582.47887305992
2021-01-09,2021,LSTM (returns),40370.68235,40775.404563,41206.27417814941
2021-01-10,2021,LSTM (returns),38329.340167,40370.68235,41035.70221562295
2021-01-11,2021,LSTM (returns),35269.513718,38329.340167,38668.80150143607
2021-01-12,2021,LSTM (returns),33712.468545,35269.513718,35619.39140498234
2021-01-13,2021,LSTM (returns),37296.547528,33712.468545,34060.56893451294
2021-01-14,2021,LSTM (returns),39045.51834,37296.547528,37416.25580100785
2021-01-15,2021,LSTM (returns),36710.317425,39045.51834,39108.37743550061
2021-01-16,2021,LSTM (returns),36177.261097,36710.317425,36810.86010692464
2021-01-17,2021,LSTM (returns),36069.939467,36177.261097,36315.48390849645
2021-01-18,2021,LSTM (returns),36594.296402,36069.939467,36182.759951888205
2021-01-19,2021,LSTM (returns),36250.146189,36594.296402,36668.5598761421
2021-01-20,2021,LSTM (returns),35515.480013,36250.146189,36349.178688959684
2021-01-21,2021,LSTM (returns),31022.951028,35515.480013,35645.1971029967
2021-01-22,2021,LSTM (returns),32986.435757,31022.951028,31396.41713145878
2021-01-23,2021,LSTM (returns),32036.282272,32986.435757,33090.03813283066
2021-01-24,2021,LSTM (returns),32216.10429,32036.282272,32142.721429060373
2021-01-25,2021,LSTM (returns),32419.705946,32216.10429,32172.14130051965
2021-01-26,2021,LSTM (returns),32640.639143,32419.705946,32451.390946240375
2021-01-27,2021,LSTM (returns),30358.934724,32640.639143,32629.05908522039
2021-01-28,2021,LSTM (returns),33511.287595,30358.934724,30596.554121797715
2021-01-29,2021,LSTM (returns),34166.149426,33511.287595,33327.58196764283
2021-01-30,2021,LSTM (returns),34349.917095,34166.149426,34187.700354868146
2021-01-31,2021,LSTM (returns),33157.832575,34349.917095,34474.867361384146
2021-02-01,2021,LSTM (returns),33570.271847,33157.832575,33287.35367656255
2021-02-02,2021,LSTM (returns),35596.148909,33570.271847,33583.40566395975
2021-02-03,2021,LSTM (returns),37578.373207,35596.148909,35471.666087674595
2021-02-04,2021,LSTM (returns),37129.202938,37578.373207,37434.64037050411
2021-02-05,2021,LSTM (returns),38045.413608,37129.202938,37085.35201775803
2021-02-06,2021,LSTM (returns),39341.727081,38045.413608,38096.735955173026
2021-02-07,2021,LSTM (returns),39003.012182,39341.727081,39387.578633686426
2021-02-08,2021,LSTM (returns),46121.934072,39003.012182,39173.69033488379
2021-02-09,2021,LSTM (returns),46548.161991,46121.934072,46127.86082903779
2021-02-10,2021,LSTM (returns),45078.12835,46548.161991,46721.44124135981
2021-02-11,2021,LSTM (returns),47892.840918,45078.12835,45375.885206707266
2021-02-12,2021,LSTM (returns),47525.209143,47892.840918,48186.505762831956
2021-02-13,2021,LSTM (returns),47208.625027,47525.209143,47827.87149143718
2021-02-14,2021,LSTM (returns),48829.82751,47208.625027,47563.26769958668
2021-02-15,2021,LSTM (returns),48110.241733,48829.82751,49181.278209159056
2021-02-16,2021,LSTM (returns),49140.382658,48110.241733,48417.46815412604
2021-02-17,2021,LSTM (returns),52224.939114,49140.382658,49546.771801663
2021-02-18,2021,LSTM (returns),51650.069949,52224.939114,52754.59192321443
2021-02-19,2021,LSTM (returns),55820.504404,51650.069949,52166.6900487903
2021-02-20,2021,LSTM (returns),55861.820567,55820.504404,56447.46658037501
2021-02-21,2021,LSTM (returns),57500.71611,55861.820567,56342.460502411144
2021-02-22,2021,LSTM (returns),53952.153339,57500.71611,58276.085055146694
2021-02-23,2021,LSTM (returns),48560.489035,53952.153339,54296.41636678198
2021-02-24,2021,LSTM (returns),49567.345689,48560.489035,48983.021505972414
2021-02-25,2021,LSTM (returns),47568.13117,49567.345689,49810.60629227444
2021-02-26,2021,LSTM (returns),46231.767578,47568.13117,47809.7107013945
2021-02-27,2021,LSTM (returns),45834.513361,46231.767578,46560.993994421195
2021-02-28,2021,LSTM (returns),45359.464164,45834.513361,45967.61578495258
2021-03-01,2021,LSTM (returns),49634.447109,45359.464164,45513.86234433553
2021-03-02,2021,LSTM (returns),48304.705488,49634.447109,49392.5427137704
2021-03-03,2021,LSTM (returns),50690.467184,48304.705488,48307.44286241356
2021-03-04,2021,LSTM (returns),48472.795475,50690.467184,50505.54079750968
2021-03-05,2021,LSTM (returns),48800.817359,48472.795475,48535.78369626501
2021-03-06,2021,LSTM (returns),48970.524487,48800.817359,48794.98899762881
2021-03-07,2021,LSTM (returns),51086.468179,48970.524487,48890.041489889
2021-03-08,2021,LSTM (returns),52088.475132,51086.468179,50873.00529486786
2021-03-09,2021,LSTM (returns),54739.135254,52088.475132,51947.28418619487
2021-03-10,2021,LSTM (returns),56116.040912,54739.135254,54655.11843440119
2021-03-11,2021,LSTM (returns),57847.254936,56116.040912,56138.20758706506
2021-03-12,2021,LSTM (returns),57334.641535,57847.254936,58005.366322074304
2021-03-13,2021,LSTM (returns),61288.794128,57334.641535,57571.93768757513
2021-03-14,2021,LSTM (returns),59905.61847,61288.794128,61591.70801514134
2021-03-15,2021,LSTM (returns),56121.121924,59905.61847,60382.8360714046
2021-03-16,2021,LSTM (returns),56500.446026,56121.121924,56446.54681731931
2021-03-17,2021,LSTM (returns),58683.065982,56500.446026,56870.102492427635
2021-03-18,2021,LSTM (returns),57731.479841,58683.065982,59012.75693887305
2021-03-19,2021,LSTM (returns),58168.121922,57731.479841,58053.28574016476
2021-03-20,2021,LSTM (returns),58247.884707,58168.121922,58493.570481386116
2021-03-21,2021,LSTM (returns),57447.93302,58247.884707,58532.5157932094
2021-03-22,2021,LSTM (returns),54453.137351,57447.93302,57710.711849417174
2021-03-23,2021,LSTM (returns),54563.611946,54453.137351,54735.43600133201
2021-03-24,2021,LSTM (returns),52595.411324,54563.611946,54871.29263087183
2021-03-25,2021,LSTM (returns),51547.124895,52595.411324,52941.765066552616
2021-03-26,2021,LSTM (returns),54817.857112,51547.124895,51834.27431331752
2021-03-27,2021,LSTM (returns),56019.837306,54817.857112,54799.555741553464
2021-03-28,2021,LSTM (returns),55713.03814,56019.837306,55951.91193701115
2021-03-29,2021,LSTM (returns),57571.233348,55713.03814,55660.91240116348
2021-03-30,2021,LSTM (returns),58684.548392,57571.233348,57536.00578072409
2021-03-31,2021,LSTM (returns),58792.194828,58684.548392,58707.553578591134
2021-04-01,2021,LSTM (returns),58818.977099,58792.194828,58865.630007698026
2021-04-02,2021,LSTM (returns),59031.534019,58818.977099,58953.33592803439
2021-04-03,2021,LSTM (returns),57282.389625,59031.534019,59169.8852360539
2021-04-04,2021,LSTM (returns),58202.199392,57282.389625,57414.154639441425
2021-04-05,2021,LSTM (returns),58755.85253,58202.199392,58289.80719801147
2021-04-06,2021,LSTM (returns),58084.066423,58755.85253,58877.11281263568
2021-04-07,2021,LSTM (returns),56266.834676,58084.066423,58255.48129515089
2021-04-08,2021,LSTM (returns),57963.344599,56266.834676,56517.76850213906
2021-04-09,2021,LSTM (returns),58051.762556,57963.344599,58076.546800484655
2021-04-10,2021,LSTM (returns),59651.558988,58051.762556,58116.979952273316
2021-04-11,2021,LSTM (returns),59932.930647,59651.558988,59762.651344611775
2021-04-12,2021,LSTM (returns),59905.936374,59932.930647,60099.48192245856
2021-04-13,2021,LSTM (returns),63445.638314,59905.936374,60074.2878456617
2021-04-14,2021,LSTM (returns),62869.495587,63445.638314,63648.132432513055
2021-04-15,2021,LSTM (returns),63231.162987,62869.495587,63089.11402470907
2021-04-16,2021,LSTM (returns),61571.110091,63231.162987,63569.26994900234
2021-04-17,2021,LSTM (returns),60280.876176,61571.110091,61927.658029130806
2021-04-18,2021,LSTM (returns),56389.557981,60280.876176,60622.73874106736
2021-04-19,2021,LSTM (returns),55798.137077,56389.557981,57033.95995098392
2021-04-20,2021,LSTM (returns),56474.373759,55798.137077,56167.683063560675
2021-04-21,2021,LSTM (returns),54025.799575,56474.373759,56673.142869013194
2021-04-22,2021,LSTM (returns),51882.059811,54025.799575,54305.79008260719
2021-04-23,2021,LSTM (returns),50954.910061,51882.059811,52468.93081739663
2021-04-24,2021,LSTM (returns),50279.948446,50954.910061,51552.617945623344
2021-04-25,2021,LSTM (returns),48946.940743,50279.948446,50482.07108468532
2021-04-26,2021,LSTM (returns),53943.349978,48946.940743,49173.06429883248
2021-04-27,2021,LSTM (returns),55027.030985,53943.349978,53438.83180109668
2021-04-28,2021,LSTM (returns),54787.378707,55027.030985,54664.01889557243
2021-04-29,2021,LSTM (returns),53567.081194,54787.378707,54514.216537896566
2021-04-30,2021,LSTM (returns),57741.444417,53567.081194,53459.300516421325
2021-05-01,2021,LSTM (returns),57863.590393,57741.444417,57265.136835785815
2021-05-02,2021,LSTM (returns),56572.596841,57863.590393,57681.04581385865
2021-05-03,2021,LSTM (returns),57243.041605,56572.596841,56467.85163975747
2021-05-04,2021,LSTM (returns),53724.108925,57243.041605,57142.17903214677
2021-05-05,2021,LSTM (returns),57342.025662,53724.108925,53919.861320563316
2021-05-06,2021,LSTM (returns),56527.352979,57342.025662,57338.005225019166
2021-05-07,2021,LSTM (returns),57341.068455,56527.352979,56695.08392507815
2021-05-08,2021,LSTM (returns),58736.125895,57341.068455,57491.62778766924
2021-05-09,2021,LSTM (returns),58288.42563,58736.125895,58863.283346168304
2021-05-10,2021,LSTM (returns),55902.92774,58288.42563,58472.48600691857
2021-05-11,2021,LSTM (returns),56612.102649,55902.92774,56215.649389741484
2021-05-12,2021,LSTM (returns),50972.355081,56612.102649,56812.12481953812
2021-05-13,2021,LSTM (returns),49368.614474,50972.355081,51528.52671023249
2021-05-14,2021,LSTM (returns),49997.395901,49368.614474,50085.12792687326
2021-05-15,2021,LSTM (returns),47047.963333,49997.395901,50237.2294152857
2021-05-16,2021,LSTM (returns),46022.503709,47047.963333,47646.1049217023
2021-05-17,2021,LSTM (returns),43492.395483,46022.503709,46639.16582371384
2021-05-18,2021,LSTM (returns),42789.809392,43492.395483,44476.09104382307
2021-05-19,2021,LSTM (returns),37642.520002,42789.809392,43442.68507653608
2021-05-20,2021,LSTM (returns),40799.402148,37642.520002,39375.25484384058
2021-05-21,2021,LSTM (returns),37174.331101,40799.402148,41193.967551731366
2021-05-22,2021,LSTM (returns),37643.419798,37174.331101,38408.16160391314
2021-05-23,2021,LSTM (returns),34774.207222,37643.419798,38146.96110868373
2021-05-24,2021,LSTM (returns),38630.409119,34774.207222,35921.42309245285
2021-05-25,2021,LSTM (returns),38269.771075,38630.409119,38571.83195970029
2021-05-26,2021,LSTM (returns),39194.858898,38269.771075,38521.81830593526
2021-05-27,2021,LSTM (returns),38510.857042,39194.858898,39090.237851050406
2021-05-28,2021,LSTM (returns),35596.717951,38510.857042,38524.27439342519
2021-05-29,2021,LSTM (returns),34681.818367,35596.717951,36035.76533760579
2021-05-30,2021,LSTM (returns),35652.16877,34681.818367,34958.57066571558
2021-05-31,2021,LSTM (returns),37312.974897,35652.16877,35459.94122069947
2021-06-01,2021,LSTM (returns),36661.378118,37312.974897,36907.0247278745
2021-06-02,2021,LSTM (returns),37639.455673,36661.378118,36457.04344662147
2021-06-03,2021,LSTM (returns),39160.150413,37639.455673,37303.90843369326
2021-06-04,2021,LSTM (returns),36884.373555,39160.150413,38812.39256708852
2021-06-05,2021,LSTM (returns),35409.567237,36884.373555,36793.29283303727
2021-06-06,2021,LSTM (returns),35720.604355,35409.567237,35379.956863008476
2021-06-07,2021,LSTM (returns),33724.907752,35720.604355,35567.49772879078
2021-06-08,2021,LSTM (returns),33475.048923,33724.907752,33766.14812994218
2021-06-09,2021,LSTM (returns),37372.988895,33475.048923,33601.461405521426
2021-06-10,2021,LSTM (returns),36826.002219,37372.988895,37298.53353414401
2021-06-11,2021,LSTM (returns),37185.393127,36826.002219,36919.73894975627
2021-06-12,2021,LSTM (returns),35669.171282,37185.393127,37257.356947860484
2021-06-13,2021,LSTM (returns),38925.419429,35669.171282,35797.92156639006
2021-06-14,2021,LSTM (returns),40455.595983,38925.419429,38837.55464079931
2021-06-15,2021,LSTM (returns),40254.651468,40455.595983,40387.16535268604
2021-06-16,2021,LSTM (returns),38265.543773,40254.651468,40348.46169118134
2021-06-17,2021,LSTM (returns),38018.643235,38265.543773,38377.853819476164
2021-06-18,2021,LSTM (returns),35714.312079,38018.643235,38123.29845096043
2021-06-19,2021,LSTM (returns),35555.976397,35714.312079,35852.54249820681
2021-06-20,2021,LSTM (returns),35599.941878,35555.976397,35632.50352546814
2021-06-21,2021,LSTM (returns),31715.159862,35599.941878,35673.816902781495
2021-06-22,2021,LSTM (returns),32394.555595,31715.159862,32153.455068096675
2021-06-23,2021,LSTM (returns),33610.496813,32394.555595,32695.981192655898
2021-06-24,2021,LSTM (returns),34658.972876,33610.496813,33654.61873229699
2021-06-25,2021,LSTM (returns),31683.5032,34658.972876,34549.597088442766
2021-06-26,2021,LSTM (returns),31890.676447,31683.5032,31958.427599979255
2021-06-27,2021,LSTM (returns),34506.491198,31890.676447,31985.124054097734
2021-06-28,2021,LSTM (returns),34376.188539,34506.491198,34253.353987469505
2021-06-29,2021,LSTM (returns),35933.778218,34376.188539,34276.06169486412
2021-06-30,2021,LSTM (returns),35065.466153,35933.778218,35758.36941040302
2021-07-01,2021,LSTM (returns),33505.080494,35065.466153,35062.480531393565
2021-07-02,2021,LSTM (returns),33782.945946,33505.080494,33573.66142764843
2021-07-03,2021,LSTM (returns),34588.224292,33782.945946,33769.41436641276
2021-07-04,2021,LSTM (returns),35355.607888,34588.224292,34514.95479812161
2021-07-05,2021,LSTM (returns),33911.75384,35355.607888,35282.15143905212
2021-07-06,2021,LSTM (returns),34123.981568,33911.75384,33903.014350508674
2021-07-07,2021,LSTM (returns),33931.618638,34123.981568,34158.99809001649
2021-07-08,2021,LSTM (returns),32819.659531,33931.618638,33978.86465880664
2021-07-09,2021,LSTM (returns),33914.881074,32819.659531,32916.050792192385
2021-07-10,2021,LSTM (returns),33610.945839,33914.881074,33963.732957703796
2021-07-11,2021,LSTM (returns),34258.44139,33610.945839,33649.35954897108
2021-07-12,2021,LSTM (returns),33135.235912,34258.44139,34263.43190921013
2021-07-13,2021,LSTM (returns),32641.975961,33135.235912,33165.35519340734
2021-07-14,2021,LSTM (returns),32798.284519,32641.975961,32692.886387242033
2021-07-15,2021,LSTM (returns),31707.690037,32798.284519,32866.08529259016
2021-07-16,2021,LSTM (returns),31455.717582,31707.690037,31804.008294738105
2021-07-17,2021,LSTM (returns),31547.951199,31455.717582,31547.022615543683
2021-07-18,2021,LSTM (returns),31707.703853,31547.951199,31560.079862257004
2021-07-19,2021,LSTM (returns),30883.469746,31707.703853,31671.55247349688
2021-07-20,2021,LSTM (returns),29766.657718,30883.469746,30908.503891873836
2021-07-21,2021,LSTM (returns),32119.657226,29766.657718,29867.28286802194
2021-07-22,2021,LSTM (returns),32306.961429,32119.657226,32074.58796622324
2021-07-23,2021,LSTM (returns),33439.595703,32306.961429,32298.95248960674
2021-07-24,2021,LSTM (returns),34166.914655,33439.595703,33367.74946107242
2021-07-25,2021,LSTM (returns),35119.937436,34166.914655,34121.11138296303
2021-07-26,2021,LSTM (returns),37444.78251,35119.937436,35082.2500425685
2021-07-27,2021,LSTM (returns),39126.540288,37444.78251,37403.55439505202
2021-07-28,2021,LSTM (returns),39939.194043,39126.540288,39256.39515284582
2021-07-29,2021,LSTM (returns),40086.164395,39939.194043,40042.23542580933
2021-07-30,2021,LSTM (returns),41789.667098,40086.164395,40371.44650454478
2021-07-31,2021,LSTM (returns),41793.313748,41789.667098,41944.40577831484
2021-08-01,2021,LSTM (returns),39968.968954,41793.313748,42063.246589947754
2021-08-02,2021,LSTM (returns),39304.186284,39968.968954,40147.968521214985
2021-08-03,2021,LSTM (returns),38288.825398,39304.186284,39515.828399444115
2021-08-04,2021,LSTM (returns),39773.911349,38288.825398,38503.77686541268
2021-08-05,2021,LSTM (returns),40941.650434,39773.911349,39975.20184003366
2021-08-06,2021,LSTM (returns),42790.357328,40941.650434,41165.11098746134
2021-08-07,2021,LSTM (returns),44484.900586,42790.357328,43061.46502879528
2021-08-08,2021,LSTM (returns),43972.301018,44484.900586,44791.44368590851
2021-08-09,2021,LSTM (returns),46265.642456,43972.301018,44335.757076770984
2021-08-10,2021,LSTM (returns),45488.791262,46265.642456,46664.844786002424
2021-08-11,2021,LSTM (returns),45676.326361,45488.791262,45911.28236269715
2021-08-12,2021,LSTM (returns),44405.748348,45676.326361,46048.53791350252
2021-08-13,2021,LSTM (returns),47717.485356,44405.748348,44722.310237483005
2021-08-14,2021,LSTM (returns),47124.205074,47717.485356,48081.191732790474
2021-08-15,2021,LSTM (returns),47074.37071,47124.205074,47404.17972528083
2021-08-16,2021,LSTM (returns),45984.719907,47074.37071,47358.82196063563
2021-08-17,2021,LSTM (returns),44714.096798,45984.719907,46235.23543795388
2021-08-18,2021,LSTM (returns),44954.363747,44714.096798,44966.072635080185
2021-08-19,2021,LSTM (returns),46646.861505,44954.363747,45193.565979497995
2021-08-20,2021,LSTM (returns),49240.835605,46646.861505,46878.31362219448
2021-08-21,2021,LSTM (returns),49070.24097,49240.835605,49489.892610480914
2021-08-22,2021,LSTM (returns),49363.316095,49070.24097,49315.77984550737
2021-08-23,2021,LSTM (returns),49590.876368,49363.316095,49688.656614330306
2021-08-24,2021,LSTM (returns),47925.862213,49590.876368,49831.20255693303
2021-08-25,2021,LSTM (returns),49002.316605,47925.862213,48142.21463523542
2021-08-26,2021,LSTM (returns),47190.344993,49002.316605,49214.30218576882
2021-08-27,2021,LSTM (returns),49048.475589,47190.344993,47369.33726624157
2021-08-28,2021,LSTM (returns),48852.4688,49048.475589,49223.399880644116
2021-08-29,2021,LSTM (returns),48948.347958,48852.4688,49014.59123187687
2021-08-30,2021,LSTM (returns),47125.768519,48948.347958,49069.71104909353
2021-08-31,2021,LSTM (returns),47219.244342,47125.768519,47278.08803566782
2021-09-01,2021,LSTM (returns),48688.537557,47219.244342,47387.30627488352
2021-09-02,2021,LSTM (returns),49369.586275,48688.537557,48848.72894816465
2021-09-03,2021,LSTM (returns),49860.534164,49369.586275,49526.02774661687
2021-09-04,2021,LSTM (returns),49919.577564,49860.534164,50039.696250810484
2021-09-05,2021,LSTM (returns),51747.643857,49919.577564,50104.82826096624
2021-09-06,2021,LSTM (returns),52640.588374,51747.643857,51883.01545528834
2021-09-07,2021,LSTM (returns),46854.400603,52640.588374,52765.94229573911
2021-09-08,2021,LSTM (returns),46187.975731,46854.400603,47081.74233138184
2021-09-09,2021,LSTM (returns),46448.774829,46187.975731,46369.04714794815
2021-09-10,2021,LSTM (returns),44765.275576,46448.774829,46506.46473702638
2021-09-11,2021,LSTM (returns),45098.591645,44765.275576,44930.83827562904
2021-09-12,2021,LSTM (returns),46180.612456,45098.591645,45064.85693643734
2021-09-13,2021,LSTM (returns),44991.522128,46180.612456,45988.2290569292
2021-09-14,2021,LSTM (returns),47022.61776,44991.522128,45051.41329441255
2021-09-15,2021,LSTM (returns),48167.189368,47022.61776,46937.816211176265
2021-09-16,2021,LSTM (returns),47797.328324,48167.189368,48092.86073492025
2021-09-17,2021,LSTM (returns),47213.794129,47797.328324,47776.104293252094
2021-09-18,2021,LSTM (returns),48204.013652,47213.794129,47235.96347121938
2021-09-19,2021,LSTM (returns),47218.473996,48204.013652,48194.058521818515
2021-09-20,2021,LSTM (returns),42855.510345,47218.473996,47248.74147794577
2021-09-21,2021,LSTM (returns),40526.489376,42855.510345,43150.71367491379
2021-09-22,2021,LSTM (returns),43577.572482,40526.489376,40974.974171363254
2021-09-23,2021,LSTM (returns),44861.298033,43577.572482,43532.0782674663
2021-09-24,2021,LSTM (returns),42803.307701,44861.298033,44759.29781112756
2021-09-25,2021,LSTM (returns),42735.265824,42803.307701,42986.7982435021
2021-09-26,2021,LSTM (returns),43131.294177,42735.265824,42791.9110094203
2021-09-27,2021,LSTM (returns),42496.785225,43131.294177,43107.19878376844
2021-09-28,2021,LSTM (returns),41223.786274,42496.785225,42524.28135265293
2021-09-29,2021,LSTM (returns),41453.947013,41223.786274,41317.97416492034
2021-09-30,2021,LSTM (returns),43781.546015,41453.947013,41458.99962510615
2021-10-01,2021,LSTM (returns),48078.131554,43781.546015,43643.11753649221
2021-10-02,2021,LSTM (returns),47792.439194,48078.131554,47855.22010405392
2021-10-03,2021,LSTM (returns),48202.622918,47792.439194,47912.60790736283
2021-10-04,2021,LSTM (returns),49288.501311,48202.622918,48268.28465408883
2021-10-05,2021,LSTM (returns),51558.049332,49288.501311,49311.77168650291
2021-10-06,2021,LSTM (returns),55419.800411,51558.049332,51633.19120422459
2021-10-07,2021,LSTM (returns),53805.156913,55419.800411,55473.47674797961
2021-10-08,2021,LSTM (returns),53933.527591,53805.156913,54127.41751862196
2021-10-09,2021,LSTM (returns),55010.922475,53933.527591,54273.80405337321
2021-10-10,2021,LSTM (returns),54701.279702,55010.922475,55356.35754572394
2021-10-11,2021,LSTM (returns),57289.186457,54701.279702,54947.95259197331
2021-10-12,2021,LSTM (returns),56196.18126,57289.186457,57634.984727093135
2021-10-13,2021,LSTM (returns),57348.892877,56196.18126,56547.97306372282
2021-10-14,2021,LSTM (returns),57384.036915,57348.892877,57767.51276190216
2021-10-15,2021,LSTM (returns),61446.084007,57384.036915,57835.65336470869
2021-10-16,2021,LSTM (returns),60932.063212,61446.084007,61946.80199131991
2021-10-17,2021,LSTM (returns),61462.222372,60932.063212,61587.41159661138
2021-10-18,2021,LSTM (returns),61977.057551,61462.222372,62036.87724960846
2021-10-19,2021,LSTM (returns),64290.897757,61977.057551,62442.645208935304
2021-10-20,2021,LSTM (returns),66061.796564,64290.897757,64842.23147576654
2021-10-21,2021,LSTM (returns),62373.885621,66061.796564,66593.18668222867
2021-10-22,2021,LSTM (returns),60750.967372,62373.885621,62694.640487015364
2021-10-23,2021,LSTM (returns),61250.082629,60750.967372,61151.8189119218
2021-10-24,2021,LSTM (returns),60865.447052,61250.082629,61519.144985352636
2021-10-25,2021,LSTM (returns),63031.672902,60865.447052,60973.749722769746
2021-10-26,2021,LSTM (returns),60393.980274,63031.672902,63177.01081417534
2021-10-27,2021,LSTM (returns),58563.33599,60393.980274,60515.942841601725
2021-10-28,2021,LSTM (returns),60564.572112,58563.33599,58862.03988765525
2021-10-29,2021,LSTM (returns),62230.805569,60564.572112,60807.64394982606
2021-10-30,2021,LSTM (returns),61742.916532,62230.805569,62396.95554006416
2021-10-31,2021,LSTM (returns),61432.970063,61742.916532,61886.58713909295
2021-11-01,2021,LSTM (returns),61092.095059,61432.970063,61536.245292764936
2021-11-02,2021,LSTM (returns),63024.74723,61092.095059,61228.07856369843
2021-11-03,2021,LSTM (returns),62955.981763,63024.74723,63146.86275604047
2021-11-04,2021,LSTM (returns),61393.889978,62955.981763,63099.72947742311
2021-11-05,2021,LSTM (returns),61005.840834,61393.889978,61559.67363369493
2021-11-06,2021,LSTM (returns),61455.053627,61005.840834,61097.96456533657
2021-11-07,2021,LSTM (returns),63043.829059,61455.053627,61460.727476439424
2021-11-08,2021,LSTM (returns),67541.755508,63043.829059,62993.52567232464
2021-11-09,2021,LSTM (returns),67095.585671,67541.755508,67576.59871031818
2021-11-10,2021,LSTM (returns),64756.077969,67095.585671,67196.82509624878
2021-11-11,2021,LSTM (returns),64962.931294,64756.077969,64950.786379695484
2021-11-12,2021,LSTM (returns),64078.968037,64962.931294,65158.01525854728
2021-11-13,2021,LSTM (returns),64397.791206,64078.968037,64231.04296077468
2021-11-14,2021,LSTM (returns),65032.225655,64397.791206,64445.61717695004
2021-11-15,2021,LSTM (returns),63753.503159,65032.225655,64967.463995079204
2021-11-16,2021,LSTM (returns),60322.497853,63753.503159,63770.94432613435
2021-11-17,2021,LSTM (returns),60154.308366,60322.497853,60646.46612685865
2021-11-18,2021,LSTM (returns),56794.155627,60154.308366,60339.306747417555
2021-11-19,2021,LSTM (returns),58014.072989,56794.155627,57274.97140746729
2021-11-20,2021,LSTM (returns),59749.473823,58014.072989,58143.812951087995
2021-11-21,2021,LSTM (returns),59032.624102,59749.473823,59555.37561126013
2021-11-22,2021,LSTM (returns),56383.565876,59032.624102,58887.24515276712
2021-11-23,2021,LSTM (returns),57642.265798,56383.565876,56589.820940905476
2021-11-24,2021,LSTM (returns),57141.830378,57642.265798,57685.686039895176
2021-11-25,2021,LSTM (returns),59008.655479,57141.830378,57237.631190518856
2021-11-26,2021,LSTM (returns),53800.617839,59008.655479,58921.98324252959
2021-11-27,2021,LSTM (returns),54635.882463,53800.617839,54217.20050701841
2021-11-28,2021,LSTM (returns),57248.569696,54635.882463,54601.32591801582
2021-11-29,2021,LSTM (returns),57920.71073,57248.569696,56881.33457804319
2021-11-30,2021,LSTM (returns),57097.012794,57920.71073,57658.647978540685
2021-12-01,2021,LSTM (returns),57180.609844,57097.012794,57034.57377052845
2021-12-02,2021,LSTM (returns),56582.893769,57180.609844,57159.849424607215
2021-12-03,2021,LSTM (returns),53671.616068,56582.893769,56628.314988250284
2021-12-04,2021,LSTM (returns),49159.735798,53671.616068,53977.91760802995
2021-12-05,2021,LSTM (returns),49327.0936,49159.735798,49981.86907564084
2021-12-06,2021,LSTM (returns),50535.425223,49327.0936,49611.00760208051
2021-12-07,2021,LSTM (returns),50574.472834,50535.425223,50592.961461729115
2021-12-08,2021,LSTM (returns),50500.654351,50574.472834,50583.74941812279
2021-12-09,2021,LSTM (returns),47937.822846,50500.654351,50417.115296609554
2021-12-10,2021,LSTM (returns),47437.228973,47937.822846,48164.04710000549
2021-12-11,2021,LSTM (returns),49321.769325,47437.228973,47595.662368416306
2021-12-12,2021,LSTM (returns),50136.572257,49321.769325,49075.01959732294
2021-12-13,2021,LSTM (returns),46785.327841,50136.572257,49813.195977472875
2021-12-14,2021,LSTM (returns),48292.68225,46785.327841,46983.63813791772
2021-12-15,2021,LSTM (returns),48830.622386,48292.68225,48233.843805523546
2021-12-16,2021,LSTM (returns),47663.469108,48830.622386,48847.54009465959
2021-12-17,2021,LSTM (returns),46334.483749,47663.469108,47765.85440798171
2021-12-18,2021,LSTM (returns),46904.873675,46334.483749,46533.75256686315
2021-12-19,2021,LSTM (returns),46876.426924,46904.873675,46866.414003253565
2021-12-20,2021,LSTM (returns),46954.763478,46876.426924,46815.119339359466
2021-12-21,2021,LSTM (returns),49082.062467,46954.763478,46962.317032587096
2021-12-22,2021,LSTM (returns),48692.098739,49082.062467,48961.89296922978
2021-12-23,2021,LSTM (returns),50712.970768,48692.098739,48679.0203920513
2021-12-24,2021,LSTM (returns),50783.834421,50712.970768,50649.35927563086
2021-12-25,2021,LSTM (returns),50590.450898,50783.834421,50822.76820889177
2021-12-26,2021,LSTM (returns),50798.306586,50590.450898,50679.16734211982
2021-12-27,2021,LSTM (returns),50796.377674,50798.306586,50818.37074235132
2021-12-28,2021,LSTM (returns),47673.044045,50796.377674,50865.210018715276
2021-12-29,2021,LSTM (returns),46470.321575,47673.044045,47844.465504530555
2021-12-30,2021,LSTM (returns),47102.463004,46470.321575,46665.690469144654
2021-12-31,2021,LSTM (returns),46355.11733,47102.463004,47185.79210823024
2022-01-01,2022,LSTM (returns),47560.009382,46355.11733,46470.42058682589
2022-01-02,2022,LSTM (returns),47352.557757,47560.009382,47533.716053976445
2022-01-03,2022,LSTM (returns),46453.432352,47352.557757,47297.284581977816
2022-01-04,2022,LSTM (returns),45905.961122,46453.432352,46483.9464520616
2022-01-05,2022,LSTM (returns),43530.944039,45905.961122,45989.43082241554
2022-01-06,2022,LSTM (returns),43144.965293,43530.944039,43829.43217523016
2022-01-07,2022,LSTM (returns),41512.784581,43144.965293,43299.03320027242
2022-01-08,2022,LSTM (returns),41799.812885,41512.784581,41864.09006575608
2022-01-09,2022,LSTM (returns),41886.498557,41799.812885,41856.64473539994
2022-01-10,2022,LSTM (returns),41816.951056,41886.498557,41820.23466854461
2022-01-11,2022,LSTM (returns),42768.178612,41816.951056,41886.52450738809
2022-01-12,2022,LSTM (returns),43961.026544,42768.178612,42667.31370112692
2022-01-13,2022,LSTM (returns),42626.865392,43961.026544,43794.52561640204
2022-01-14,2022,LSTM (returns),43102.647618,42626.865392,42602.997030844264
2022-01-15,2022,LSTM (returns),43206.674481,43102.647618,42983.88428748068
2022-01-16,2022,LSTM (returns),43168.859667,43206.674481,43058.061356474864
2022-01-17,2022,LSTM (returns),42211.270399,43168.859667,42979.07090391693
2022-01-18,2022,LSTM (returns),42431.231967,42211.270399,42115.32349447046
2022-01-19,2022,LSTM (returns),41787.722013,42431.231967,42368.28815967146
2022-01-20,2022,LSTM (returns),40756.126163,41787.722013,41793.90225044321
2022-01-21,2022,LSTM (returns),36492.287224,40756.126163,40830.90914586972
2022-01-22,2022,LSTM (returns),34996.390965,36492.287224,37039.09254379897
2022-01-23,2022,LSTM (returns),36271.050265,34996.390965,35395.43318489754
2022-01-24,2022,LSTM (returns),36659.725221,36271.050265,36208.87523508764
2022-01-25,2022,LSTM (returns),36952.586773,36659.725221,36787.354532304766
2022-01-26,2022,LSTM (returns),36825.824599,36952.586773,36942.343900557615
2022-01-27,2022,LSTM (returns),37021.937133,36825.824599,36868.64406406402
2022-01-28,2022,LSTM (returns),37768.847484,37021.937133,36970.53047950184
2022-01-29,2022,LSTM (returns),38088.291228,37768.847484,37597.22364116968
2022-01-30,2022,LSTM (returns),37983.506385,38088.291228,37884.88328023332
2022-01-31,2022,LSTM (returns),38462.672403,37983.506385,37756.09611527604
2022-02-01,2022,LSTM (returns),38787.964082,38462.672403,38279.44534383594
2022-02-02,2022,LSTM (returns),36942.330749,38787.964082,38661.901086666
2022-02-03,2022,LSTM (returns),37057.652188,36942.330749,36926.82122649304
2022-02-04,2022,LSTM (returns),41079.906088,37057.652188,37020.67013939818
2022-02-05,2022,LSTM (returns),41508.581693,41079.906088,41015.007525539426
2022-02-06,2022,LSTM (returns),42358.225173,41508.581693,41571.131679973085
2022-02-07,2022,LSTM (returns),43888.98012,42358.225173,42409.47207661567
2022-02-08,2022,LSTM (returns),44167.444795,43888.98012,43901.589445558886
2022-02-09,2022,LSTM (returns),44405.073204,44167.444795,44237.58657712655
2022-02-10,2022,LSTM (returns),43614.342696,44405.073204,44638.94216829066
2022-02-11,2022,LSTM (returns),42357.321742,43614.342696,43798.57747337262
2022-02-12,2022,LSTM (returns),42173.459396,42357.321742,42590.10172164984
2022-02-13,2022,LSTM (returns),42195.594745,42173.459396,42364.83577080012
2022-02-14,2022,LSTM (returns),42646.161859,42195.594745,42264.10784095229
2022-02-15,2022,LSTM (returns),44511.908488,42646.161859,42703.023472761466
2022-02-16,2022,LSTM (returns),44065.709267,44511.908488,44592.39700713864
2022-02-17,2022,LSTM (returns),40610.024262,44065.709267,44185.70190391668
2022-02-18,2022,LSTM (returns),40044.220486,40610.024262,40847.30739319061
2022-02-19,2022,LSTM (returns),40095.887329,40044.220486,40246.170749231074
2022-02-20,2022,LSTM (returns),38551.622497,40095.887329,40167.78629522471
2022-02-21,2022,LSTM (returns),37098.036008,38551.622497,38747.674560005835
2022-02-22,2022,LSTM (returns),38202.594082,37098.036008,37487.79813319445
2022-02-23,2022,LSTM (returns),37308.268734,38202.594082,38321.43893314469
2022-02-24,2022,LSTM (returns),38283.790402,37308.268734,37523.8630409223
2022-02-25,2022,LSTM (returns),39323.770216,38283.790402,38546.24670304384
2022-02-26,2022,LSTM (returns),39056.578152,39323.770216,39418.17606729059
2022-02-27,2022,LSTM (returns),37664.779283,39056.578152,39126.986115338084
2022-02-28,2022,LSTM (returns),43179.254514,37664.779283,37819.613124554606
2022-03-01,2022,LSTM (returns),44334.457582,43179.254514,42940.98136924395
2022-03-02,2022,LSTM (returns),43984.584927,44334.457582,44242.728204882624
2022-03-03,2022,LSTM (returns),42492.774455,43984.584927,44017.66608257816
2022-03-04,2022,LSTM (returns),39106.405216,42492.774455,42598.14497193025
2022-03-05,2022,LSTM (returns),39383.884843,39106.405216,39392.03905934473
2022-03-06,2022,LSTM (returns),38399.342627,39383.884843,39410.78767684091
2022-03-07,2022,LSTM (returns),38146.734273,38399.342627,38454.06988185302
2022-03-08,2022,LSTM (returns),38725.477262,38146.734273,38274.96353032687
2022-03-09,2022,LSTM (returns),41989.402818,38725.477262,38767.867398260874
2022-03-10,2022,LSTM (returns),39482.258467,41989.402818,41909.293277458826
2022-03-11,2022,LSTM (returns),38825.364421,39482.258467,39671.44537225851
2022-03-12,2022,LSTM (returns),38951.130016,38825.364421,38963.40973754444
2022-03-13,2022,LSTM (returns),37808.3174,38951.130016,38945.76137203115
2022-03-14,2022,LSTM (returns),39649.045324,37808.3174,37810.602127032354
2022-03-15,2022,LSTM (returns),39356.8139,39649.045324,39566.044352717196
2022-03-16,2022,LSTM (returns),41101.768579,39356.8139,39343.492888355766
2022-03-17,2022,LSTM (returns),40966.416932,41101.768579,41116.315249476604
2022-03-18,2022,LSTM (returns),41826.116071,40966.416932,41094.304307462226
2022-03-19,2022,LSTM (returns),42193.161536,41826.116071,41844.636159748865
2022-03-20,2022,LSTM (returns),41294.723513,42193.161536,42208.816595923265
2022-03-21,2022,LSTM (returns),41064.429648,41294.723513,41293.78387691741
2022-03-22,2022,LSTM (returns),42383.169519,41064.429648,41090.65378831153
2022-03-23,2022,LSTM (returns),42734.200036,42383.169519,42448.61332299997
2022-03-24,2022,LSTM (returns),43974.593588,42734.200036,42850.87821371308
2022-03-25,2022,LSTM (returns),44347.03428,43974.593588,44084.07918152823
2022-03-26,2022,LSTM (returns),44519.926864,44347.03428,44489.4334602639
2022-03-27,2022,LSTM (returns),46777.205627,44519.926864,44766.98360890799
2022-03-28,2022,LSTM (returns),47223.652886,46777.205627,46892.653529782685
2022-03-29,2022,LSTM (returns),47463.709677,47223.652886,47330.899021616075
2022-03-30,2022,LSTM (returns),47123.297148,47463.709677,47676.54208827645
2022-03-31,2022,LSTM (returns),45562.210667,47123.297148,47360.04543860297
2022-04-01,2022,LSTM (returns),46250.336288,45562.210667,45802.34037081675
2022-04-02,2022,LSTM (returns),45939.897349,46250.336288,46505.275763127
2022-04-03,2022,LSTM (returns),46440.543854,45939.897349,46197.666310483364
2022-04-04,2022,LSTM (returns),46663.004177,46440.543854,46632.60486987839
2022-04-05,2022,LSTM (returns),45693.035062,46663.004177,46834.083642125646
2022-04-06,2022,LSTM (returns),43304.937199,45693.035062,45888.54478325423
2022-04-07,2022,LSTM (returns),43569.04717,43304.937199,43628.372787620836
2022-04-08,2022,LSTM (returns),42222.068977,43569.04717,43721.01632779266
2022-04-09,2022,LSTM (returns),42680.994736,42222.068977,42421.26196686876
2022-04-10,2022,LSTM (returns),42264.463391,42680.994736,42661.0799253079
2022-04-11,2022,LSTM (returns),39544.025184,42264.463391,42200.76787527088
2022-04-12,2022,LSTM (returns),40096.366975,39544.025184,39899.58372165913
2022-04-13,2022,LSTM (returns),41152.755452,40096.366975,40218.069152357915
2022-04-14,2022,LSTM (returns),39916.496384,41152.755452,41164.28672537413
2022-04-15,2022,LSTM (returns),40527.331957,39916.496384,40033.05906865961
2022-04-16,2022,LSTM (returns),40439.588121,40527.331957,40449.105727334434
2022-04-17,2022,LSTM (returns),39704.78398,40439.588121,40298.48027169175
2022-04-18,2022,LSTM (returns),40818.878603,39704.78398,39598.083114946436
2022-04-19,2022,LSTM (returns),41489.663801,40818.878603,40843.21195514064
2022-04-20,2022,LSTM (returns),41395.644583,41489.663801,41495.79423834653
2022-04-21,2022,LSTM (returns),40457.495942,41395.644583,41438.58899530267
2022-04-22,2022,LSTM (returns),39737.973504,40457.495942,40591.943495315405
2022-04-23,2022,LSTM (returns),39582.454872,39737.973504,39868.6441599093
2022-04-24,2022,LSTM (returns),39511.645693,39582.454872,39603.50186481859
2022-04-25,2022,LSTM (returns),40473.748318,39511.645693,39442.42690782979
2022-04-26,2022,LSTM (returns),38072.800874,40473.748318,40547.92753806693
2022-04-27,2022,LSTM (returns),39218.537617,38072.800874,38280.95945806979
2022-04-28,2022,LSTM (returns),39747.989427,39218.537617,39213.18764010366
2022-04-29,2022,LSTM (returns),38609.505907,39747.989427,39732.36932826653
2022-04-30,2022,LSTM (returns),37714.09498,38609.505907,38673.183536757526
2022-05-01,2022,LSTM (returns),38459.226979,37714.09498,37731.16374752997
2022-05-02,2022,LSTM (returns),38566.062888,38459.226979,38355.03594914988
2022-05-03,2022,LSTM (returns),37704.405315,38566.062888,38527.13524759253
2022-05-04,2022,LSTM (returns),39641.852177,37704.405315,37705.4693480685
2022-05-05,2022,LSTM (returns),36502.02456,39641.852177,39561.71494878168
2022-05-06,2022,LSTM (returns),36042.999558,36502.02456,36737.33092365649
2022-05-07,2022,LSTM (returns),35508.711023,36042.999558,36155.9007201644
2022-05-08,2022,LSTM (returns),34058.906686,35508.711023,35516.76217119424
2022-05-09,2022,LSTM (returns),30457.921819,34058.906686,34327.24996468967
2022-05-10,2022,LSTM (returns),30990.735166,30457.921819,31225.892168194005
2022-05-11,2022,LSTM (returns),28796.556822,30990.735166,31263.58659008559
2022-05-12,2022,LSTM (returns),29030.707042,28796.556822,29577.222139357917
2022-05-13,2022,LSTM (returns),29285.934672,29030.707042,29374.971432045833
2022-05-14,2022,LSTM (returns),30051.935755,29285.934672,29429.529967300165
2022-05-15,2022,LSTM (returns),31182.621246,30051.935755,29903.189419832343
2022-05-16,2022,LSTM (returns),29889.612476,31182.621246,30831.2627282505
2022-05-17,2022,LSTM (returns),30438.194448,29889.612476,29875.073897712762
2022-05-18,2022,LSTM (returns),28771.220479,30438.194448,30246.285162592412
2022-05-19,2022,LSTM (returns),30257.885248,28771.220479,28845.518222324212
2022-05-20,2022,LSTM (returns),29224.245998,30257.885248,30070.504600264918
2022-05-21,2022,LSTM (returns),29420.078286,29224.245998,29228.92223383937
2022-05-22,2022,LSTM (returns),30331.875142,29420.078286,29302.39170000311
2022-05-23,2022,LSTM (returns),29088.251542,30331.875142,30114.10597534908
2022-05-24,2022,LSTM (returns),29643.683756,29088.251542,29066.960303210377
2022-05-25,2022,LSTM (returns),29577.25988,29643.683756,29568.92526535048
2022-05-26,2022,LSTM (returns),29332.486047,29577.25988,29546.042477753963
2022-05-27,2022,LSTM (returns),28612.04131,29332.486047,29377.05243742883
2022-05-28,2022,LSTM (returns),29045.520634,28612.04131,28697.41754689869
2022-05-29,2022,LSTM (returns),29430.06898,29045.520634,29042.141668574153
2022-05-30,2022,LSTM (returns),31735.954972,29430.06898,29316.00660462186
2022-05-31,2022,LSTM (returns),31831.409525,31735.954972,31671.485564499515
2022-06-01,2022,LSTM (returns),29825.922199,31831.409525,31815.323345523317
2022-06-02,2022,LSTM (returns),30504.268,29825.922199,29931.365247410162
2022-06-03,2022,LSTM (returns),29662.670971,30504.268,30526.487466071914
2022-06-04,2022,LSTM (returns),29792.407678,29662.670971,29708.499222061288
2022-06-05,2022,LSTM (returns),29915.409301,29792.407678,29764.34897097668
2022-06-06,2022,LSTM (returns),31333.67702,29915.409301,29795.860607970804
2022-06-07,2022,LSTM (returns),31175.032429,31333.67702,31308.73093696275
2022-06-08,2022,LSTM (returns),30228.464698,31175.032429,31196.01015051115
2022-06-09,2022,LSTM (returns),30064.485529,30228.464698,30333.855635539247
2022-06-10,2022,LSTM (returns),29070.40003,30064.485529,30123.844028961554
2022-06-11,2022,LSTM (returns),28360.789923,29070.40003,29214.561006873944
2022-06-12,2022,LSTM (returns),26830.283946,28360.789923,28474.82976893975
2022-06-13,2022,LSTM (returns),22316.25704,26830.283946,27096.940674425467
2022-06-14,2022,LSTM (returns),22072.866309,22316.25704,23171.695556332288
2022-06-15,2022,LSTM (returns),22520.791009,22072.866309,22440.30791306326
2022-06-16,2022,LSTM (returns),20310.176985,22520.791009,22776.262828035997
2022-06-17,2022,LSTM (returns),20464.929087,20310.176985,20933.66301810983
2022-06-18,2022,LSTM (returns),19013.867254,20464.929087,20673.606895880213
2022-06-19,2022,LSTM (returns),20492.295168,19013.867254,19633.167204919428
2022-06-20,2022,LSTM (returns),20571.629225,20492.295168,20467.29840382896
2022-06-21,2022,LSTM (returns),20688.465131,20571.629225,20705.088298863808
2022-06-22,2022,LSTM (returns),20003.168338,20688.465131,20745.162299286618
2022-06-23,2022,LSTM (returns),21097.102833,20003.168338,20174.355123436966
2022-06-24,2022,LSTM (returns),21299.076985,21097.102833,20940.684590553225
2022-06-25,2022,LSTM (returns),21468.343157,21299.076985,21203.262123364715
2022-06-26,2022,LSTM (returns),21066.620943,21468.343157,21331.81931533971
2022-06-27,2022,LSTM (returns),20751.051696,21066.620943,20952.084116877795
2022-06-28,2022,LSTM (returns),20263.219639,20751.051696,20660.389244331687
2022-06-29,2022,LSTM (returns),20080.948086,20263.219639,20209.30070034913
2022-06-30,2022,LSTM (returns),19332.912129,20080.948086,20042.535902903408
2022-07-01,2022,LSTM (returns),19341.863124,19332.912129,19369.58565629332
2022-07-02,2022,LSTM (returns),19231.831708,19341.863124,19356.613451628877
2022-07-03,2022,LSTM (returns),19276.514664,19231.831708,19195.258612684574
2022-07-04,2022,LSTM (returns),20226.298475,19276.514664,19193.79490611653
2022-07-05,2022,LSTM (returns),20193.342794,20226.298475,20116.493068711796
2022-07-06,2022,LSTM (returns),20560.843813,20193.342794,20138.44935718167
2022-07-07,2022,LSTM (returns),21651.419142,20560.843813,20523.311069642186
2022-07-08,2022,LSTM (returns),21813.787124,21651.419142,21620.34127974554
2022-07-09,2022,LSTM (returns),21585.132192,21813.787124,21825.172686128404
2022-07-10,2022,LSTM (returns),20831.273392,21585.132192,21679.503511406103
2022-07-11,2022,LSTM (returns),19971.32947,20831.273392,20921.686958771963
2022-07-12,2022,LSTM (returns),19339.153473,19971.32947,20063.954564591248
2022-07-13,2022,LSTM (returns),20155.527839,19339.153473,19437.89102944099
2022-07-14,2022,LSTM (returns),20552.899029,20155.527839,20213.679327593596
2022-07-15,2022,LSTM (returns),20831.722701,20552.899029,20586.557890574615
2022-07-16,2022,LSTM (returns),21196.509143,20831.722701,20850.220070979005
2022-07-17,2022,LSTM (returns),20827.888609,21196.509143,21193.638049927682
2022-07-18,2022,LSTM (returns),22305.706643,20827.888609,20833.24701457393
2022-07-19,2022,LSTM (returns),23371.20266,22305.706643,22308.684186180388
2022-07-20,2022,LSTM (returns),23280.935668,23371.20266,23385.090230124966
2022-07-21,2022,LSTM (returns),23152.409311,23280.935668,23353.662627464575
2022-07-22,2022,LSTM (returns),22706.083555,23152.409311,23263.15247295977
2022-07-23,2022,LSTM (returns),22484.459232,22706.083555,22799.987293969614
2022-07-24,2022,LSTM (returns),22653.357026,22484.459232,22556.384920705546
2022-07-25,2022,LSTM (returns),21510.125587,22653.357026,22676.701067615817
2022-07-26,2022,LSTM (returns),21181.659197,21510.125587,21583.19146387478
2022-07-27,2022,LSTM (returns),22898.415068,21181.659197,21249.517250251472
2022-07-28,2022,LSTM (returns),23838.556884,22898.415068,22917.11677006782
2022-07-29,2022,LSTM (returns),23950.74038,23838.556884,23862.856873950637
2022-07-30,2022,LSTM (returns),23623.434961,23950.74038,24018.71836678136
2022-07-31,2022,LSTM (returns),23356.172222,23623.434961,23722.211311323594
2022-08-01,2022,LSTM (returns),23331.442697,23356.172222,23427.78640227706
2022-08-02,2022,LSTM (returns),23031.426883,23331.442697,23378.289800321
2022-08-03,2022,LSTM (returns),22809.747442,23031.426883,23085.166230840314
2022-08-04,2022,LSTM (returns),22628.332082,22809.747442,22868.623389431832
2022-08-05,2022,LSTM (returns),23248.971502,22628.332082,22684.655651766312
2022-08-06,2022,LSTM (returns),22996.275045,23248.971502,23297.403402588276
2022-08-07,2022,LSTM (returns),23153.658471,22996.275045,23072.767767077
2022-08-08,2022,LSTM (returns),23803.650515,23153.658471,23148.58970147159
2022-08-09,2022,LSTM (returns),23186.291746,23803.650515,23837.5968518131
2022-08-10,2022,LSTM (returns),23923.058483,23186.291746,23237.409652692524
2022-08-11,2022,LSTM (returns),23934.439056,23923.058483,23990.606533256672
2022-08-12,2022,LSTM (returns),24396.308846,23934.439056,24014.67963102924
2022-08-13,2022,LSTM (returns),24426.222575,24396.308846,24491.793742592974
2022-08-14,2022,LSTM (returns),24314.202132,24426.222575,24497.78351863583
2022-08-15,2022,LSTM (returns),24083.953975,24314.202132,24369.2371927612
2022-08-16,2022,LSTM (returns),23868.819353,24083.953975,24166.260872060626
2022-08-17,2022,LSTM (returns),23336.348931,23868.819353,23956.923415622685
2022-08-18,2022,LSTM (returns),23221.170603,23336.348931,23436.205134522643
2022-08-19,2022,LSTM (returns),20906.766314,23221.170603,23282.239541820345
2022-08-20,2022,LSTM (returns),21146.654802,20906.766314,21186.729706694874
2022-08-21,2022,LSTM (returns),21553.996172,21146.654802,21217.855776325065
2022-08-22,2022,LSTM (returns),21301.084058,21553.996172,21546.234323567092
2022-08-23,2022,LSTM (returns),21534.514352,21301.084058,21355.34815560706
2022-08-24,2022,LSTM (returns),21424.972823,21534.514352,21543.530480352532
2022-08-25,2022,LSTM (returns),21587.839584,21424.972823,21442.69965505553
2022-08-26,2022,LSTM (returns),20246.165573,21587.839584,21568.320366591925
2022-08-27,2022,LSTM (returns),20043.990949,20246.165573,20404.556332278153
2022-08-28,2022,LSTM (returns),19673.541219,20043.990949,20090.69482141739
2022-08-29,2022,LSTM (returns),20270.960384,19673.541219,19691.893119514967
2022-08-30,2022,LSTM (returns),19825.463207,20270.960384,20249.228062938866
2022-08-31,2022,LSTM (returns),20024.671606,19825.463207,19880.265749471717
2022-09-01,2022,LSTM (returns),20105.462607,20024.671606,20032.067844985522
2022-09-02,2022,LSTM (returns),19948.856747,20105.462607,20098.989466190855
2022-09-03,2022,LSTM (returns),19803.83327,19948.856747,19948.6301453385
2022-09-04,2022,LSTM (returns),19961.911891,19803.83327,19765.03880967828
2022-09-05,2022,LSTM (returns),19797.796788,19961.911891,19868.63449576778
2022-09-06,2022,LSTM (returns),18846.150537,19797.796788,19748.247096777588
2022-09-07,2022,LSTM (returns),19292.907075,18846.150537,18928.839212795534
2022-09-08,2022,LSTM (returns),19319.124851,19292.907075,19286.603244359827
2022-09-09,2022,LSTM (returns),21363.313615,19319.124851,19325.17401626397
2022-09-10,2022,LSTM (returns),21715.210798,21363.313615,21302.5125729494
2022-09-11,2022,LSTM (returns),21732.770569,21715.210798,21733.790960507624
2022-09-12,2022,LSTM (returns),22365.21456,21732.770569,21750.683633131383
2022-09-13,2022,LSTM (returns),20165.042161,22365.21456,22375.627375338376
2022-09-14,2022,LSTM (returns),20246.366042,20165.042161,20296.32685118159
2022-09-15,2022,LSTM (returns),19696.869866,20246.366042,20295.05597002687
2022-09-16,2022,LSTM (returns),19741.577617,19696.869866,19761.97604875962
2022-09-17,2022,LSTM (returns),20120.702346,19741.577617,19752.40938409123
2022-09-18,2022,LSTM (returns),19427.100263,20120.702346,20066.829096230642
2022-09-19,2022,LSTM (returns),19557.976958,19427.100263,19449.65988320473
2022-09-20,2022,LSTM (returns),18872.949867,19557.976958,19592.906669546242
2022-09-21,2022,LSTM (returns),18506.760748,18872.949867,18947.951166157465
2022-09-22,2022,LSTM (returns),19414.539645,18506.760748,18616.86283241456
2022-09-23,2022,LSTM (returns),19326.86482,19414.539645,19395.993286192814
2022-09-24,2022,LSTM (returns),18924.767787,19326.86482,19342.304874123518
2022-09-25,2022,LSTM (returns),18793.156153,18924.767787,18935.937919431857
2022-09-26,2022,LSTM (returns),19201.131721,18793.156153,18754.932832748305
2022-09-27,2022,LSTM (returns),19106.738914,19201.131721,19213.60037049799
2022-09-28,2022,LSTM (returns),19454.93721,19106.738914,19152.325438566757
2022-09-29,2022,LSTM (returns),19540.866411,19454.93721,19480.02826071409
2022-09-30,2022,LSTM (returns),19435.194692,19540.866411,19573.81197788344
2022-10-01,2022,LSTM (returns),19311.861629,19435.194692,19464.87198487378
2022-10-02,2022,LSTM (returns),19015.292805,19311.861629,19339.33281562555
2022-10-03,2022,LSTM (returns),19633.432586,19015.292805,18988.442943605405
2022-10-04,2022,LSTM (returns),20339.971281,19633.432586,19612.53771369841
2022-10-05,2022,LSTM (returns),20155.099699,20339.971281,20328.645279216107
2022-10-06,2022,LSTM (returns),19950.547796,20155.099699,20177.449973209372
2022-10-07,2022,LSTM (returns),19539.143922,19950.547796,19995.085622501014
2022-10-08,2022,LSTM (returns),19416.177229,19539.143922,19594.182985571744
2022-10-09,2022,LSTM (returns),19428.367132,19416.177229,19442.706571742026
2022-10-10,2022,LSTM (returns),19154.404235,19428.367132,19385.767551475335
2022-10-11,2022,LSTM (returns),19039.282068,19154.404235,19164.643380378446
2022-10-12,2022,LSTM (returns),19156.911565,19039.282068,19067.20225517057
2022-10-13,2022,LSTM (returns),19387.833681,19156.911565,19186.222442757193
2022-10-14,2022,LSTM (returns),19177.694103,19387.833681,19466.229803254737
2022-10-15,2022,LSTM (returns),19069.874927,19177.694103,19262.918166188283
2022-10-16,2022,LSTM (returns),19261.749788,19069.874927,19153.55492365436
2022-10-17,2022,LSTM (returns),19557.021811,19261.749788,19256.207964939957
2022-10-18,2022,LSTM (returns),19341.407554,19557.021811,19572.072849923115
2022-10-19,2022,LSTM (returns),19132.154425,19341.407554,19380.066587324683
2022-10-20,2022,LSTM (returns),19033.376024,19132.154425,19175.80690208024
2022-10-21,2022,LSTM (returns),19174.876349,19033.376024,19070.30125059855
2022-10-22,2022,LSTM (returns),19207.628508,19174.876349,19215.73661034687
2022-10-23,2022,LSTM (returns),19565.412324,19207.628508,19246.77750880101
2022-10-24,2022,LSTM (returns),19341.46021,19565.412324,19550.078112382067
2022-10-25,2022,LSTM (returns),20094.961122,19341.46021,19363.473739326364
2022-10-26,2022,LSTM (returns),20797.030826,20094.961122,20126.807455288723
2022-10-27,2022,LSTM (returns),20280.175128,20797.030826,20837.68753800486
2022-10-28,2022,LSTM (returns),20604.613854,20280.175128,20384.33237868318
2022-10-29,2022,LSTM (returns),20803.899921,20604.613854,20675.97287243818
2022-10-30,2022,LSTM (returns),20616.703377,20803.899921,20852.19240841037
2022-10-31,2022,LSTM (returns),20490.858181,20616.703377,20660.314124383764
2022-11-01,2022,LSTM (returns),20483.966531,20490.858181,20498.915708357614
2022-11-02,2022,LSTM (returns),20148.284554,20483.966531,20501.744579921058
2022-11-03,2022,LSTM (returns),20198.111186,20148.284554,20213.84611692231
2022-11-04,2022,LSTM (returns),21157.244928,20198.111186,20260.18776327688
2022-11-05,2022,LSTM (returns),21283.4716,21157.244928,21218.27423229211
2022-11-06,2022,LSTM (returns),20946.803036,21283.4716,21383.52963284196
2022-11-07,2022,LSTM (returns),20568.565118,20946.803036,21003.811971425228
2022-11-08,2022,LSTM (returns),18520.971164,20568.565118,20649.756373828823
2022-11-09,2022,LSTM (returns),15758.291282,18520.971164,18815.613399277277
2022-11-10,2022,LSTM (returns),17541.560287,15758.291282,16215.68242171205
2022-11-11,2022,LSTM (returns),16916.850631,17541.560287,17451.466354719363
2022-11-12,2022,LSTM (returns),16771.242672,16916.850631,17062.828912482204
2022-11-13,2022,LSTM (returns),16320.498338,16771.242672,16789.032137663995
2022-11-14,2022,LSTM (returns),16629.478415,16320.498338,16357.985158523432
2022-11-15,2022,LSTM (returns),16855.593786,16629.478415,16668.33819335725
2022-11-16,2022,LSTM (returns),16659.606335,16855.593786,16847.073123990092
2022-11-17,2022,LSTM (returns),16675.17902,16659.606335,16674.82166995815
2022-11-18,2022,LSTM (returns),16661.522958,16675.17902,16644.268939359266
2022-11-19,2022,LSTM (returns),16696.004058,16661.522958,16611.724856620767
2022-11-20,2022,LSTM (returns),16246.844699,16696.004058,16615.679757650018
2022-11-21,2022,LSTM (returns),15778.017405,16246.844699,16208.686742900292
2022-11-22,2022,LSTM (returns),16172.889345,15778.017405,15838.565165356316
2022-11-23,2022,LSTM (returns),16574.06173,16172.889345,16169.692978632598
2022-11-24,2022,LSTM (returns),16583.524345,16574.06173,16568.72689398459
2022-11-25,2022,LSTM (returns),16522.388777,16583.524345,16589.98349094781
2022-11-26,2022,LSTM (returns),16448.641308,16522.388777,16520.086150937095
2022-11-27,2022,LSTM (returns),16436.070769,16448.641308,16437.656407526287
2022-11-28,2022,LSTM (returns),16212.581416,16436.070769,16414.065815616497
2022-11-29,2022,LSTM (returns),16443.03682,16212.581416,16234.370281913107
2022-11-30,2022,LSTM (returns),17176.898691,16443.03682,16457.793683026837
2022-12-01,2022,LSTM (returns),16961.291804,17176.898691,17195.81337327177
2022-12-02,2022,LSTM (returns),17075.109137,16961.291804,17011.38817926819
2022-12-03,2022,LSTM (returns),16899.507383,17075.109137,17117.629235509277
2022-12-04,2022,LSTM (returns),17121.714982,16899.507383,16933.18156688536
2022-12-05,2022,LSTM (returns),16961.351787,17121.714982,17139.48144222898
2022-12-06,2022,LSTM (returns),17070.515828,16961.351787,16992.157719880863
2022-12-07,2022,LSTM (returns),16848.251824,17070.515828,17107.612601877318
2022-12-08,2022,LSTM (returns),17231.456322,16848.251824,16890.651627618357
2022-12-09,2022,LSTM (returns),17136.149001,17231.456322,17270.2448367219
2022-12-10,2022,LSTM (returns),17124.21468,17136.149001,17178.839165569065
2022-12-11,2022,LSTM (returns),17094.360659,17124.21468,17164.340408775668
2022-12-12,2022,LSTM (returns),17195.524996,17094.360659,17103.84970689208
2022-12-13,2022,LSTM (returns),17774.916632,17195.524996,17219.546701496107
2022-12-14,2022,LSTM (returns),17809.724084,17774.916632,17819.215911246214
2022-12-15,2022,LSTM (returns),17344.054457,17809.724084,17874.52047267395
2022-12-16,2022,LSTM (returns),16606.110175,17344.054457,17426.680511924355
2022-12-17,2022,LSTM (returns),16774.38537,16606.110175,16705.389349788857
2022-12-18,2022,LSTM (returns),16776.115925,16774.38537,16812.08591178838
2022-12-19,2022,LSTM (returns),16424.131386,16776.115925,16759.430146057657
2022-12-20,2022,LSTM (returns),16901.816936,16424.131386,16449.340308543557
2022-12-21,2022,LSTM (returns),16800.532971,16901.816936,16924.215807951634
2022-12-22,2022,LSTM (returns),16814.222579,16800.532971,16837.552880283427
2022-12-23,2022,LSTM (returns),16780.51698,16814.222579,16833.992484168153
2022-12-24,2022,LSTM (returns),16837.61217,16780.51698,16795.200976647226
2022-12-25,2022,LSTM (returns),16824.838974,16837.61217,16838.722270429364
2022-12-26,2022,LSTM (returns),16879.938227,16824.838974,16801.421515350354
2022-12-27,2022,LSTM (returns),16698.911271,16879.938227,16861.584312795465
2022-12-28,2022,LSTM (returns),16536.2942,16698.911271,16713.35891747263
2022-12-29,2022,LSTM (returns),16630.593155,16536.2942,16572.03306136643
2022-12-30,2022,LSTM (returns),16593.688829,16630.593155,16663.772198935738
2022-12-31,2022,LSTM (returns),16524.217802,16593.688829,16628.050870095256
2023-01-01,2023,LSTM (returns),16606.752043,16524.217802,16534.49266831757
2023-01-02,2023,LSTM (returns),16688.719273,16606.752043,16599.2420427094
2023-01-03,2023,LSTM (returns),16670.077384,16688.719273,16696.21603894709
2023-01-04,2023,LSTM (returns),16848.366039,16670.077384,16688.382194410875
2023-01-05,2023,LSTM (returns),16824.800183,16848.366039,16891.43132270463
2023-01-06,2023,LSTM (returns),16957.862274,16824.800183,16856.512013423056
2023-01-07,2023,LSTM (returns),16942.628589,16957.862274,16999.495153750606
2023-01-08,2023,LSTM (returns),17059.239944,16942.628589,16955.798721880037
2023-01-09,2023,LSTM (returns),17182.319852,17059.239944,17075.560485771028
2023-01-10,2023,LSTM (returns),17433.914632,17182.319852,17237.00050547968
2023-01-11,2023,LSTM (returns),17833.710766,17433.914632,17488.088960732428
2023-01-12,2023,LSTM (returns),18869.704484,17833.710766,17900.3563392662
2023-01-13,2023,LSTM (returns),19868.724745,18869.704484,18961.683328818923
2023-01-14,2023,LSTM (returns),21010.92272,19868.724745,19976.34280518473
2023-01-15,2023,LSTM (returns),20876.008556,21010.92272,21121.42371314134
2023-01-16,2023,LSTM (returns),21180.411949,20876.008556,21021.08933102278
2023-01-17,2023,LSTM (returns),21178.299396,21180.411949,21288.90341986376
2023-01-18,2023,LSTM (returns),20709.668604,21178.299396,21297.445028131468
2023-01-19,2023,LSTM (returns),21071.833415,20709.668604,20828.258456783882
2023-01-20,2023,LSTM (returns),22660.716942,21071.833415,21191.475131823405
2023-01-21,2023,LSTM (returns),22803.172762,22660.716942,22784.080678470338
2023-01-22,2023,LSTM (returns),22716.277197,22803.172762,22923.69635915278
2023-01-23,2023,LSTM (returns),22929.024894,22716.277197,22845.764061126036
2023-01-24,2023,LSTM (returns),22611.126879,22929.024894,23049.247522152313
2023-01-25,2023,LSTM (returns),23109.084519,22611.126879,22725.458041137987
2023-01-26,2023,LSTM (returns),23008.689477,23109.084519,23235.667251665283
2023-01-27,2023,LSTM (returns),23070.496458,23008.689477,23126.081485944414
2023-01-28,2023,LSTM (returns),23008.809465,23070.496458,23176.0702991883
2023-01-29,2023,LSTM (returns),23774.996368,23008.809465,23080.895289196957
2023-01-30,2023,LSTM (returns),22799.427262,23774.996368,23862.585810063552
2023-01-31,2023,LSTM (returns),23130.051913,22799.427262,22883.210863413176
2023-02-01,2023,LSTM (returns),23727.202608,23130.051913,23207.402002197217
2023-02-02,2023,LSTM (returns),23505.604843,23727.202608,23806.236361815623
2023-02-03,2023,LSTM (returns),23445.813177,23505.604843,23591.526309092147
2023-02-04,2023,LSTM (returns),23355.524386,23445.813177,23523.51625966498
2023-02-05,2023,LSTM (returns),22957.225191,23355.524386,23393.807148610274
2023-02-06,2023,LSTM (returns),22745.165037,22957.225191,22990.08898622843
2023-02-07,2023,LSTM (returns),23266.269204,22745.165037,22794.29828006496
2023-02-08,2023,LSTM (returns),22937.579945,23266.269204,23332.231246694162
2023-02-09,2023,LSTM (returns),21818.198946,22937.579945,22997.77688358413
2023-02-10,2023,LSTM (returns),21620.566784,21818.198946,21899.445161551008
2023-02-11,2023,LSTM (returns),21864.862641,21620.566784,21670.20539986809
2023-02-12,2023,LSTM (returns),21772.137325,21864.862641,21850.464318197675
2023-02-13,2023,LSTM (returns),21798.715717,21772.137325,21759.37479771812
2023-02-14,2023,LSTM (returns),22222.415044,21798.715717,21808.323363360927
2023-02-15,2023,LSTM (returns),24304.612983,22222.415044,22242.738285696276
2023-02-16,2023,LSTM (returns),23742.448835,24304.612983,24346.05309682738
2023-02-17,2023,LSTM (returns),24607.335605,23742.448835,23797.517097901567
2023-02-18,2023,LSTM (returns),24636.526613,24607.335605,24683.612276395146
2023-02-19,2023,LSTM (returns),24366.990761,24636.526613,24714.387655592596
2023-02-20,2023,LSTM (returns),24797.843036,24366.990761,24419.192579807685
2023-02-21,2023,LSTM (returns),24400.38939,24797.843036,24868.553224693256
2023-02-22,2023,LSTM (returns),24163.738981,24400.38939,24476.562399094426
2023-02-23,2023,LSTM (returns),23910.03421,24163.738981,24245.15994421252
2023-02-24,2023,LSTM (returns),23175.824204,23910.03421,23991.06223870582
2023-02-25,2023,LSTM (returns),23159.81544,23175.824204,23243.803404493505
2023-02-26,2023,LSTM (returns),23542.096428,23159.81544,23167.331546031608
2023-02-27,2023,LSTM (returns),23504.189418,23542.096428,23534.581702326057
2023-02-28,2023,LSTM (returns),23145.949128,23504.189418,23521.219808805607
2023-03-01,2023,LSTM (returns),23610.65909,23145.949128,23162.994006761553
2023-03-02,2023,LSTM (returns),23470.025482,23610.65909,23648.620416108326
2023-03-03,2023,LSTM (returns),22350.096234,23470.025482,23496.796492112313
2023-03-04,2023,LSTM (returns),22334.285264,22350.096234,22400.99781793641
2023-03-05,2023,LSTM (returns),22419.817139,22334.285264,22298.94629583739
2023-03-06,2023,LSTM (returns),22414.703306,22419.817139,22397.142786991735
2023-03-07,2023,LSTM (returns),22174.648473,22414.703306,22411.68221820683
2023-03-08,2023,LSTM (returns),21701.384623,22174.648473,22210.753421488902
2023-03-09,2023,LSTM (returns),20349.814173,21701.384623,21743.639463340856
2023-03-10,2023,LSTM (returns),20240.406695,20349.814173,20447.70902260115
2023-03-11,2023,LSTM (returns),20585.234329,20240.406695,20343.87834388174
2023-03-12,2023,LSTM (returns),22065.980036,20585.234329,20625.633179404587
2023-03-13,2023,LSTM (returns),24154.429095,22065.980036,22058.917013856164
2023-03-14,2023,LSTM (returns),24769.017569,24154.429095,24146.59452217029
2023-03-15,2023,LSTM (returns),24409.801752,24769.017569,24794.57617887731
2023-03-16,2023,LSTM (returns),25043.238847,24409.801752,24473.786022854427
2023-03-17,2023,LSTM (returns),27450.628293,25043.238847,25101.59057258339
2023-03-18,2023,LSTM (returns),26985.735992,27450.628293,27500.783243223243
2023-03-19,2023,LSTM (returns),28185.204332,26985.735992,27077.54716736842
2023-03-20,2023,LSTM (returns),27834.336109,28185.204332,28267.923194916122
2023-03-21,2023,LSTM (returns),28172.795056,27834.336109,27909.11780673536
2023-03-22,2023,LSTM (returns),27341.55713,28172.795056,28282.85702729819
2023-03-23,2023,LSTM (returns),28387.88975,27341.55713,27439.879619339703
2023-03-24,2023,LSTM (returns),27464.124945,28387.88975,28491.37433770197
2023-03-25,2023,LSTM (returns),27488.95488,27464.124945,27533.867044517945
2023-03-26,2023,LSTM (returns),28049.391691,27488.95488,27532.378968124904
2023-03-27,2023,LSTM (returns),27154.99637,28049.391691,28058.901303091538
2023-03-28,2023,LSTM (returns),27283.963403,27154.99637,27169.74098272646
2023-03-29,2023,LSTM (returns),28389.291778,27283.963403,27334.06402552296
2023-03-30,2023,LSTM (returns),28021.558301,28389.291778,28488.156963560356
2023-03-31,2023,LSTM (returns),28514.681306,28021.558301,28120.48798823448
2023-04-01,2023,LSTM (returns),28494.563886,28514.681306,28621.42134776507
2023-04-02,2023,LSTM (returns),28161.998036,28494.563886,28562.63402213641
2023-04-03,2023,LSTM (returns),27850.979944,28161.998036,28190.543855946515
2023-04-04,2023,LSTM (returns),28113.958519,27850.979944,27927.13297941223
2023-04-05,2023,LSTM (returns),28190.311606,28113.958519,28186.05971792193
2023-04-06,2023,LSTM (returns),28049.074476,28190.311606,28267.42715013173
2023-04-07,2023,LSTM (returns),27936.804261,28049.074476,28101.944257895593
2023-04-08,2023,LSTM (returns),27964.05125,27936.804261,27949.871803722253
2023-04-09,2023,LSTM (returns),28357.80727,27964.05125,27947.43827286645
2023-04-10,2023,LSTM (returns),29687.565185,28357.80727,28368.34208274804
2023-04-11,2023,LSTM (returns),30247.095919,29687.565185,29779.26589098695
2023-04-12,2023,LSTM (returns),29913.003546,30247.095919,30362.838622401123
2023-04-13,2023,LSTM (returns),30370.822072,29913.003546,30038.95603524363
2023-04-14,2023,LSTM (returns),30458.970041,30370.822072,30495.96538298133
2023-04-15,2023,LSTM (returns),30342.059108,30458.970041,30587.44792422899
2023-04-16,2023,LSTM (returns),30312.930853,30342.059108,30430.9918281394
2023-04-17,2023,LSTM (returns),29469.505073,30312.930853,30362.652796409908
2023-04-18,2023,LSTM (returns),30366.872381,29469.505073,29550.326422124173
2023-04-19,2023,LSTM (returns),28796.744095,30366.872381,30479.912163464403
2023-04-20,2023,LSTM (returns),28251.276379,28796.744095,28930.609772773016
2023-04-21,2023,LSTM (returns),27292.021105,28251.276379,28360.147577221887
2023-04-22,2023,LSTM (returns),27827.547592,27292.021105,27401.0484773929
2023-04-23,2023,LSTM (returns),27604.685574,27827.547592,27807.1139888258
2023-04-24,2023,LSTM (returns),27520.199673,27604.685574,27581.797173232782
2023-04-25,2023,LSTM (returns),28302.694218,27520.199673,27551.565435503646
2023-04-26,2023,LSTM (returns),28384.234033,28302.694218,28320.326444028735
2023-04-27,2023,LSTM (returns),29465.551427,28384.234033,28478.601692807308
2023-04-28,2023,LSTM (returns),29350.811887,29465.551427,29542.58695426568
2023-04-29,2023,LSTM (returns),29221.514508,29350.811887,29426.044135305394
2023-04-30,2023,LSTM (returns),29362.086797,29221.514508,29243.94420450229
2023-05-01,2023,LSTM (returns),28114.953187,29362.086797,29378.21254353275
2023-05-02,2023,LSTM (returns),28690.580996,28114.953187,28170.61481007169
2023-05-03,2023,LSTM (returns),29045.042774,28690.580996,28743.954294472915
2023-05-04,2023,LSTM (returns),28855.857447,29045.042774,29118.69066820899
2023-05-05,2023,LSTM (returns),29552.969524,28855.857447,28917.44931919782
2023-05-06,2023,LSTM (returns),28899.46296,29552.969524,29622.71227965131
2023-05-07,2023,LSTM (returns),28761.738434,28899.46296,28958.172056502724
2023-05-08,2023,LSTM (returns),27727.285409,28761.738434,28781.9848915944
2023-05-09,2023,LSTM (returns),27642.428109,27727.285409,27800.757384266075
2023-05-10,2023,LSTM (returns),27646.004902,27642.428109,27670.75980433707
2023-05-11,2023,LSTM (returns),26986.271066,27646.004902,27727.775596202522
2023-05-12,2023,LSTM (returns),26773.344359,26986.271066,27041.247139430874
2023-05-13,2023,LSTM (returns),26841.398291,26773.344359,26841.96230497006
2023-05-14,2023,LSTM (returns),26918.261598,26841.398291,26808.346505281294
2023-05-15,2023,LSTM (returns),27231.621605,26918.261598,26871.03501685813
2023-05-16,2023,LSTM (returns),27025.718186,27231.621605,27243.09882450661
2023-05-17,2023,LSTM (returns),27401.044061,27025.718186,27034.829749767083
2023-05-18,2023,LSTM (returns),26843.235094,27401.044061,27433.991333584876
2023-05-19,2023,LSTM (returns),26889.503632,26843.235094,26889.49067665309
2023-05-20,2023,LSTM (returns),27100.858288,26889.503632,26908.77564161768
2023-05-21,2023,LSTM (returns),26777.097783,27100.858288,27060.119372000147
2023-05-22,2023,LSTM (returns),26858.737064,26777.097783,26749.98567039049
2023-05-23,2023,LSTM (returns),27226.855876,26858.737064,26878.110039343574
2023-05-24,2023,LSTM (returns),26341.430645,27226.855876,27278.299731593837
2023-05-25,2023,LSTM (returns),26484.835923,26341.430645,26422.54875534811
2023-05-26,2023,LSTM (returns),26720.383807,26484.835923,26548.819474268388
2023-05-27,2023,LSTM (returns),26854.54037,26720.383807,26766.772514044445
2023-05-28,2023,LSTM (returns),28097.521126,26854.54037,26851.01732991367
2023-05-29,2023,LSTM (returns),27765.072869,28097.521126,28134.541375370456
2023-05-30,2023,LSTM (returns),27712.491584,27765.072869,27811.474566257446
2023-05-31,2023,LSTM (returns),27217.683258,27712.491584,27764.17492044376
2023-06-01,2023,LSTM (returns),26825.371345,27217.683258,27290.3460993525
2023-06-02,2023,LSTM (returns),27255.227994,26825.371345,26892.47266915077
2023-06-03,2023,LSTM (returns),27079.408464,27255.227994,27316.155097219067
2023-06-04,2023,LSTM (returns),27158.25457,27079.408464,27086.684317537525
2023-06-05,2023,LSTM (returns),25785.851484,27158.25457,27155.215864081954
2023-06-06,2023,LSTM (returns),27213.770519,25785.851484,25893.667884751667
2023-06-07,2023,LSTM (returns),26339.579029,27213.770519,27302.13611212868
2023-06-08,2023,LSTM (returns),26521.693601,26339.579029,26440.636850150342
2023-06-09,2023,LSTM (returns),26470.677578,26521.693601,26562.886388723357
2023-06-10,2023,LSTM (returns),25863.213851,26470.677578,26488.012380054726
2023-06-11,2023,LSTM (returns),25906.828152,25863.213851,25938.481934218842
2023-06-12,2023,LSTM (returns),25906.751935,25906.828152,25922.522940332365
2023-06-13,2023,LSTM (returns),25880.859973,25906.751935,25927.074836213284
2023-06-14,2023,LSTM (returns),25097.58538,25880.859973,25920.374569245338
2023-06-15,2023,LSTM (returns),25559.143329,25097.58538,25149.30186122208
2023-06-16,2023,LSTM (returns),26331.820094,25559.143329,25603.348218405143
2023-06-17,2023,LSTM (returns),26514.17135,26331.820094,26369.915175793223
2023-06-18,2023,LSTM (returns),26353.962683,26514.17135,26532.748821387348
2023-06-19,2023,LSTM (returns),26778.063442,26353.962683,26347.82330949778
2023-06-20,2023,LSTM (returns),28305.420457,26778.063442,26799.91185301734
2023-06-21,2023,LSTM (returns),30099.515351,28305.420457,28388.24489469576
2023-06-22,2023,LSTM (returns),29952.511287,30099.515351,30219.276950987365
2023-06-23,2023,LSTM (returns),30638.353764,29952.511287,30113.490538359434
2023-06-24,2023,LSTM (returns),30549.016287,30638.353764,30798.106940987967
2023-06-25,2023,LSTM (returns),30467.440371,30549.016287,30708.96021881913
2023-06-26,2023,LSTM (returns),30255.886124,30467.440371,30571.03143358583
2023-06-27,2023,LSTM (returns),30667.076295,30255.886124,30364.646526297918
2023-06-28,2023,LSTM (returns),30104.043272,30667.076295,30794.949215976223
2023-06-29,2023,LSTM (returns),30460.792978,30104.043272,30213.68198310944
2023-06-30,2023,LSTM (returns),30484.503258,30460.792978,30553.137514962007
2023-07-01,2023,LSTM (returns),30581.688966,30484.503258,30629.64473213011
2023-07-02,2023,LSTM (returns),30594.216474,30581.688966,30659.780078752618
2023-07-03,2023,LSTM (returns),31135.357599,30594.216474,30646.50874938953
2023-07-04,2023,LSTM (returns),30799.947456,31135.357599,31231.84566577894
2023-07-05,2023,LSTM (returns),30497.822128,30799.947456,30890.65208178308
2023-07-06,2023,LSTM (returns),29979.729809,30497.822128,30589.20501675299
2023-07-07,2023,LSTM (returns),30329.882979,29979.729809,30136.432488361763
2023-07-08,2023,LSTM (returns),30263.619634,30329.882979,30426.11312438099
2023-07-09,2023,LSTM (returns),30163.221056,30263.619634,30287.047805731792
2023-07-10,2023,LSTM (returns),30394.655581,30163.221056,30163.037975742736
2023-07-11,2023,LSTM (returns),30616.247094,30394.655581,30475.375993234553
2023-07-12,2023,LSTM (returns),30385.608785,30616.247094,30690.292696233388
2023-07-13,2023,LSTM (returns),31434.73547,30385.608785,30483.18575574358
2023-07-14,2023,LSTM (returns),30310.67202,31434.73547,31579.883396595196
2023-07-15,2023,LSTM (returns),30290.890596,30310.67202,30462.908820953653
2023-07-16,2023,LSTM (returns),30249.772966,30290.890596,30321.330393555887
2023-07-17,2023,LSTM (returns),30143.746274,30249.772966,30256.74498554135
2023-07-18,2023,LSTM (returns),29835.747408,30143.746274,30206.014403726836
2023-07-19,2023,LSTM (returns),29913.029465,29835.747408,29906.944902778258
2023-07-20,2023,LSTM (returns),29805.606571,29913.029465,29973.151808846473
2023-07-21,2023,LSTM (returns),29919.693492,29805.606571,29884.848085708323
2023-07-22,2023,LSTM (returns),29726.009627,29919.693492,29957.621618146244
2023-07-23,2023,LSTM (returns),30066.572448,29726.009627,29717.866229002684
2023-07-24,2023,LSTM (returns),29178.359704,30066.572448,30066.653798045285
2023-07-25,2023,LSTM (returns),29221.254853,29178.359704,29260.20555737083
2023-07-26,2023,LSTM (returns),29361.591758,29221.254853,29249.6085580273
2023-07-27,2023,LSTM (returns),29201.686518,29361.591758,29428.84563967837
2023-07-28,2023,LSTM (returns),29316.313075,29201.686518,29248.994921074558
2023-07-29,2023,LSTM (returns),29360.376179,29316.313075,29361.497378284897
2023-07-30,2023,LSTM (returns),29262.836734,29360.376179,29346.2429062974
2023-07-31,2023,LSTM (returns),29219.820189,29262.836734,29268.32460524812
2023-08-01,2023,LSTM (returns),29499.587539,29219.820189,29273.47266837408
2023-08-02,2023,LSTM (returns),29143.151962,29499.587539,29608.374117336192
2023-08-03,2023,LSTM (returns),29192.344862,29143.151962,29261.777985156572
2023-08-04,2023,LSTM (returns),29057.253244,29192.344862,29271.385776010644
2023-08-05,2023,LSTM (returns),29053.095698,29057.253244,29115.76519056284
2023-08-06,2023,LSTM (returns),29048.043328,29053.095698,29038.13654230197
2023-08-07,2023,LSTM (returns),29164.358587,29048.043328,29016.511064187227
2023-08-08,2023,LSTM (returns),29779.511384,29164.358587,29213.863562893068
2023-08-09,2023,LSTM (returns),29582.944238,29779.511384,29864.209825418784
2023-08-10,2023,LSTM (returns),29430.159912,29582.944238,29674.19010215773
2023-08-11,2023,LSTM (returns),29399.78474,29430.159912,29500.34223122275
2023-08-12,2023,LSTM (returns),29415.733902,29399.78474,29439.324534161307
2023-08-13,2023,LSTM (returns),29286.117611,29415.733902,29393.36452544048
2023-08-14,2023,LSTM (returns),29408.971713,29286.117611,29249.178295838006
2023-08-15,2023,LSTM (returns),29167.597217,29408.971713,29472.12516003383
2023-08-16,2023,LSTM (returns),28754.292408,29167.597217,29230.932589507156
2023-08-17,2023,LSTM (returns),26660.562726,28754.292408,28844.12889261498
2023-08-18,2023,LSTM (returns),26037.365847,26660.562726,26877.03572389027
2023-08-19,2023,LSTM (returns),26093.981808,26037.365847,26171.688260223702
2023-08-20,2023,LSTM (returns),26176.472164,26093.981808,26072.37986993059
2023-08-21,2023,LSTM (returns),26128.905016,26176.472164,26115.95289306645
2023-08-22,2023,LSTM (returns),25978.209691,26128.905016,26140.009218041996
2023-08-23,2023,LSTM (returns),26452.193588,25978.209691,26005.47859900947
2023-08-24,2023,LSTM (returns),26126.794333,26452.193588,26478.27183243955
2023-08-25,2023,LSTM (returns),26040.881255,26126.794333,26155.670841167877
2023-08-26,2023,LSTM (returns),26006.17408,26040.881255,26064.247062565646
2023-08-27,2023,LSTM (returns),26086.361259,26006.17408,25948.506483479938
2023-08-28,2023,LSTM (returns),26103.276573,26086.361259,26017.13241989659
2023-08-29,2023,LSTM (returns),27672.222131,26103.276573,26112.729375901203
2023-08-30,2023,LSTM (returns),27298.99778,27672.222131,27771.974849601633
2023-08-31,2023,LSTM (returns),25954.866594,27298.99778,27401.58202897518
2023-09-01,2023,LSTM (returns),25802.78853,25954.866594,26104.988765417667
2023-09-02,2023,LSTM (returns),25868.296098,25802.78853,25908.5609871576
2023-09-03,2023,LSTM (returns),25962.547569,25868.296098,25874.518750872805
2023-09-04,2023,LSTM (returns),25799.525687,25962.547569,25949.162644169774
2023-09-05,2023,LSTM (returns),25782.36222,25799.525687,25797.690683945897
2023-09-06,2023,LSTM (returns),25754.790268,25782.36222,25784.380851314498
2023-09-07,2023,LSTM (returns),26210.604564,25754.790268,25783.881833604628
2023-09-08,2023,LSTM (returns),25904.698213,26210.604564,26225.8810560381
2023-09-09,2023,LSTM (returns),25894.620598,25904.698213,25921.178734789482
2023-09-10,2023,LSTM (returns),25831.46478,25894.620598,25855.615390130977
2023-09-11,2023,LSTM (returns),25135.039378,25831.46478,25817.210600559338
2023-09-12,2023,LSTM (returns),25859.701807,25135.039378,25204.29464193521
2023-09-13,2023,LSTM (returns),26226.866752,25859.701807,25966.217736856368
2023-09-14,2023,LSTM (returns),26556.056943,26226.866752,26313.006511526764
2023-09-15,2023,LSTM (returns),26672.616082,26556.056943,26641.192424034136
2023-09-16,2023,LSTM (returns),26555.636103,26672.616082,26739.629826178447
2023-09-17,2023,LSTM (returns),26502.432119,26555.636103,26585.264420451385
2023-09-18,2023,LSTM (returns),26764.631906,26502.432119,26493.39014323935
2023-09-19,2023,LSTM (returns),27215.050485,26764.631906,26844.53009092318
2023-09-20,2023,LSTM (returns),27133.403724,27215.050485,27304.39391180491
2023-09-21,2023,LSTM (returns),26571.595292,27133.403724,27228.803124679143
2023-09-22,2023,LSTM (returns),26581.147612,26571.595292,26662.909400493492
2023-09-23,2023,LSTM (returns),26575.776387,26581.147612,26635.275951797663
2023-09-24,2023,LSTM (returns),26286.641049,26575.776387,26563.655138416165
2023-09-25,2023,LSTM (returns),26288.809501,26286.641049,26289.465003405006
2023-09-26,2023,LSTM (returns),26194.537888,26288.809501,26358.354915417553
2023-09-27,2023,LSTM (returns),26336.082597,26194.537888,26250.60417008038
2023-09-28,2023,LSTM (returns),27033.425442,26336.082597,26438.65273830946
2023-09-29,2023,LSTM (returns),26911.251474,27033.425442,27150.219153017675
2023-09-30,2023,LSTM (returns),26977.693313,26911.251474,27017.367686757832
2023-10-01,2023,LSTM (returns),27950.145359,26977.693313,27026.595376614518
2023-10-02,2023,LSTM (returns),27565.889295,27950.145359,28010.641434384925
2023-10-03,2023,LSTM (returns),27439.142239,27565.889295,27682.530294122538
2023-10-04,2023,LSTM (returns),27797.251177,27439.142239,27537.195989035565
2023-10-05,2023,LSTM (returns),27426.345093,27797.251177,27881.777637348103
2023-10-06,2023,LSTM (returns),27941.963376,27426.345093,27514.549480715334
2023-10-07,2023,LSTM (returns),27972.75157,27941.963376,28030.197677939184
2023-10-08,2023,LSTM (returns),27936.326116,27972.75157,28020.488442191403
2023-10-09,2023,LSTM (returns),27591.346762,27936.326116,27967.160704278547
2023-10-10,2023,LSTM (returns),27419.79718,27591.346762,27663.620259004154
2023-10-11,2023,LSTM (returns),26828.172571,27419.79718,27489.404896895747
2023-10-12,2023,LSTM (returns),26741.340599,26828.172571,26930.494512385314
2023-10-13,2023,LSTM (returns),26842.44677,26741.340599,26803.130478901567
2023-10-14,2023,LSTM (returns),26861.989238,26842.44677,26896.83308053846
2023-10-15,2023,LSTM (returns),27130.306709,26861.989238,26848.976485958592
2023-10-16,2023,LSTM (returns),28506.793674,27130.306709,27126.11124895062
2023-10-17,2023,LSTM (returns),28433.205152,28506.793674,28616.407138998155
2023-10-18,2023,LSTM (returns),28328.07502,28433.205152,28524.10842663185
2023-10-19,2023,LSTM (returns),28690.358041,28328.07502,28410.08107752392
2023-10-20,2023,LSTM (returns),29704.985367,28690.358041,28765.542851415958
2023-10-21,2023,LSTM (returns),29922.546404,29704.985367,29799.88521164142
2023-10-22,2023,LSTM (returns),29984.15932,29922.546404,30010.45466821047
2023-10-23,2023,LSTM (returns),32954.169048,29984.15932,30040.93060494041
2023-10-24,2023,LSTM (returns),33880.956654,32954.169048,33065.97995070605
2023-10-25,2023,LSTM (returns),34488.658921,33880.956654,34010.9305051123
2023-10-26,2023,LSTM (returns),34181.492252,34488.658921,34667.740870760266
2023-10-27,2023,LSTM (returns),33896.938528,34181.492252,34335.88030110119
2023-10-28,2023,LSTM (returns),34091.589033,33896.938528,34019.65515750096
2023-10-29,2023,LSTM (returns),34574.337721,34091.589033,34174.78146634825
2023-10-30,2023,LSTM (returns),34495.105021,34574.337721,34616.11483314215
2023-10-31,2023,LSTM (returns),34636.426474,34495.105021,34566.62500074914
2023-11-01,2023,LSTM (returns),35431.979453,34636.426474,34753.14297263033
2023-11-02,2023,LSTM (returns),34882.917337,35431.979453,35599.19727897154
2023-11-03,2023,LSTM (returns),34708.22188,34882.917337,35055.32067328553
2023-11-04,2023,LSTM (returns),35091.076306,34708.22188,34865.00346858242
2023-11-05,2023,LSTM (returns),35105.042027,35091.076306,35180.668256190416
2023-11-06,2023,LSTM (returns),35017.715148,35105.042027,35171.33878517934
2023-11-07,2023,LSTM (returns),35418.47689,35017.715148,35092.311051219374
2023-11-08,2023,LSTM (returns),35797.894609,35418.47689,35536.29031252129
2023-11-09,2023,LSTM (returns),36675.326433,35797.894609,35927.12805883615
2023-11-10,2023,LSTM (returns),37367.494372,36675.326433,36877.59395535236
2023-11-11,2023,LSTM (returns),36979.931241,37367.494372,37557.59283296034
2023-11-12,2023,LSTM (returns),37053.341051,36979.931241,37123.37454686179
2023-11-13,2023,LSTM (returns),36543.268087,37053.341051,37135.14155407684
2023-11-14,2023,LSTM (returns),35590.683565,36543.268087,36648.54561520508
2023-11-15,2023,LSTM (returns),37840.553489,35590.683565,35731.16369825602
2023-11-16,2023,LSTM (returns),36160.404451,37840.553489,38011.768903634125
2023-11-17,2023,LSTM (returns),36569.712053,36160.404451,36324.897817948666
2023-11-18,2023,LSTM (returns),36577.424962,36569.712053,36698.14431202146
2023-11-19,2023,LSTM (returns),37442.728512,36577.424962,36624.34256127053
2023-11-20,2023,LSTM (returns),37516.050371,37442.728512,37449.51216941511
2023-11-21,2023,LSTM (returns),36035.033086,37516.050371,37579.23315437894
2023-11-22,2023,LSTM (returns),37403.034717,36035.033086,36151.37116584008
2023-11-23,2023,LSTM (returns),37311.719216,37403.034717,37511.88014859252
2023-11-24,2023,LSTM (returns),37718.784163,37311.719216,37387.4227230468
2023-11-25,2023,LSTM (returns),37800.126093,37718.784163,37815.63323889419
2023-11-26,2023,LSTM (returns),37482.705526,37800.126093,37838.66714915795
2023-11-27,2023,LSTM (returns),37229.24522,37482.705526,37516.69072494348
2023-11-28,2023,LSTM (returns),37828.465591,37229.24522,37322.03762122805
2023-11-29,2023,LSTM (returns),37846.853123,37828.465591,37957.89945113713
2023-11-30,2023,LSTM (returns),37712.711479,37846.853123,37977.76268462137
2023-12-01,2023,LSTM (returns),38703.553682,37712.711479,37818.03967566005
2023-12-02,2023,LSTM (returns),39462.279927,38703.553682,38838.97396526927
2023-12-03,2023,LSTM (returns),39978.22261,39462.279927,39574.67488866246
2023-12-04,2023,LSTM (returns),41910.299482,39978.22261,40072.203667401984
2023-12-05,2023,LSTM (returns),44067.005476,41910.299482,42073.40773323507
2023-12-06,2023,LSTM (returns),43745.834391,44067.005476,44271.7021230728
2023-12-07,2023,LSTM (returns),43282.618226,43745.834391,43970.93334737389
2023-12-08,2023,LSTM (returns),44205.052209,43282.618226,43500.095230523686
2023-12-09,2023,LSTM (returns),43740.006393,44205.052209,44403.61931945412
2023-12-10,2023,LSTM (returns),43732.71209,43740.006393,43894.18229568223
2023-12-11,2023,LSTM (returns),41209.89479,43732.71209,43825.48138314646
2023-12-12,2023,LSTM (returns),41467.27357,41209.89479,41401.70073424472
2023-12-13,2023,LSTM (returns),42939.060758,41467.27357,41634.04558161733
2023-12-14,2023,LSTM (returns),43033.137156,42939.060758,43109.59061623988
2023-12-15,2023,LSTM (returns),41978.09702,43033.137156,43195.79904530709
2023-12-16,2023,LSTM (returns),42203.214045,41978.09702,42113.62890354654
2023-12-17,2023,LSTM (returns),41428.665786,42203.214045,42280.12057614698
2023-12-18,2023,LSTM (returns),42635.733191,41428.665786,41495.61661294778
2023-12-19,2023,LSTM (returns),42271.863026,42635.733191,42772.14326455315
2023-12-20,2023,LSTM (returns),43605.155555,42271.863026,42408.64799031803
2023-12-21,2023,LSTM (returns),43870.238234,43605.155555,43764.778181716756
2023-12-22,2023,LSTM (returns),44009.501655,43870.238234,44018.204307975575
2023-12-23,2023,LSTM (returns),43768.806752,44009.501655,44132.15067243256
2023-12-24,2023,LSTM (returns),43097.809326,43768.806752,43829.26986321047
2023-12-25,2023,LSTM (returns),43623.750403,43097.809326,43135.52121249962
2023-12-26,2023,LSTM (returns),42491.122908,43623.750403,43694.93495854696
2023-12-27,2023,LSTM (returns),43436.959427,42491.122908,42606.18775409936
2023-12-28,2023,LSTM (returns),42670.679718,43436.959427,43561.29283161092
2023-12-29,2023,LSTM (returns),41998.603344,42670.679718,42791.33244648944
2023-12-30,2023,LSTM (returns),42204.491774,41998.603344,42129.92439724845
2023-12-31,2023,LSTM (returns),42217.158791,42204.491774,42257.28404855578
2024-01-01,2024,LSTM (returns),44049.473553,42217.158791,42255.68867599715
2024-01-02,2024,LSTM (returns),44941.160494,44049.473553,44044.54617230542
2024-01-03,2024,LSTM (returns),42773.651542,44941.160494,45030.83809971961
2024-01-04,2024,LSTM (returns),44250.745267,42773.651542,42941.762536426635
2024-01-05,2024,LSTM (returns),44146.322202,44250.745267,44333.75307468189
2024-01-06,2024,LSTM (returns),43917.979815,44146.322202,44242.33044269108
2024-01-07,2024,LSTM (returns),43844.19595,43917.979815,43961.745748535846
2024-01-08,2024,LSTM (returns),46981.3243,43844.19595,43867.58788290033
2024-01-09,2024,LSTM (returns),46084.005795,46981.3243,47067.03247078577
2024-01-10,2024,LSTM (returns),46818.159276,46084.005795,46201.8713328752
2024-01-11,2024,LSTM (returns),46380.870808,46818.159276,46968.48605845566
2024-01-12,2024,LSTM (returns),42817.430536,46380.870808,46544.40507355704
2024-01-13,2024,LSTM (returns),42846.95447,42817.430536,43087.023285552976
2024-01-14,2024,LSTM (returns),41888.151307,42846.95447,42900.31919870572
2024-01-15,2024,LSTM (returns),42528.919249,41888.151307,41923.62776114102
2024-01-16,2024,LSTM (returns),43171.447224,42528.919249,42541.611394361564
2024-01-17,2024,LSTM (returns),42689.304327,43171.447224,43166.805034110424
2024-01-18,2024,LSTM (returns),41261.907618,42689.304327,42698.92971040239
2024-01-19,2024,LSTM (returns),41606.853533,41261.907618,41365.867779165055
2024-01-20,2024,LSTM (returns),41668.69041,41606.853533,41656.83334421138
2024-01-21,2024,LSTM (returns),41537.112356,41668.69041,41605.286303250075
2024-01-22,2024,LSTM (returns),39577.09986,41537.112356,41420.365761574285
2024-01-23,2024,LSTM (returns),39737.314362,39577.09986,39853.64213581497
2024-01-24,2024,LSTM (returns),40101.856898,39737.314362,39877.62607532896
2024-01-25,2024,LSTM (returns),39917.661146,40101.856898,40161.22764547823
2024-01-26,2024,LSTM (returns),41860.731046,39917.661146,39947.351793617345
2024-01-27,2024,LSTM (returns),42125.301416,41860.731046,41855.68906513268
2024-01-28,2024,LSTM (returns),41983.020274,42125.301416,42095.62942685572
2024-01-29,2024,LSTM (returns),43218.347082,41983.020274,41990.10745703177
2024-01-30,2024,LSTM (returns),42950.054128,43218.347082,43236.36648123024
2024-01-31,2024,LSTM (returns),42589.470806,42950.054128,43010.19045773277
2024-02-01,2024,LSTM (returns),43020.359655,42589.470806,42682.83673122671
2024-02-02,2024,LSTM (returns),43155.385203,43020.359655,43102.64342142439
2024-02-03,2024,LSTM (returns),42982.378998,43155.385203,43224.03301750384
2024-02-04,2024,LSTM (returns),42576.291305,42982.378998,43017.08979707363
2024-02-05,2024,LSTM (returns),42619.274274,42576.291305,42625.927262304795
2024-02-06,2024,LSTM (returns),43102.706263,42619.274274,42704.28362003105
2024-02-07,2024,LSTM (returns),44253.031473,43102.706263,43172.22605999405
2024-02-08,2024,LSTM (returns),45332.091572,44253.031473,44327.19312086605
2024-02-09,2024,LSTM (returns),47176.966514,45332.091572,45429.11430693362
2024-02-10,2024,LSTM (returns),47792.897216,47176.966514,47319.1339892904
2024-02-11,2024,LSTM (returns),48200.798606,47792.897216,48000.4740109044
2024-02-12,2024,LSTM (returns),49989.803717,48200.798606,48345.100719072136
2024-02-13,2024,LSTM (returns),49628.094153,49989.803717,50177.59752501291
2024-02-14,2024,LSTM (returns),51844.292919,49628.094153,49837.499291386936
2024-02-15,2024,LSTM (returns),51939.147292,51844.292919,52094.59424041593
2024-02-16,2024,LSTM (returns),52157.312398,51939.147292,52175.513919689
2024-02-17,2024,LSTM (returns),51674.815852,52157.312398,52412.49476457474
2024-02-18,2024,LSTM (returns),52148.064537,51674.815852,51893.71676168519
2024-02-19,2024,LSTM (returns),51804.805154,52148.064537,52318.771888514835
2024-02-20,2024,LSTM (returns),52308.053171,51804.805154,51961.757293914285
2024-02-21,2024,LSTM (returns),51744.321808,52308.053171,52531.04595143554
2024-02-22,2024,LSTM (returns),51292.325257,51744.321808,51975.222679345556
2024-02-23,2024,LSTM (returns),50789.143176,51292.325257,51504.15808304489
2024-02-24,2024,LSTM (returns),51578.234916,50789.143176,50965.33161991623
2024-02-25,2024,LSTM (returns),51746.478967,51578.234916,51655.355041725794
2024-02-26,2024,LSTM (returns),54551.825918,51746.478967,51783.79084951989
2024-02-27,2024,LSTM (returns),57049.88822,54551.825918,54701.78174421405
2024-02-28,2024,LSTM (returns),62460.74062,57049.88822,57239.976113194054
2024-02-29,2024,LSTM (returns),61394.781852,62460.74062,62735.02361607763
2024-03-01,2024,LSTM (returns),62524.401817,61394.781852,61693.42999303878
2024-03-02,2024,LSTM (returns),62049.614564,62524.401817,62904.146475981994
2024-03-03,2024,LSTM (returns),62991.442291,62049.614564,62361.73384078718
2024-03-04,2024,LSTM (returns),68091.838824,62991.442291,63231.53721117653
2024-03-05,2024,LSTM (returns),63950.52433,68091.838824,68430.53755003438
2024-03-06,2024,LSTM (returns),66103.72154,63950.52433,64252.15217047348
2024-03-07,2024,LSTM (returns),67070.379148,66103.72154,66486.88645830704
2024-03-08,2024,LSTM (returns),68343.714955,67070.379148,67403.06979986164
2024-03-09,2024,LSTM (returns),68502.505339,68343.714955,68632.96289760632
2024-03-10,2024,LSTM (returns),68882.25134,68502.505339,68829.75801392907
2024-03-11,2024,LSTM (returns),72198.087534,68882.25134,69101.29800431729
2024-03-12,2024,LSTM (returns),71432.728302,72198.087534,72524.57635003842
2024-03-13,2024,LSTM (returns),73081.575905,71432.728302,71766.994112865
2024-03-14,2024,LSTM (returns),71505.272908,73081.575905,73436.77914674964
2024-03-15,2024,LSTM (returns),69424.914175,71505.272908,71825.56216179015
2024-03-16,2024,LSTM (returns),65433.681901,69424.914175,69825.30268211957
2024-03-17,2024,LSTM (returns),68285.089169,65433.681901,65834.26309621395
2024-03-18,2024,LSTM (returns),67770.886525,68285.089169,68458.2342853799
2024-03-19,2024,LSTM (returns),61969.307539,67770.886525,67965.53586169751
2024-03-20,2024,LSTM (returns),67848.10764,61969.307539,62508.67495213011
2024-03-21,2024,LSTM (returns),65454.735723,67848.10764,67898.1963103075
2024-03-22,2024,LSTM (returns),63486.485,65454.735723,65628.64572869675
2024-03-23,2024,LSTM (returns),64361.242905,63486.485,63671.90018499607
2024-03-24,2024,LSTM (returns),67289.565831,64361.242905,64293.67902151596
2024-03-25,2024,LSTM (returns),70042.020424,67289.565831,67111.38463493423
2024-03-26,2024,LSTM (returns),70071.047214,70042.020424,69936.67039128853
2024-03-27,2024,LSTM (returns),69267.887982,70071.047214,70028.1782682
2024-03-28,2024,LSTM (returns),70826.896871,69267.887982,69297.47810514981
2024-03-29,2024,LSTM (returns),69917.043007,70826.896871,70846.00410983758
2024-03-30,2024,LSTM (returns),69663.011907,69917.043007,69933.80789171303
2024-03-31,2024,LSTM (returns),71227.451794,69663.011907,69638.10282215688
2024-04-01,2024,LSTM (returns),69791.627731,71227.451794,71183.98345235926
2024-04-02,2024,LSTM (returns),65533.754835,69791.627731,69897.44100528526
2024-04-03,2024,LSTM (returns),66130.216239,65533.754835,65854.20119040989
2024-04-04,2024,LSTM (returns),68438.135025,66130.216239,66299.30307320468
2024-04-05,2024,LSTM (returns),67904.909477,68438.135025,68516.84547404166
2024-04-06,2024,LSTM (returns),69136.071078,67904.909477,68006.28362252792
2024-04-07,2024,LSTM (returns),69392.683011,69136.071078,69113.54750660298
2024-04-08,2024,LSTM (returns),71712.797284,69392.683011,69351.49426038704
2024-04-09,2024,LSTM (returns),69074.541864,71712.797284,71768.08244732826
2024-04-10,2024,LSTM (returns),70579.445677,69074.541864,69222.58311715827
2024-04-11,2024,LSTM (returns),70046.553606,70579.445677,70714.01542016983
2024-04-12,2024,LSTM (returns),67098.113692,70046.553606,70167.24886551053
2024-04-13,2024,LSTM (returns),64551.648288,67098.113692,67384.68552526769
2024-04-14,2024,LSTM (returns),65648.80996,64551.648288,64936.34870802921
2024-04-15,2024,LSTM (returns),63393.325166,65648.80996,65839.97681708037
2024-04-16,2024,LSTM (returns),63784.820334,63393.325166,63657.69835039434
2024-04-17,2024,LSTM (returns),61324.218429,63784.820334,63918.311880932604
2024-04-18,2024,LSTM (returns),63510.145003,61324.218429,61600.72062307072
2024-04-19,2024,LSTM (returns),63762.63103,63510.145003,63456.92334890713
2024-04-20,2024,LSTM (returns),64907.992837,63762.63103,63842.64976312607
2024-04-21,2024,LSTM (returns),64968.19262,64907.992837,64776.367506036375
2024-04-22,2024,LSTM (returns),66944.596091,64968.19262,64829.45333667905
2024-04-23,2024,LSTM (returns),66385.300292,66944.596091,66822.99488558303
2024-04-24,2024,LSTM (returns),64189.967906,66385.300292,66317.18971142301
2024-04-25,2024,LSTM (returns),64515.387473,64189.967906,64264.49858790872
2024-04-26,2024,LSTM (returns),63777.4715,64515.387473,64602.39775704689
2024-04-27,2024,LSTM (returns),63429.309965,63777.4715,63823.161004870824
2024-04-28,2024,LSTM (returns),62978.577005,63429.309965,63403.983947032815
2024-04-29,2024,LSTM (returns),63908.388877,62978.577005,62928.65073070785
2024-04-30,2024,LSTM (returns),60636.326163,63908.388877,63957.78001073091
2024-05-01,2024,LSTM (returns),58141.77728,60636.326163,60887.18153832489
2024-05-02,2024,LSTM (returns),59170.108894,58141.77728,58519.48455704263
2024-05-03,2024,LSTM (returns),62983.655478,59170.108894,59250.2056833448
2024-05-04,2024,LSTM (returns),63881.130543,62983.655478,62893.91891147036
2024-05-05,2024,LSTM (returns),64067.595992,63881.130543,63763.58231573587
2024-05-06,2024,LSTM (returns),63228.103134,64067.595992,63933.08872526005
2024-05-07,2024,LSTM (returns),62396.99972,63228.103134,63252.52020157804
2024-05-08,2024,LSTM (returns),61079.274428,62396.99972,62459.50678494386
2024-05-09,2024,LSTM (returns),62998.490338,61079.274428,61192.421612118575
2024-05-10,2024,LSTM (returns),60896.641888,62998.490338,63011.57876880967
2024-05-11,2024,LSTM (returns),60843.572924,60896.641888,61010.58608315712
2024-05-12,2024,LSTM (returns),61431.274688,60843.572924,60810.06849796883
2024-05-13,2024,LSTM (returns),62886.939449,61431.274688,61337.28298634795
2024-05-14,2024,LSTM (returns),61555.567005,62886.939449,62957.46995259346
2024-05-15,2024,LSTM (returns),66281.532254,61555.567005,61661.95490341787
2024-05-16,2024,LSTM (returns),65269.260325,66281.532254,66366.09842469305
2024-05-17,2024,LSTM (returns),66956.440948,65269.260325,65380.98432024399
2024-05-18,2024,LSTM (returns),66977.600691,66956.440948,67041.68935010336
2024-05-19,2024,LSTM (returns),66259.470426,66977.600691,67042.64297868735
2024-05-20,2024,LSTM (returns),71202.20259,66259.470426,66290.94400164075
2024-05-21,2024,LSTM (returns),70217.254691,71202.20259,71373.99759631116
2024-05-22,2024,LSTM (returns),69074.914135,70217.254691,70412.1506312895
2024-05-23,2024,LSTM (returns),67758.730659,69074.914135,69302.76544246972
2024-05-24,2024,LSTM (returns),68608.99828,67758.730659,68035.00682919336
2024-05-25,2024,LSTM (returns),69282.792598,68608.99828,68795.81960087942
2024-05-26,2024,LSTM (returns),68445.006953,69282.792598,69341.50723586672
2024-05-27,2024,LSTM (returns),69347.81526,68445.006953,68448.66022352233
2024-05-28,2024,LSTM (returns),68342.820449,69347.81526,69456.92061210568
2024-05-29,2024,LSTM (returns),67584.26324,68342.820449,68525.37949761607
2024-05-30,2024,LSTM (returns),68375.476026,67584.26324,67765.31940193738
2024-05-31,2024,LSTM (returns),67377.762612,68375.476026,68542.39363891176
2024-06-01,2024,LSTM (returns),67714.35264,67377.762612,67543.27378695576
2024-06-02,2024,LSTM (returns),67805.485574,67714.35264,67720.25063195582
2024-06-03,2024,LSTM (returns),68833.302835,67805.485574,67824.88211116035
2024-06-04,2024,LSTM (returns),70554.089433,68833.302835,69003.48869339832
2024-06-05,2024,LSTM (returns),71087.443316,70554.089433,70711.35246253698
2024-06-06,2024,LSTM (returns),70788.501376,71087.443316,71255.83069814686
2024-06-07,2024,LSTM (returns),69338.157324,70788.501376,70946.64292153851
2024-06-08,2024,LSTM (returns),69310.109262,69338.157324,69587.86744848384
2024-06-09,2024,LSTM (returns),69644.019089,69310.109262,69431.85295286395
2024-06-10,2024,LSTM (returns),69465.936248,69644.019089,69653.58373385345
2024-06-11,2024,LSTM (returns),67368.263506,69465.936248,69576.74054186806
2024-06-12,2024,LSTM (returns),68213.834684,67368.263506,67710.5993858943
2024-06-13,2024,LSTM (returns),66783.490277,68213.834684,68468.64117466756
2024-06-14,2024,LSTM (returns),65982.18652,66783.490277,67031.48736604991
2024-06-15,2024,LSTM (returns),66204.904308,65982.18652,66194.00822531032
2024-06-16,2024,LSTM (returns),66622.599934,66204.904308,66174.23561023433
2024-06-17,2024,LSTM (returns),66483.878526,66622.599934,66508.42270014311
2024-06-18,2024,LSTM (returns),65112.123002,66483.878526,66667.48833165618
2024-06-19,2024,LSTM (returns),64878.714153,65112.123002,65371.13976743343
2024-06-20,2024,LSTM (returns),64897.701154,64878.714153,64957.59852238043
2024-06-21,2024,LSTM (returns),64086.048923,64897.701154,65006.97840331969
2024-06-22,2024,LSTM (returns),64258.135506,64086.048923,64207.26106882693
2024-06-23,2024,LSTM (returns),63345.021876,64258.135506,64149.90670855747
2024-06-24,2024,LSTM (returns),60258.955437,63345.021876,63278.177625448145
2024-06-25,2024,LSTM (returns),61739.665848,60258.955437,60830.98165679341
2024-06-26,2024,LSTM (returns),60794.476058,61739.665848,61919.81531949294
2024-06-27,2024,LSTM (returns),61569.923428,60794.476058,60957.220765667436
2024-06-28,2024,LSTM (returns),60303.314736,61569.923428,61631.81509425037
2024-06-29,2024,LSTM (returns),60889.329843,60303.314736,60452.93476400329
2024-06-30,2024,LSTM (returns),62763.279686,60889.329843,60808.345304422044
2024-07-01,2024,LSTM (returns),62835.399765,62763.279686,62682.187088214574
2024-07-02,2024,LSTM (returns),62028.617039,62835.399765,62876.061138486104
2024-07-03,2024,LSTM (returns),60216.392086,62028.617039,62075.89859473862
2024-07-04,2024,LSTM (returns),57418.242021,60216.392086,60408.40334916957
2024-07-05,2024,LSTM (returns),56720.988126,57418.242021,57779.01035402337
2024-07-06,2024,LSTM (returns),58259.221773,56720.988126,57082.79498322767
2024-07-07,2024,LSTM (returns),56112.572559,58259.221773,58221.60067386081
2024-07-08,2024,LSTM (returns),56691.914906,56112.572559,56241.82172504828
2024-07-09,2024,LSTM (returns),57981.432097,56691.914906,56927.72730369011
2024-07-10,2024,LSTM (returns),57722.011353,57981.432097,57995.69386766282
2024-07-11,2024,LSTM (returns),57307.712738,57722.011353,57753.12308004284
2024-07-12,2024,LSTM (returns),57859.120282,57307.712738,57369.948516365825
2024-07-13,2024,LSTM (returns),59329.037202,57859.120282,57851.694225616455
2024-07-14,2024,LSTM (returns),61015.033941,59329.037202,59203.54914451972
2024-07-15,2024,LSTM (returns),64734.76117,61015.033941,60907.89158876693
2024-07-16,2024,LSTM (returns),65118.826658,64734.76117,64694.87403487692
2024-07-17,2024,LSTM (returns),64201.370781,65118.826658,65152.34639373701
2024-07-18,2024,LSTM (returns),63984.302202,64201.370781,64308.836215015384
2024-07-19,2024,LSTM (returns),66755.783383,63984.302202,64099.80922868785
2024-07-20,2024,LSTM (returns),67185.497811,66755.783383,66895.63142334405
2024-07-21,2024,LSTM (returns),68056.620122,67185.497811,67358.4028398863
2024-07-22,2024,LSTM (returns),67535.197674,68056.620122,68183.11589220447
2024-07-23,2024,LSTM (returns),65916.408162,67535.197674,67797.7967276438
2024-07-24,2024,LSTM (returns),65353.385778,65916.408162,66217.16754735957
2024-07-25,2024,LSTM (returns),65722.061192,65353.385778,65582.08769577787
2024-07-26,2024,LSTM (returns),67912.243309,65722.061192,65963.3191427839
2024-07-27,2024,LSTM (returns),68077.373081,67912.243309,68078.34931560881
2024-07-28,2024,LSTM (returns),68170.669131,68077.373081,68234.66314539913
2024-07-29,2024,LSTM (returns),66867.167277,68170.669131,68291.02318403561
2024-07-30,2024,LSTM (returns),66186.914686,66867.167277,67124.34859118437
2024-07-31,2024,LSTM (returns),64690.634039,66186.914686,66407.64640384862
2024-08-01,2024,LSTM (returns),65178.055489,64690.634039,64925.09851300925
2024-08-02,2024,LSTM (returns),61506.769888,65178.055489,65442.7902232194
2024-08-03,2024,LSTM (returns),60688.244427,61506.769888,61849.20748512474
2024-08-04,2024,LSTM (returns),58306.264479,60688.244427,60921.63297056643
2024-08-05,2024,LSTM (returns),54343.627677,58306.264479,58614.31602625065
2024-08-06,2024,LSTM (returns),56047.471287,54343.627677,55260.637648659416
2024-08-07,2024,LSTM (returns),55129.741038,56047.471287,56172.32898674729
2024-08-08,2024,LSTM (returns),61908.789672,55129.741038,55352.38572787775
2024-08-09,2024,LSTM (returns),60720.940759,61908.789672,61601.51356218905
2024-08-10,2024,LSTM (returns),60871.555073,60720.940759,60659.51952798644
2024-08-11,2024,LSTM (returns),58836.104372,60871.555073,60695.42923751651
2024-08-12,2024,LSTM (returns),59394.162954,58836.104372,58838.555166203805
2024-08-13,2024,LSTM (returns),60536.245785,59394.162954,59456.2887643292
2024-08-14,2024,LSTM (returns),58840.64668,60536.245785,60531.613630043634
2024-08-15,2024,LSTM (returns),57644.187688,58840.64668,58930.020687314245
2024-08-16,2024,LSTM (returns),58927.276509,57644.187688,57798.03983330395
2024-08-17,2024,LSTM (returns),59414.674335,58927.276509,58953.669642666275
2024-08-18,2024,LSTM (returns),58793.206146,59414.674335,59339.66833619206
2024-08-19,2024,LSTM (returns),59411.519017,58793.206146,58759.39131954108
2024-08-20,2024,LSTM (returns),59123.300266,59411.519017,59446.94128315418
2024-08-21,2024,LSTM (returns),61133.025649,59123.300266,59213.617379717405
2024-08-22,2024,LSTM (returns),60394.473775,61133.025649,61205.29523797518
2024-08-23,2024,LSTM (returns),64106.802915,60394.473775,60490.11829569698
2024-08-24,2024,LSTM (returns),64023.226704,64106.802915,64220.525499910174
2024-08-25,2024,LSTM (returns),64498.018341,64023.226704,64165.115298081975
2024-08-26,2024,LSTM (returns),62983.442773,64498.018341,64567.02839211919
2024-08-27,2024,LSTM (returns),59548.007622,62983.442773,63113.50814509253
2024-08-28,2024,LSTM (returns),59100.774755,59548.007622,59830.997165402645
2024-08-29,2024,LSTM (returns),59339.790995,59100.774755,59367.415718928845
2024-08-30,2024,LSTM (returns),59142.939964,59339.790995,59519.92661854803
2024-08-31,2024,LSTM (returns),58959.926273,59142.939964,59300.16265467188
2024-09-01,2024,LSTM (returns),57349.080718,58959.926273,58943.66732417441
2024-09-02,2024,LSTM (returns),59159.023888,57349.080718,57569.1384307258
2024-09-03,2024,LSTM (returns),57637.775444,59159.023888,59263.395412285485
2024-09-04,2024,LSTM (returns),58033.39897,57637.775444,57798.69562321306
2024-09-05,2024,LSTM (returns),56112.95294,58033.39897,58203.764823925914
2024-09-06,2024,LSTM (returns),53838.953462,56112.95294,56323.41786430625
2024-09-07,2024,LSTM (returns),54066.439925,53838.953462,54238.97214990543
2024-09-08,2024,LSTM (returns),54859.258408,54066.439925,54068.1758317452
2024-09-09,2024,LSTM (returns),57135.781437,54859.258408,54795.07359993959
2024-09-10,2024,LSTM (returns),57664.499821,57135.781437,57144.73346212167
2024-09-11,2024,LSTM (returns),57409.195066,57664.499821,57649.09939181205
2024-09-12,2024,LSTM (returns),58124.641807,57409.195066,57476.21122828986
2024-09-13,2024,LSTM (returns),60536.88145,58124.641807,58146.92205607847
2024-09-14,2024,LSTM (returns),60007.170251,60536.88145,60519.69109757529
2024-09-15,2024,LSTM (returns),59129.919754,60007.170251,60013.8753765733
2024-09-16,2024,LSTM (returns),58227.464217,59129.919754,59124.10731335422
2024-09-17,2024,LSTM (returns),60238.217726,58227.464217,58368.64836074479
2024-09-18,2024,LSTM (returns),61306.233732,60238.217726,60387.28443452423
2024-09-19,2024,LSTM (returns),62994.609653,61306.233732,61471.92393324423
2024-09-20,2024,LSTM (returns),63153.951827,62994.609653,63174.22723962192
2024-09-21,2024,LSTM (returns),63367.729608,63153.951827,63338.192070949415
2024-09-22,2024,LSTM (returns),63571.952173,63367.729608,63541.51017448144
2024-09-23,2024,LSTM (returns),63336.012635,63571.952173,63668.053608199945
2024-09-24,2024,LSTM (returns),64342.789111,63336.012635,63518.39703957011
2024-09-25,2024,LSTM (returns),63059.626917,64342.789111,64552.96888277572
2024-09-26,2024,LSTM (returns),65057.786146,63059.626917,63259.99033769343
2024-09-27,2024,LSTM (returns),65767.713254,65057.786146,65301.69155977241
2024-09-28,2024,LSTM (returns),65770.527648,65767.713254,65998.94188917111
2024-09-29,2024,LSTM (returns),65617.761069,65770.527648,65967.3085133844
2024-09-30,2024,LSTM (returns),63260.042548,65617.761069,65690.33260668092
2024-10-01,2024,LSTM (returns),60858.248709,63260.042548,63580.081949481864
2024-10-02,2024,LSTM (returns),60686.099314,60858.248709,61300.73012096826
2024-10-03,2024,LSTM (returns),60765.23675,60686.099314,61014.15376872583
2024-10-04,2024,LSTM (returns),62052.51005,60765.23675,61022.431430759854
2024-10-05,2024,LSTM (returns),62030.453898,62052.51005,62166.26928034389
2024-10-06,2024,LSTM (returns),62789.881456,62030.453898,62012.94632008553
2024-10-07,2024,LSTM (returns),62416.50883,62789.881456,62709.15509327055
2024-10-08,2024,LSTM (returns),62126.327377,62416.50883,62588.07605609917
2024-10-09,2024,LSTM (returns),60615.258192,62126.327377,62259.34932767366
2024-10-10,2024,LSTM (returns),60221.117287,60615.258192,60778.91926938316
2024-10-11,2024,LSTM (returns),62462.539963,60221.117287,60373.28175852004
2024-10-12,2024,LSTM (returns),63202.880699,62462.539963,62508.24756695618
2024-10-13,2024,LSTM (returns),62759.431113,63202.880699,63171.96886645087
2024-10-14,2024,LSTM (returns),66089.758741,62759.431113,62725.908548280415
2024-10-15,2024,LSTM (returns),66933.974834,66089.758741,66189.99294321238
2024-10-16,2024,LSTM (returns),67662.953404,66933.974834,67066.74124280775
2024-10-17,2024,LSTM (returns),67337.907548,67662.953404,67821.53011391913
2024-10-18,2024,LSTM (returns),68390.537563,67337.907548,67488.84787775314
2024-10-19,2024,LSTM (returns),68357.898296,68390.537563,68538.01569190617
2024-10-20,2024,LSTM (returns),69012.353209,68357.898296,68507.7234360761
2024-10-21,2024,LSTM (returns),67440.462506,69012.353209,69055.46720229919
2024-10-22,2024,LSTM (returns),67425.755321,67440.462506,67663.27233526508
2024-10-23,2024,LSTM (returns),66647.286664,67425.755321,67660.45826454398
2024-10-24,2024,LSTM (returns),68130.994837,66647.286664,66896.88225087697
2024-10-25,2024,LSTM (returns),66261.537686,68130.994837,68332.19611517161
2024-10-26,2024,LSTM (returns),67023.339961,66261.537686,66543.26221991313
2024-10-27,2024,LSTM (returns),68000.147501,67023.339961,67144.27763692265
2024-10-28,2024,LSTM (returns),69862.520547,68000.147501,68009.61655410957
2024-10-29,2024,LSTM (returns),72678.78662,69862.520547,70024.75752254378
2024-10-30,2024,LSTM (returns),72450.284382,72678.78662,72882.64297017752
2024-10-31,2024,LSTM (returns),70367.081958,72450.284382,72684.3511117846
2024-11-01,2024,LSTM (returns),69483.58303,70367.081958,70617.0969473987
2024-11-02,2024,LSTM (returns),69241.679487,69483.58303,69774.51898542355
2024-11-03,2024,LSTM (returns),68742.754623,69241.679487,69381.43141159641
2024-11-04,2024,LSTM (returns),67779.09698,68742.754623,69008.16304808382
2024-11-05,2024,LSTM (returns),69538.024173,67779.09698,68081.30607971954
2024-11-06,2024,LSTM (returns),75696.036619,69538.024173,69769.1152187332
2024-11-07,2024,LSTM (returns),75972.295555,75696.036619,75986.01415465797
2024-11-08,2024,LSTM (returns),76507.447401,75972.295555,76288.85955997767
2024-11-09,2024,LSTM (returns),76799.252747,76507.447401,76760.61533705049
2024-11-10,2024,LSTM (returns),80409.286567,76799.252747,76986.43966744721
2024-11-11,2024,LSTM (returns),88859.998449,80409.286567,80652.12666343058
2024-11-12,2024,LSTM (returns),88048.748888,88859.998449,89186.42673976602
2024-11-13,2024,LSTM (returns),90369.381969,88048.748888,88342.0218051345
2024-11-14,2024,LSTM (returns),87204.256983,90369.381969,90818.24363373066
2024-11-15,2024,LSTM (returns),91139.084443,87204.256983,87669.260729483
2024-11-16,2024,LSTM (returns),90567.695757,91139.084443,91584.7087443604
2024-11-17,2024,LSTM (returns),89732.970429,90567.695757,90942.66601784105
2024-11-18,2024,LSTM (returns),90587.696553,89732.970429,89971.41226581817
2024-11-19,2024,LSTM (returns),92254.13858,90587.696553,90923.60410198035
2024-11-20,2024,LSTM (returns),94160.040686,92254.13858,92653.37017510498
2024-11-21,2024,LSTM (returns),98545.56888,94160.040686,94575.82202952255
2024-11-22,2024,LSTM (returns),98938.349545,98545.56888,99028.67059566223
2024-11-23,2024,LSTM (returns),97707.048459,98938.349545,99447.96157196234
2024-11-24,2024,LSTM (returns),97980.208282,97707.048459,98196.01982637396
2024-11-25,2024,LSTM (returns),93343.029075,97980.208282,98348.7753610691
2024-11-26,2024,LSTM (returns),91875.569959,93343.029075,93804.40765337642
2024-11-27,2024,LSTM (returns),95989.080227,91875.569959,92408.70265957325
2024-11-28,2024,LSTM (returns),95737.940282,95989.080227,96362.06566883832
2024-11-29,2024,LSTM (returns),97398.94174,95737.940282,95996.83481863543
2024-11-30,2024,LSTM (returns),96463.624898,97398.94174,97600.08859941154
2024-12-01,2024,LSTM (returns),97469.604453,96463.624898,96608.29876500706
2024-12-02,2024,LSTM (returns),95726.441726,97469.604453,97555.05217138123
2024-12-03,2024,LSTM (returns),96010.877423,95726.441726,96056.05622973436
2024-12-04,2024,LSTM (returns),98920.252826,96010.877423,96363.34932957227
2024-12-05,2024,LSTM (returns),96949.664412,98920.252826,99256.45816701172
2024-12-06,2024,LSTM (returns),99953.105658,96949.664412,97457.40490506857
2024-12-07,2024,LSTM (returns),99977.700228,99953.105658,100321.88846204952
2024-12-08,2024,LSTM (returns),100798.983564,99977.700228,100222.60734203992
2024-12-09,2024,LSTM (returns),97390.19886,100798.983564,100859.46780826716
2024-12-10,2024,LSTM (returns),96835.501739,97390.19886,97817.63757206428
2024-12-11,2024,LSTM (returns),101310.2019,96835.501739,97258.89573965273
2024-12-12,2024,LSTM (returns),100090.89048,101310.2019,101567.24840248836
2024-12-13,2024,LSTM (returns),101289.823977,100090.89048,100336.37350830906
2024-12-14,2024,LSTM (returns),101366.871668,101289.823977,101450.41229952793
2024-12-15,2024,LSTM (returns),104551.367141,101366.871668,101436.0256148914
2024-12-16,2024,LSTM (returns),105855.67223,104551.367141,104578.46558344191
2024-12-17,2024,LSTM (returns),106115.910583,105855.67223,106028.49855522854
2024-12-18,2024,LSTM (returns),100469.770657,106115.910583,106372.85395183085
2024-12-19,2024,LSTM (returns),97697.04578,100469.770657,100893.76885555632
2024-12-20,2024,LSTM (returns),97617.442205,97697.04578,98215.56252876014
2024-12-21,2024,LSTM (returns),97093.019083,97617.442205,98077.55448548174
2024-12-22,2024,LSTM (returns),95149.105825,97093.019083,97264.88601708143
2024-12-23,2024,LSTM (returns),94800.756206,95149.105825,95268.84390385979
2024-12-24,2024,LSTM (returns),98637.733054,94800.756206,95098.33047612967
2024-12-25,2024,LSTM (returns),99235.367887,98637.733054,98614.71007089264
2024-12-26,2024,LSTM (returns),95628.30309,99235.367887,99145.0279258248
2024-12-27,2024,LSTM (returns),94219.982146,95628.30309,95756.74757666464
2024-12-28,2024,LSTM (returns),95123.58111,94219.982146,94401.11393025433
2024-12-29,2024,LSTM (returns),93457.57832,95123.58111,95008.9680960194
2024-12-30,2024,LSTM (returns),92523.163085,93457.57832,93446.33724250425
2024-12-31,2024,LSTM (returns),93389.732602,92523.163085,92871.74992958095
2025-01-01,2025,LSTM (returns),94455.796572,93389.732602,93564.12575592556
2025-01-02,2025,LSTM (returns),96851.393683,94455.796572,94480.43534638948
2025-01-03,2025,LSTM (returns),98120.684676,96851.393683,96968.11175466332
2025-01-04,2025,LSTM (returns),98230.047857,98120.684676,98215.77030224694
2025-01-05,2025,LSTM (returns),98414.812096,98230.047857,98273.07356763144
2025-01-06,2025,LSTM (returns),102179.560367,98414.812096,98361.96197284875
2025-01-07,2025,LSTM (returns),96974.995786,102179.560367,102321.29601946636
2025-01-08,2025,LSTM (returns),95039.280921,96974.995786,97206.5153093037
2025-01-09,2025,LSTM (returns),92346.169159,95039.280921,95362.05674354474
2025-01-10,2025,LSTM (returns),94759.119636,92346.169159,92690.96372611304
2025-01-11,2025,LSTM (returns),94606.50801,94759.119636,94950.00391142783
2025-01-12,2025,LSTM (returns),94353.775259,94606.50801,94595.65993542482
2025-01-13,2025,LSTM (returns),94375.72991,94353.775259,94279.01727294893
2025-01-14,2025,LSTM (returns),96569.475727,94375.72991,94785.68642021931
2025-01-15,2025,LSTM (returns),100172.405985,96569.475727,96801.40195953911
2025-01-16,2025,LSTM (returns),99977.729823,100172.405985,100358.87683642858
2025-01-17,2025,LSTM (returns),104296.588034,99977.729823,100189.6802836792
2025-01-18,2025,LSTM (returns),104398.156261,104296.588034,104533.39144378745
2025-01-19,2025,LSTM (returns),100954.572282,104398.156261,104687.37976599377
2025-01-20,2025,LSTM (returns),102588.998699,100954.572282,101311.45105845638
2025-01-21,2025,LSTM (returns),105987.888705,102588.998699,103053.33525235685
2025-01-22,2025,LSTM (returns),103791.128861,105987.888705,106450.5441313303
2025-01-23,2025,LSTM (returns),104184.616744,103791.128861,104252.75007984538
2025-01-24,2025,LSTM (returns),104716.124882,104184.616744,104696.37305379185
2025-01-25,2025,LSTM (returns),104866.085349,104716.124882,105121.12938685124
2025-01-26,2025,LSTM (returns),102833.369273,104866.085349,105026.78900079984
2025-01-27,2025,LSTM (returns),101907.446297,102833.369273,102843.6495815465
2025-01-28,2025,LSTM (returns),101138.144066,101907.446297,102461.6313369529
2025-01-29,2025,LSTM (returns),103918.795459,101138.144066,101524.53895757366
2025-01-30,2025,LSTM (returns),104987.446411,103918.795459,104167.9135981378
2025-01-31,2025,LSTM (returns),102263.043671,104987.446411,105145.43318455774
2025-02-01,2025,LSTM (returns),100610.29044,102263.043671,102438.29189557966
2025-02-02,2025,LSTM (returns),97424.7809,100610.29044,100674.2985289872
2025-02-03,2025,LSTM (returns),101582.408702,97424.7809,97846.81064228657
2025-02-04,2025,LSTM (returns),97848.149759,101582.408702,102056.29545858805
2025-02-05,2025,LSTM (returns),96559.332756,97848.149759,98344.6636360813
2025-02-06,2025,LSTM (returns),96541.300681,96559.332756,96835.5000676468
2025-02-07,2025,LSTM (returns),96384.110984,96541.300681,96697.79596960857
2025-02-08,2025,LSTM (returns),96603.318157,96384.110984,96541.94799976156
2025-02-09,2025,LSTM (returns),96309.753241,96603.318157,96494.60077758241
2025-02-10,2025,LSTM (returns),97375.225354,96309.753241,96238.82705364175
2025-02-11,2025,LSTM (returns),95806.258039,97375.225354,97369.9959560148
2025-02-12,2025,LSTM (returns),97756.497655,95806.258039,95848.78196525971
2025-02-13,2025,LSTM (returns),96534.740633,97756.497655,97837.35900711463
2025-02-14,2025,LSTM (returns),97414.358982,96534.740633,96611.64718086552
2025-02-15,2025,LSTM (returns),97583.243177,97414.358982,97437.93447371479
2025-02-16,2025,LSTM (returns),96182.266171,97583.243177,97501.64952836814
2025-02-17,2025,LSTM (returns),95790.510999,96182.266171,96013.40454590219
2025-02-18,2025,LSTM (returns),95444.031887,95790.510999,95785.27913655725
2025-02-19,2025,LSTM (returns),96647.913298,95444.031887,95564.94167712878
2025-02-20,2025,LSTM (returns),98392.219725,96647.913298,96767.01327795038
2025-02-21,2025,LSTM (returns),96048.993725,98392.219725,98522.30532703905
2025-02-22,2025,LSTM (returns),96605.709106,96048.993725,96276.58782096083
2025-02-23,2025,LSTM (returns),96091.632977,96605.709106,96778.72843704195
2025-02-24,2025,LSTM (returns),91869.654343,96091.632977,96112.49641901901
2025-02-25,2025,LSTM (returns),88769.735627,91869.654343,92247.94027417926
2025-02-26,2025,LSTM (returns),83987.895642,88769.735627,89366.07743742834
2025-02-27,2025,LSTM (returns),84625.419136,83987.895642,84596.38376936762
2025-02-28,2025,LSTM (returns),84243.777911,84625.419136,84913.16265104063
2025-03-01,2025,LSTM (returns),85844.368563,84243.777911,84714.46117908666
2025-03-02,2025,LSTM (returns),94328.009444,85844.368563,85794.89001313914
2025-03-03,2025,LSTM (returns),86315.930551,94328.009444,94138.12443490316
2025-03-04,2025,LSTM (returns),87323.690651,86315.930551,86790.46957157647
2025-03-05,2025,LSTM (returns),90619.409098,87323.690651,87452.72276885225
2025-03-06,2025,LSTM (returns),90222.069328,90619.409098,90473.407644026
2025-03-07,2025,LSTM (returns),86553.592194,90222.069328,90216.8291289412
2025-03-08,2025,LSTM (returns),86171.278936,86553.592194,86861.94524628232
2025-03-09,2025,LSTM (returns),80647.796411,86171.278936,86085.97280773155
2025-03-10,2025,LSTM (returns),79005.960129,80647.796411,81109.63192206448
2025-03-11,2025,LSTM (returns),82747.160192,79005.960129,79587.60712414178
2025-03-12,2025,LSTM (returns),83630.15811,82747.160192,82900.84195306514
2025-03-13,2025,LSTM (returns),81110.289049,83630.15811,83766.32520464399
2025-03-14,2025,LSTM (returns),84105.833552,81110.289049,81326.56251576585
2025-03-15,2025,LSTM (returns),84352.877302,84105.833552,84060.61980582889
2025-03-16,2025,LSTM (returns),82492.102829,84352.877302,84202.25944220492
2025-03-17,2025,LSTM (returns),84013.947518,82492.102829,82506.72876175084
2025-03-18,2025,LSTM (returns),82680.806551,84013.947518,84009.09133055764
2025-03-19,2025,LSTM (returns),86774.235072,82680.806551,82737.09100333026
2025-03-20,2025,LSTM (returns),84124.971288,86774.235072,86847.67236804013
2025-03-21,2025,LSTM (returns),84069.40818,84124.971288,84262.45348197798
2025-03-22,2025,LSTM (returns),83821.220305,84069.40818,84138.87662885623
2025-03-23,2025,LSTM (returns),85760.881451,83821.220305,83748.8808302253
2025-03-24,2025,LSTM (returns),87322.571857,85760.881451,85647.45898386564
2025-03-25,2025,LSTM (returns),87422.842608,87322.571857,87419.9215059631
2025-03-26,2025,LSTM (returns),86836.676096,87422.842608,87576.40273363686
2025-03-27,2025,LSTM (returns),87211.324017,86836.676096,87016.24504163582
2025-03-28,2025,LSTM (returns),84309.078355,87211.324017,87382.77411267094
2025-03-29,2025,LSTM (returns),82497.179247,84309.078355,84557.47830388883
2025-03-30,2025,LSTM (returns),82216.466677,82497.179247,82666.73178612078
2025-03-31,2025,LSTM (returns),82461.449628,82216.466677,82271.54112694478
2025-04-01,2025,LSTM (returns),85226.713794,82461.449628,82672.8305039478
2025-04-02,2025,LSTM (returns),82555.631296,85226.713794,85368.73319022315
2025-04-03,2025,LSTM (returns),82931.697399,82555.631296,82855.55809560853
2025-04-04,2025,LSTM (returns),83774.179738,82931.697399,83156.21845331583
2025-04-05,2025,LSTM (returns),83302.171576,83774.179738,84011.05554699224
2025-04-06,2025,LSTM (returns),77949.088493,83302.171576,83418.2086270926
2025-04-07,2025,LSTM (returns),79421.804411,77949.088493,78438.26415925361
2025-04-08,2025,LSTM (returns),76351.42953,79421.804411,79986.10483165766
2025-04-09,2025,LSTM (returns),82720.603489,76351.42953,76875.4338622551
2025-04-10,2025,LSTM (returns),79558.955825,82720.603489,82943.22268465933
2025-04-11,2025,LSTM (returns),83359.899516,79558.955825,79899.13145528863
2025-04-12,2025,LSTM (returns),85269.249512,83359.899516,83359.66321509918
2025-04-13,2025,LSTM (returns),83568.954436,85269.249512,85152.1578378276
2025-04-14,2025,LSTM (returns),84589.032414,83568.954436,83534.64706006994
2025-04-15,2025,LSTM (returns),83671.343971,84589.032414,84574.03176604176
2025-04-16,2025,LSTM (returns),84151.535756,83671.343971,83694.28562185548
2025-04-17,2025,LSTM (returns),84940.583854,84151.535756,84180.95904039574
2025-04-18,2025,LSTM (returns),84434.772746,84940.583854,84942.05515317705
2025-04-19,2025,LSTM (returns),85124.721496,84434.772746,84364.13266936934
2025-04-20,2025,LSTM (returns),85101.746155,85124.721496,85000.91396957079
2025-04-21,2025,LSTM (returns),87360.719893,85101.746155,85005.01300165606
2025-04-22,2025,LSTM (returns),93495.610689,87360.719893,87494.83007040332
2025-04-23,2025,LSTM (returns),93695.740477,93495.610689,93757.69430306126
2025-04-24,2025,LSTM (returns),93849.881779,93695.740477,94050.86223092228
2025-04-25,2025,LSTM (returns),94771.412801,93849.881779,94249.58332581341
2025-04-26,2025,LSTM (returns),94694.511101,94771.412801,95144.35212781205
2025-04-27,2025,LSTM (returns),93812.876535,94694.511101,95089.69207126915
2025-04-28,2025,LSTM (returns),95066.021187,93812.876535,94034.61881280551
2025-04-29,2025,LSTM (returns),94102.840302,95066.021187,95373.6092728512
2025-04-30,2025,LSTM (returns),94236.732514,94102.840302,94428.93288478043
2025-05-01,2025,LSTM (returns),96411.742264,94236.732514,94562.05174686067
2025-05-02,2025,LSTM (returns),96842.102106,96411.742264,96744.51595725569
2025-05-03,2025,LSTM (returns),95943.611353,96842.102106,97167.33231146843
2025-05-04,2025,LSTM (returns),94377.78992,95943.611353,96186.17432330691
2025-05-05,2025,LSTM (returns),94853.729859,94377.78992,94565.24855714811
2025-05-06,2025,LSTM (returns),96677.924503,94853.729859,95120.92452851981
2025-05-07,2025,LSTM (returns),97137.375709,96677.924503,96969.59896358405
2025-05-08,2025,LSTM (returns),103069.539296,97137.375709,97728.23935651554
2025-05-09,2025,LSTM (returns),102940.802949,103069.539296,103659.52431574582
2025-05-10,2025,LSTM (returns),104582.821806,102940.802949,103491.09213710124
2025-05-11,2025,LSTM (returns),103976.137799,104582.821806,105023.20279223382
2025-05-12,2025,LSTM (returns),102920.074689,103976.137799,104288.10386498351
2025-05-13,2025,LSTM (returns),104145.711825,102920.074689,103311.84799109142
2025-05-14,2025,LSTM (returns),103572.719642,104145.711825,104557.45815345865
2025-05-15,2025,LSTM (returns),103716.283947,103572.719642,103930.80019248376
2025-05-16,2025,LSTM (returns),103566.269191,103716.283947,104057.34619026537
2025-05-17,2025,LSTM (returns),103190.041365,103566.269191,103872.17585969937
2025-05-18,2025,LSTM (returns),106015.689849,103190.041365,103399.41693461397
2025-05-19,2025,LSTM (returns),105615.82896,106015.689849,106245.30882136627
2025-05-20,2025,LSTM (returns),106893.330248,105615.82896,105931.03512051451
2025-05-21,2025,LSTM (returns),109704.85562,106893.330248,107247.27362249684
2025-05-22,2025,LSTM (returns),111477.014788,109704.85562,110134.10906579308
2025-05-23,2025,LSTM (returns),107291.88897,111477.014788,111964.82129988912
2025-05-24,2025,LSTM (returns),107917.328289,107291.88897,107776.28494628325
2025-05-25,2025,LSTM (returns),108914.876558,107917.328289,108244.05654690674
2025-05-26,2025,LSTM (returns),109371.985172,108914.876558,109125.91685692231
2025-05-27,2025,LSTM (returns),109066.345637,109371.985172,109557.47628382033
2025-05-28,2025,LSTM (returns),107895.402399,109066.345637,109331.39546760563
2025-05-29,2025,LSTM (returns),105732.957892,107895.402399,108168.77015676483
2025-05-30,2025,LSTM (returns),103981.302958,105732.957892,106094.54794696333
2025-05-31,2025,LSTM (returns),104708.96415,103981.302958,104360.70702701672
2025-06-01,2025,LSTM (returns),105750.159724,104708.96415,104842.40381242686
2025-06-02,2025,LSTM (returns),105899.696927,105750.159724,105731.86994436459
2025-06-03,2025,LSTM (returns),105483.985551,105899.696927,106015.93121739704
2025-06-04,2025,LSTM (returns),104782.8449,105483.985551,105623.4746961169
2025-06-05,2025,LSTM (returns),101669.190497,104782.8449,104919.74591673353
2025-06-06,2025,LSTM (returns),104421.051549,101669.190497,102008.01404232223
2025-06-07,2025,LSTM (returns),105685.250402,104421.051549,104617.84938929808
2025-06-08,2025,LSTM (returns),105727.739632,105685.250402,105746.51107401878
2025-06-09,2025,LSTM (returns),110198.158714,105727.739632,105694.06768145005
2025-06-10,2025,LSTM (returns),110074.119082,110198.158714,110321.72742261809
2025-06-11,2025,LSTM (returns),108645.785558,110074.119082,110253.42021539234
2025-06-12,2025,LSTM (returns),105998.985831,108645.785558,108862.74124146874
2025-06-13,2025,LSTM (returns),106024.822087,105998.985831,106278.37769441163
2025-06-14,2025,LSTM (returns),105467.108742,106024.822087,106382.92184037062
2025-06-15,2025,LSTM (returns),105512.797438,105467.108742,105676.82217716626
2025-06-16,2025,LSTM (returns),107243.933346,105512.797438,105575.32513996105
2025-06-17,2025,LSTM (returns),104628.396527,107243.933346,107441.3724991566
2025-06-18,2025,LSTM (returns),104813.367029,104628.396527,104911.64395441064
2025-06-19,2025,LSTM (returns),104709.720767,104813.367029,105035.83800202956
2025-06-20,2025,LSTM (returns),103274.95884,104709.720767,104784.59087438951
2025-06-21,2025,LSTM (returns),101548.196382,103274.95884,103515.38122310769
2025-06-22,2025,LSTM (returns),100899.234152,101548.196382,101700.5099212515
2025-06-23,2025,LSTM (returns),105496.947495,100899.234152,101342.10728022736
2025-06-24,2025,LSTM (returns),105964.065137,105496.947495,105776.09824893824
2025-06-25,2025,LSTM (returns),107305.0652,105964.065137,106219.01642561778
2025-06-26,2025,LSTM (returns),107012.822824,107305.0652,107496.30182732345
2025-06-27,2025,LSTM (returns),107090.959051,107012.822824,107157.38897175156
2025-06-28,2025,LSTM (returns),107357.617171,107090.959051,107200.21146044513
2025-06-29,2025,LSTM (returns),108360.901696,107357.617171,107364.52385179025
2025-06-30,2025,LSTM (returns),107153.101136,108360.901696,108324.49678388162
2025-07-01,2025,LSTM (returns),105566.356598,107153.101136,107253.44793070263
2025-07-02,2025,LSTM (returns),108927.134518,105566.356598,105761.3853764332
2025-07-03,2025,LSTM (returns),109632.159127,108927.134518,109205.82052603696
2025-07-04,2025,LSTM (returns),108081.395759,109632.159127,109938.10868640641
2025-07-05,2025,LSTM (returns),108244.788814,108081.395759,108366.85144077118
2025-07-06,2025,LSTM (returns),109180.005546,108244.788814,108358.01437179928
2025-07-07,2025,LSTM (returns),108249.401004,109180.005546,109251.83093232567
2025-07-08,2025,LSTM (returns),108956.631703,108249.401004,108466.76437672756
2025-07-09,2025,LSTM (returns),111416.80672,108956.631703,109202.17902674436
2025-07-10,2025,LSTM (returns),115873.903784,111416.80672,111754.68543831893
2025-07-11,2025,LSTM (returns),117618.605087,115873.903784,116299.0369195355
2025-07-12,2025,LSTM (returns),117382.372541,117618.605087,118138.49976217799
2025-07-13,2025,LSTM (returns),118899.737108,117382.372541,118007.92654149856
2025-07-14,2025,LSTM (returns),119871.096198,118899.737108,119345.74671355088
2025-07-15,2025,LSTM (returns),117710.891008,119871.096198,120426.05769015285
2025-07-16,2025,LSTM (returns),118730.187792,117710.891008,118372.65866644334
2025-07-17,2025,LSTM (returns),119501.663771,118730.187792,119341.26012192683
2025-07-18,2025,LSTM (returns),117958.511213,119501.663771,120038.91842687094
2025-07-19,2025,LSTM (returns),117908.524732,117958.511213,118509.60180389369
2025-07-20,2025,LSTM (returns),117305.680954,117908.524732,118222.35742243817
2025-07-21,2025,LSTM (returns),117432.435635,117305.680954,117643.33401499446
2025-07-22,2025,LSTM (returns),120068.005789,117432.435635,117859.98145620292
2025-07-23,2025,LSTM (returns),118650.587166,120068.005789,120490.22195481611
2025-07-24,2025,LSTM (returns),118377.081937,118650.587166,119080.2212595098
2025-07-25,2025,LSTM (returns),117520.17335,118377.081937,118776.79049247257
2025-07-26,2025,LSTM (returns),117983.204599,117520.17335,118102.61448702129
2025-07-27,2025,LSTM (returns),119438.164236,117983.204599,118291.80325792519
2025-07-28,2025,LSTM (returns),118022.63732,119438.164236,119623.53092380855
2025-07-29,2025,LSTM (returns),117871.370895,118022.63732,118344.71735395327
2025-07-30,2025,LSTM (returns),117732.643661,117871.370895,118181.02189227527
2025-07-31,2025,LSTM (returns),115848.339985,117732.643661,118051.04864528464
2025-08-01,2025,LSTM (returns),113282.144336,115848.339985,116222.08540770828
2025-08-02,2025,LSTM (returns),112545.673659,113282.144336,113859.91236416266
2025-08-03,2025,LSTM (returns),114263.693948,112545.673659,112828.83148164723
2025-08-04,2025,LSTM (returns),115199.933659,114263.693948,114230.65870496583
2025-08-05,2025,LSTM (returns),114111.361018,115199.933659,115259.05528156811
2025-08-06,2025,LSTM (returns),115034.678749,114111.361018,114255.97433475948
2025-08-07,2025,LSTM (returns),117444.913924,115034.678749,115112.5076876879
2025-08-08,2025,LSTM (returns),116740.687721,117444.913924,117536.58981564279
2025-08-09,2025,LSTM (returns),116511.655739,116740.687721,116868.23350335372
2025-08-10,2025,LSTM (returns),119189.19816,116511.655739,116595.92973322677
2025-08-11,2025,LSTM (returns),118742.043049,119189.19816,119303.75960088796
2025-08-12,2025,LSTM (returns),120154.324935,118742.043049,119013.78657055496
2025-08-13,2025,LSTM (returns),123442.679822,120154.324935,120475.35431641208
2025-08-14,2025,LSTM (returns),118510.271281,123442.679822,123801.28518520702
2025-08-15,2025,LSTM (returns),117311.209948,118510.271281,118978.6008029193
2025-08-16,2025,LSTM (returns),117462.426846,117311.209948,117716.1930582755
2025-08-17,2025,LSTM (returns),117601.952232,117462.426846,117559.62096296773
2025-08-18,2025,LSTM (returns),116312.914398,117601.952232,117539.52548528077
2025-08-19,2025,LSTM (returns),112886.101475,116312.914398,116630.97026141056
2025-08-20,2025,LSTM (returns),114277.32086,112886.101475,113280.50478952313
2025-08-21,2025,LSTM (returns),112347.102298,114277.32086,114543.08017394751
2025-08-22,2025,LSTM (returns),116800.977035,112347.102298,112584.35654194214
2025-08-23,2025,LSTM (returns),115280.444724,116800.977035,117019.52439647555
2025-08-24,2025,LSTM (returns),113516.122474,115280.444724,115439.29115649933
2025-08-25,2025,LSTM (returns),110089.533314,113516.122474,113812.09344888011
2025-08-26,2025,LSTM (returns),111895.295495,110089.533314,110571.83929932633
2025-08-27,2025,LSTM (returns),111252.307236,111895.295495,112150.24379914813
2025-08-28,2025,LSTM (returns),112481.152904,111252.307236,111455.03345053551
2025-08-29,2025,LSTM (returns),108473.330442,112481.152904,112560.46821702039
2025-08-30,2025,LSTM (returns),108746.150825,108473.330442,108796.03255543248
2025-08-31,2025,LSTM (returns),108316.446895,108746.150825,108785.23344779576
2025-09-01,2025,LSTM (returns),108992.324615,108316.446895,108275.8377545781
2025-09-02,2025,LSTM (returns),111140.94716,108992.324615,109149.03763353852
2025-09-03,2025,LSTM (returns),111780.743587,111140.94716,111285.43677842265
2025-09-04,2025,LSTM (returns),110900.633413,111780.743587,111897.83648384172
2025-09-05,2025,LSTM (returns),110711.229485,110900.633413,111030.14000400342
2025-09-06,2025,LSTM (returns),110243.650742,110711.229485,110932.8708293357
2025-09-07,2025,LSTM (returns),111307.784421,110243.650742,110352.76956144767
2025-09-08,2025,LSTM (returns),112112.311575,111307.784421,111274.74746434538
2025-09-09,2025,LSTM (returns),111486.39678,112112.311575,112251.98327828366
2025-09-10,2025,LSTM (returns),113930.748423,111486.39678,111694.17059724375
2025-09-11,2025,LSTM (returns),115445.812933,113930.748423,114193.89990811833
2025-09-12,2025,LSTM (returns),116149.174032,115445.812933,115721.96640482183
2025-09-13,2025,LSTM (returns),115965.627551,116149.174032,116438.51198591612
2025-09-14,2025,LSTM (returns),115395.933423,115965.627551,116235.18354179218
2025-09-15,2025,LSTM (returns),115420.931814,115395.933423,115534.4030692621
2025-09-16,2025,LSTM (returns),116798.867051,115420.931814,115681.99918565703
2025-09-17,2025,LSTM (returns),116575.777629,116798.867051,117090.32032021291
2025-09-18,2025,LSTM (returns),117014.426762,116575.777629,116939.76686350718
2025-09-19,2025,LSTM (returns),115612.372542,117014.426762,117398.25846287889
2025-09-20,2025,LSTM (returns),115753.165961,115612.372542,115939.98523263399
2025-09-21,2025,LSTM (returns),115320.858829,115753.165961,115889.58555657897
2025-09-22,2025,LSTM (returns),112727.707738,115320.858829,115322.92219093833
2025-09-23,2025,LSTM (returns),112052.393282,112727.707738,113239.79598460376
2025-09-24,2025,LSTM (returns),113324.623592,112052.393282,112477.74593960006
2025-09-25,2025,LSTM (returns),109166.347975,113324.623592,113673.84101083771
2025-09-26,2025,LSTM (returns),109669.102167,109166.347975,109727.29849049362
2025-09-27,2025,LSTM (returns),109644.730693,109669.102167,110059.36194897369
2025-09-28,2025,LSTM (returns),112170.007786,109644.730693,109727.57501261892
2025-09-29,2025,LSTM (returns),114341.141435,112170.007786,112211.73801654472
2025-09-30,2025,LSTM (returns),113971.742797,114341.141435,114514.82696254185
2025-10-01,2025,LSTM (returns),118393.270386,113971.742797,114209.09911697815
2025-10-02,2025,LSTM (returns),120558.594007,118393.270386,118626.60905764133
2025-10-03,2025,LSTM (returns),122348.12764,120558.594007,120845.78647553218
2025-10-04,2025,LSTM (returns),122379.744318,122348.12764,122698.88596023864
2025-10-05,2025,LSTM (returns),123523.768314,122379.744318,122796.5758002039
2025-10-06,2025,LSTM (returns),124824.453667,123523.768314,123932.77231593132
2025-10-07,2025,LSTM (returns),121587.699237,124824.453667,125258.74353456654
2025-10-08,2025,LSTM (returns),123390.353095,121587.699237,122073.79665457495
2025-10-09,2025,LSTM (returns),121603.332786,123390.353095,123836.66151438073
2025-10-10,2025,LSTM (returns),113754.852328,121603.332786,122061.5437276142
2025-10-11,2025,LSTM (returns),110940.113648,113754.852328,114625.8802929744
2025-10-12,2025,LSTM (returns),115152.917045,110940.113648,111600.70412201932
2025-10-13,2025,LSTM (returns),115332.25293,115152.917045,115411.27868121794
2025-10-14,2025,LSTM (returns),113327.07941,115332.25293,115540.1065509145
2025-10-15,2025,LSTM (returns),110862.872485,113327.07941,113721.12251101244
2025-10-16,2025,LSTM (returns),108135.049606,110862.872485,111212.05049558255
2025-10-17,2025,LSTM (returns),106625.668651,108135.049606,108658.61085644034
2025-10-18,2025,LSTM (returns),107143.913935,106625.668651,107114.22729781207
2025-10-19,2025,LSTM (returns),108706.663764,107143.913935,107053.75895932493
2025-10-20,2025,LSTM (returns),110640.249515,108706.663764,108663.74385747724
2025-10-21,2025,LSTM (returns),108700.382072,110640.249515,110628.42966329437
2025-10-22,2025,LSTM (returns),107667.630188,108700.382072,108966.42770459503
2025-10-23,2025,LSTM (returns),110060.936797,107667.630188,107891.18651576719
2025-10-24,2025,LSTM (returns),111024.943147,110060.936797,110055.0282044677
2025-10-25,2025,LSTM (returns),111614.535858,111024.943147,110973.94740013882
2025-10-26,2025,LSTM (returns),114557.100461,111614.535858,111430.28428314773
2025-10-27,2025,LSTM (returns),114087.773805,114557.100461,114423.55122649226
2025-10-28,2025,LSTM (returns),112980.685846,114087.773805,114067.70180437468
2025-10-29,2025,LSTM (returns),110206.347983,112980.685846,113179.3267597639
2025-10-30,2025,LSTM (returns),108019.723842,110206.347983,110484.87140837686
2025-10-31,2025,LSTM (returns),109554.239628,108019.723842,108313.7782580518
2025-11-01,2025,LSTM (returns),110005.295855,109554.239628,109702.33871244302
2025-11-02,2025,LSTM (returns),110389.168627,110005.295855,109943.59621707888
2025-11-03,2025,LSTM (returns),106495.80279,110389.168627,110315.76525710887
2025-11-04,2025,LSTM (returns),101349.737232,106495.80279,106778.49599668584
2025-11-05,2025,LSTM (returns),103915.884791,101349.737232,101874.59095486165
2025-11-06,2025,LSTM (returns),101241.573678,103915.884791,104136.34656700025
2025-11-07,2025,LSTM (returns),103428.471747,101241.573678,101531.56751192536
2025-11-08,2025,LSTM (returns),102335.021439,103428.471747,103580.36787584772
2025-11-09,2025,LSTM (returns),104685.545441,102335.021439,102346.57938509183
2025-11-10,2025,LSTM (returns),106082.478157,104685.545441,104613.52086218905
2025-11-11,2025,LSTM (returns),102974.405612,106082.478157,106092.13551999046
2025-11-12,2025,LSTM (returns),101682.126653,102974.405612,103124.7711617923
2025-11-13,2025,LSTM (returns),100035.310145,101682.126653,101835.21946345089
2025-11-14,2025,LSTM (returns),94502.547603,100035.310145,100373.2913986056
2025-11-15,2025,LSTM (returns),95541.315839,94502.547603,95082.53286595183
2025-11-16,2025,LSTM (returns),94182.3131,95541.315839,95528.40678953724
2025-11-17,2025,LSTM (returns),91911.471347,94182.3131,94378.15421105128
2025-11-18,2025,LSTM (returns),92836.441911,91911.471347,92338.30434584133
2025-11-19,2025,LSTM (returns),91320.481133,92836.441911,93085.413942503
2025-11-20,2025,LSTM (returns),86911.298059,91320.481133,91595.66760394484
2025-11-21,2025,LSTM (returns),84948.046321,86911.298059,87432.6721629983
2025-11-22,2025,LSTM (returns),84775.001545,84948.046321,85554.19379097053
2025-11-23,2025,LSTM (returns),86872.454663,84775.001545,84794.20826576756
2025-11-24,2025,LSTM (returns),88377.602442,86872.454663,86786.29608607592
2025-11-25,2025,LSTM (returns),87434.550611,88377.602442,88330.57383218699
2025-11-26,2025,LSTM (returns),90449.277068,87434.550611,87403.95116588395
2025-11-27,2025,LSTM (returns),91336.200045,90449.277068,90278.94945008983
2025-11-28,2025,LSTM (returns),90990.12661,91336.200045,91176.26773594074
2025-11-29,2025,LSTM (returns),90842.073824,90990.12661,90892.99023516587
2025-11-30,2025,LSTM (returns),90607.702151,90842.073824,90703.68214752468
2025-12-01,2025,LSTM (returns),86504.636816,90607.702151,90430.35984132909
2025-12-02,2025,LSTM (returns),91528.024581,86504.636816,86703.62205783938
2025-12-03,2025,LSTM (returns),93609.093866,91528.024581,91685.68968482688
2025-12-04,2025,LSTM (returns),92205.592954,93609.093866,93810.929066809
2025-12-05,2025,LSTM (returns),89279.834463,92205.592954,92435.104988629
2025-12-06,2025,LSTM (returns),89169.557061,89279.834463,89510.48847664581
2025-12-07,2025,LSTM (returns),90067.847399,89169.557061,89258.31183362506
2025-12-08,2025,LSTM (returns),90673.144444,90067.847399,90130.62830274351
2025-12-09,2025,LSTM (returns),92808.851848,90673.144444,90793.22120330269
2025-12-10,2025,LSTM (returns),92102.930092,92808.851848,92979.38284660885
2025-12-11,2025,LSTM (returns),92623.719871,92102.930092,92308.17321732725
2025-12-12,2025,LSTM (returns),90331.608309,92623.719871,92857.59172312968
2025-12-13,2025,LSTM (returns),90245.267264,90331.608309,90563.90401896948
2025-12-14,2025,LSTM (returns),88096.382614,90245.267264,90305.78430783002
2025-12-15,2025,LSTM (returns),86352.580257,88096.382614,88233.34393537928
2025-12-16,2025,LSTM (returns),87752.429034,86352.580257,86691.5718391546
2025-12-17,2025,LSTM (returns),86059.552224,87752.429034,88015.0520778755
2025-12-18,2025,LSTM (returns),85434.192867,86059.552224,86376.82458121846
2025-12-19,2025,LSTM (returns),88168.073833,85434.192867,85770.42243860992
2025-12-20,2025,LSTM (returns),88292.453637,88168.073833,88362.78591471215
2025-12-21,2025,LSTM (returns),88533.430983,88292.453637,88354.7850688808
2025-12-22,2025,LSTM (returns),88474.462233,88533.430983,88563.37055207725
2025-12-23,2025,LSTM (returns),87365.993787,88474.462233,88708.92514432177
2025-12-24,2025,LSTM (returns),87625.67079,87365.993787,87595.23316422207
2025-12-25,2025,LSTM (returns),87231.304769,87625.67079,87766.89323876257
2025-12-26,2025,LSTM (returns),87334.807781,87231.304769,87280.63774301938
2025-12-27,2025,LSTM (returns),87695.415908,87334.807781,87550.11201388236
2025-12-28,2025,LSTM (returns),87747.649155,87695.415908,87765.4952474006
2025-12-29,2025,LSTM (returns),87133.510399,87747.649155,87756.31007867401
2025-12-30,2025,LSTM (returns),88428.492274,87133.510399,87505.28650907992
2025-12-31,2025,LSTM (returns),87516.978038,88428.492274,88712.99598522481
2026-01-01,2026,LSTM (returns),88684.217847,87516.978038,87740.92259021745
2026-01-02,2026,LSTM (returns),89940.180167,88684.217847,88714.8158748558
2026-01-03,2026,LSTM (returns),90598.130183,89940.180167,90203.69485911868
2026-01-04,2026,LSTM (returns),91359.763682,90598.130183,90713.8002149526
2026-01-05,2026,LSTM (returns),93948.582179,91359.763682,91452.85549014533
2026-01-06,2026,LSTM (returns),93574.287112,93948.582179,94175.0059636587
2026-01-07,2026,LSTM (returns),91208.956261,93574.287112,93823.70496268474
2026-01-08,2026,LSTM (returns),91096.916155,91208.956261,91496.08202029615
2026-01-09,2026,LSTM (returns),90539.603229,91096.916155,91321.69945951624
2026-01-10,2026,LSTM (returns),90406.142411,90539.603229,90723.81909873664
2026-01-11,2026,LSTM (returns),90717.206315,90406.142411,90389.86768075435
2026-01-12,2026,LSTM (returns),91141.149849,90717.206315,90664.09067336332
2026-01-13,2026,LSTM (returns),95304.498294,91141.149849,91400.9417978576
2026-01-14,2026,LSTM (returns),97043.992726,95304.498294,95536.44019196248
2026-01-15,2026,LSTM (returns),95546.139738,97043.992726,97321.46428999833
2026-01-16,2026,LSTM (returns),95489.12996,95546.139738,95860.57867269254
2026-01-17,2026,LSTM (returns),95106.980463,95489.12996,95729.84371838489
2026-01-18,2026,LSTM (returns),94261.329431,95106.980463,95205.99971760358
2026-01-19,2026,LSTM (returns),92526.241964,94261.329431,94295.19540500593
2026-01-20,2026,LSTM (returns),88236.563192,92526.241964,92779.1213864514
2026-01-21,2026,LSTM (returns),89599.361875,88236.563192,88731.85323281505
2026-01-22,2026,LSTM (returns),89395.700736,89599.361875,89963.17337209854
2026-01-23,2026,LSTM (returns),89439.771891,89395.700736,89608.36785323409
2026-01-24,2026,LSTM (returns),89185.038699,89439.771891,89632.62298768952
2026-01-25,2026,LSTM (returns),86445.670593,89185.038699,89141.22251344632
2026-01-26,2026,LSTM (returns),88337.454551,86445.670593,86901.70777289916
2026-01-27,2026,LSTM (returns),89260.38054,88337.454551,88606.86505637871
2026-01-28,2026,LSTM (returns),89177.789251,89260.38054,89434.09845825352
2026-01-29,2026,LSTM (returns),84520.397311,89177.789251,89367.007653452
2026-01-30,2026,LSTM (returns),84017.034029,84520.397311,85010.47246170355
2026-01-31,2026,LSTM (returns),78702.385503,84017.034029,84387.59899401484
2026-02-01,2026,LSTM (returns),76911.052377,78702.385503,79345.39336667661
2026-02-02,2026,LSTM (returns),78716.601809,76911.052377,77305.21402300624
2026-02-03,2026,LSTM (returns),75684.766028,78716.601809,78916.54971918472
2026-02-04,2026,LSTM (returns),73095.191465,75684.766028,76095.80877459495
2026-02-05,2026,LSTM (returns),63494.688446,73095.191465,73540.47809315888
2026-02-06,2026,LSTM (returns),70647.698219,63494.688446,64911.97229045649
2026-02-07,2026,LSTM (returns),69166.259442,70647.698219,70396.46269418315
2026-02-08,2026,LSTM (returns),70522.589239,69166.259442,69338.58158441781
2026-02-09,2026,LSTM (returns),70244.101777,70522.589239,70273.84473265326
2026-02-10,2026,LSTM (returns),68688.793113,70244.101777,70225.60476200767
2026-02-11,2026,LSTM (returns),66989.716592,68688.793113,68699.0629150823
2026-02-12,2026,LSTM (returns),66221.544312,66989.716592,67138.98156972436
2026-02-13,2026,LSTM (returns),68860.841163,66221.544312,66249.76844623729
2026-02-14,2026,LSTM (returns),69798.079125,68860.841163,68618.3196204753
2026-02-15,2026,LSTM (returns),68629.959976,69798.079125,69532.21416196006
2026-02-16,2026,LSTM (returns),68747.438029,68629.959976,68509.74867349732
2026-02-17,2026,LSTM (returns),67471.050847,68747.438029,68598.03847368988
2026-02-18,2026,LSTM (returns),66380.706961,67471.050847,67421.52888625268
2026-02-19,2026,LSTM (returns),66932.352212,66380.706961,66361.66955039662
2026-02-20,2026,LSTM (returns),67977.309261,66932.352212,66865.54523027217
2026-02-21,2026,LSTM (returns),68020.667761,67977.309261,67979.77209419206
2026-02-22,2026,LSTM (returns),67550.024077,68020.667761,67958.29694419577
2026-02-23,2026,LSTM (returns),64689.912331,67550.024077,67457.98194566059
2026-02-24,2026,LSTM (returns),64123.751078,64689.912331,64963.461796629796
2026-02-25,2026,LSTM (returns),68038.522179,64123.751078,64312.04823035949
2026-02-26,2026,LSTM (returns),67519.264529,68038.522179,68151.94501653712
2026-02-27,2026,LSTM (returns),65864.135817,67519.264529,67643.76901873828
2026-02-28,2026,LSTM (returns),66965.635309,65864.135817,66011.14822211521
2026-03-01,2026,LSTM (returns),65733.52126,66965.635309,67042.50261000928
2026-03-02,2026,LSTM (returns),68922.624297,65733.52126,65834.5907356118
2026-03-03,2026,LSTM (returns),68431.174031,68922.624297,68977.46369253584
2026-03-04,2026,LSTM (returns),72667.463058,68431.174031,68562.14649253032
2026-03-05,2026,LSTM (returns),70987.427177,72667.463058,72783.4775108749
2026-03-06,2026,LSTM (returns),68226.705393,70987.427177,71151.8859975282
2026-03-07,2026,LSTM (returns),67315.552914,68226.705393,68410.57561495311
2026-03-08,2026,LSTM (returns),66202.697873,67315.552914,67382.83977000705
2026-03-09,2026,LSTM (returns),68528.53847,66202.697873,66304.5616992924
2026-03-10,2026,LSTM (returns),69891.823858,68528.53847,68623.7729211025
2026-03-11,2026,LSTM (returns),70298.575353,69891.823858,69982.62739801325
2026-03-12,2026,LSTM (returns),70538.107462,70298.575353,70395.05607109782
2026-03-13,2026,LSTM (returns),70930.013279,70538.107462,70628.12729362909
2026-03-14,2026,LSTM (returns),71136.21792,70930.013279,71067.66119921063
2026-03-15,2026,LSTM (returns),72712.146196,71136.21792,71258.87162358126
2026-03-16,2026,LSTM (returns),74723.957553,72712.146196,72744.72618796442
2026-03-17,2026,LSTM (returns),74086.01361,74723.957553,74843.42786783824
2026-03-18,2026,LSTM (returns),71253.957928,74086.01361,74250.52675416347
2026-03-19,2026,LSTM (returns),69948.904827,71253.957928,71464.03865055386
2026-03-20,2026,LSTM (returns),70510.41968,69948.904827,70159.60819604949
2026-03-21,2026,LSTM (returns),69707.285009,70510.41968,70627.96471142214
2026-03-22,2026,LSTM (returns),68018.153482,69707.285009,69732.80266804721
2026-03-23,2026,LSTM (returns),70726.211046,68018.153482,68156.47622855092
2026-03-24,2026,LSTM (returns),70610.018712,70726.211046,70877.83952929285
2026-03-25,2026,LSTM (returns),71281.297392,70610.018712,70734.32113695868
2026-03-26,2026,LSTM (returns),68722.971837,71281.297392,71368.27665015787
2026-03-27,2026,LSTM (returns),66214.171513,68722.971837,68903.93342362417
2026-03-28,2026,LSTM (returns),66351.072525,66214.171513,66480.6159285239
2026-03-29,2026,LSTM (returns),65966.752394,66351.072525,66345.25670948373
2026-03-30,2026,LSTM (returns),66651.232004,65966.752394,65967.63994027511
2026-03-31,2026,LSTM (returns),68214.868039,66651.232004,66747.9373248517
2026-04-01,2026,LSTM (returns),68116.816793,68214.868039,68268.89656898199
2026-04-02,2026,LSTM (returns),66908.317992,68116.816793,68162.60187732043
2026-04-03,2026,LSTM (returns),66891.742228,66908.317992,67002.48429558605
2026-04-04,2026,LSTM (returns),67295.130914,66891.742228,66857.29027352961
2026-04-05,2026,LSTM (returns),68921.806091,67295.130914,67145.24207533749
2026-04-06,2026,LSTM (returns),68742.913309,68921.806091,68798.70463679242
2026-04-07,2026,LSTM (returns),72057.124361,68742.913309,68780.5068017712
2026-04-08,2026,LSTM (returns),71085.05837,72057.124361,72146.04851950725
2026-04-09,2026,LSTM (returns),71788.679783,71085.05837,71219.02194619298
2026-04-10,2026,LSTM (returns),72945.070724,71788.679783,71935.8869803167
2026-04-11,2026,LSTM (returns),73119.109117,72945.070724,73086.90764157604
2026-04-12,2026,LSTM (returns),70685.369702,73119.109117,73247.73939159504
2026-04-13,2026,LSTM (returns),74632.745586,70685.369702,70835.03432160313
2026-04-14,2026,LSTM (returns),74173.50836,74632.745586,74854.50784034928
2026-04-15,2026,LSTM (returns),74761.964655,74173.50836,74407.88699324244
2026-04-16,2026,LSTM (returns),75095.744216,74761.964655,75000.17155428973
2026-04-17,2026,LSTM (returns),77114.481438,75095.744216,75310.09493743312
2026-04-18,2026,LSTM (returns),75792.063751,77114.481438,77340.81357254999
2026-04-19,2026,LSTM (returns),73905.204102,75792.063751,76040.53746283465
2026-04-20,2026,LSTM (returns),75814.145324,73905.204102,74108.74252210019
2026-04-21,2026,LSTM (returns),76107.443298,75814.145324,76011.87530023251
2026-04-22,2026,LSTM (returns),78317.742272,76107.443298,76298.14816946245
2026-04-23,2026,LSTM (returns),78233.683749,78317.742272,78517.62791450924
2026-04-24,2026,LSTM (returns),77444.269277,78233.683749,78446.31405765639
2026-04-25,2026,LSTM (returns),77624.711482,77444.269277,77648.36690342383
2026-04-26,2026,LSTM (returns),78538.773357,77624.711482,77751.7338112712
2026-04-27,2026,LSTM (returns),77256.29716,78538.773357,78606.08107536148
2026-04-28,2026,LSTM (returns),76295.531117,77256.29716,77458.72968547432
2026-04-29,2026,LSTM (returns),75795.009853,76295.531117,76504.38544912789
2026-04-30,2026,LSTM (returns),76299.616129,75795.009853,76048.17998835517
2026-05-01,2026,LSTM (returns),78132.643785,76299.616129,76462.59469041972
2026-05-02,2026,LSTM (returns),78712.538732,78132.643785,78289.24027575737
2026-05-03,2026,LSTM (returns),78649.173289,78712.538732,78819.80378519057
2026-05-04,2026,LSTM (returns),79826.107817,78649.173289,78699.17078207534
2026-05-05,2026,LSTM (returns),80936.754825,79826.107817,80101.87071286989
2026-05-06,2026,LSTM (returns),81364.620129,80936.754825,81170.10914164437
2026-05-07,2026,LSTM (returns),79988.998734,81364.620129,81595.08812206906
2026-05-08,2026,LSTM (returns),80179.692296,79988.998734,80218.3849001249
2026-05-09,2026,LSTM (returns),80663.629652,80179.692296,80357.4248391761
2026-05-10,2026,LSTM (returns),82256.781138,80663.629652,80729.22625834172
2026-05-11,2026,LSTM (returns),81714.74205,82256.781138,82311.80399910032
2026-05-12,2026,LSTM (returns),80525.563025,81714.74205,81842.77477189657
2026-05-13,2026,LSTM (returns),79291.911002,80525.563025,80704.59691057004
2026-05-14,2026,LSTM (returns),81175.827112,79291.911002,79497.14350151125
2026-05-15,2026,LSTM (returns),79063.414576,81175.827112,81392.1552923137
2026-05-16,2026,LSTM (returns),78164.495271,79063.414576,79303.92167382418
2026-05-17,2026,LSTM (returns),77497.697113,78164.495271,78282.2826992076
2026-05-18,2026,LSTM (returns),76975.9112,77497.697113,77548.69978769906
2026-05-19,2026,LSTM (returns),76807.460956,76975.9112,77270.84066196714
2026-05-20,2026,LSTM (returns),77408.172209,76807.460956,76942.39214598374
2026-05-21,2026,LSTM (returns),77595.386172,77408.172209,77483.96040756901
2026-05-22,2026,LSTM (returns),75567.543043,77595.386172,77650.86975470929
2026-05-23,2026,LSTM (returns),76619.866609,75567.543043,75705.97762402591
2020-01-01,2020,LSTM (2023 design),7170.631869,7167.395055,7482.3798828125
2020-01-02,2020,LSTM (2023 design),6946.825269,7170.631869,7503.84716796875
2020-01-03,2020,LSTM (2023 design),7315.30936,6946.825269,7515.458007812501
2020-01-04,2020,LSTM (2023 design),7343.164194,7315.30936,7518.507812499999
2020-01-05,2020,LSTM (2023 design),7345.530692,7343.164194,7516.156738281249
2020-01-06,2020,LSTM (2023 design),7765.797735,7345.530692,7511.891113281249
2020-01-07,2020,LSTM (2023 design),8136.086842,7765.797735,7512.9384765625
2020-01-08,2020,LSTM (2023 design),8059.699529,8136.086842,7529.294921875
2020-01-09,2020,LSTM (2023 design),7817.136093,8059.699529,7567.361328125
2020-01-10,2020,LSTM (2023 design),8129.81792,7817.136093,7626.43115234375
2020-01-11,2020,LSTM (2023 design),8032.005495,8129.81792,7705.02734375
2020-01-12,2020,LSTM (2023 design),8164.549993,8032.005495,7798.47412109375
2020-01-13,2020,LSTM (2023 design),8121.925668,8164.549993,7901.787109375
2020-01-14,2020,LSTM (2023 design),8830.167873,8121.925668,8008.94921875
2020-01-15,2020,LSTM (2023 design),8811.448203,8830.167873,8121.5703125
2020-01-16,2020,LSTM (2023 design),8718.686998,8811.448203,8241.3115234375
2020-01-17,2020,LSTM (2023 design),8912.541904,8718.686998,8366.890625
2020-01-18,2020,LSTM (2023 design),8928.180757,8912.541904,8496.9130859375
2020-01-19,2020,LSTM (2023 design),8687.354837,8928.180757,8628.5341796875
2020-01-20,2020,LSTM (2023 design),8636.258786,8687.354837,8754.8369140625
2020-01-21,2020,LSTM (2023 design),8730.86756,8636.258786,8867.8408203125
2020-01-22,2020,LSTM (2023 design),8647.900474,8730.86756,8961.9609375
2020-01-23,2020,LSTM (2023 design),8366.384614,8647.900474,9033.1591796875
2020-01-24,2020,LSTM (2023 design),8423.390958,8366.384614,9076.4716796875
2020-01-25,2020,LSTM (2023 design),8344.774569,8423.390958,9090.12890625
2020-01-26,2020,LSTM (2023 design),8573.87481,8344.774569,9074.574218749998
2020-01-27,2020,LSTM (2023 design),8901.959285,8573.87481,9035.4580078125
2020-01-28,2020,LSTM (2023 design),9297.388318,8901.959285,8983.8662109375
2020-01-29,2020,LSTM (2023 design),9311.947544,9297.388318,8935.1787109375
2020-01-30,2020,LSTM (2023 design),9508.920965,9311.947544,8902.2978515625
2020-01-31,2020,LSTM (2023 design),9357.284782,9508.920965,8895.416015625
2020-02-01,2020,LSTM (2023 design),9381.886029,9357.284782,8917.58203125
2020-02-02,2020,LSTM (2023 design),9339.387063,9381.886029,8966.8193359375
2020-02-03,2020,LSTM (2023 design),9279.812521,9339.387063,9037.0068359375
2020-02-04,2020,LSTM (2023 design),9161.627198,9279.812521,9119.4541015625
2020-02-05,2020,LSTM (2023 design),9628.136776,9161.627198,9203.734375
2020-02-06,2020,LSTM (2023 design),9739.280436,9628.136776,9286.0322265625
2020-02-07,2020,LSTM (2023 design),9800.2794,9739.280436,9365.8818359375
2020-02-08,2020,LSTM (2023 design),9911.293408,9800.2794,9444.0546875
2020-02-09,2020,LSTM (2023 design),10151.083203,9911.293408,9522.0927734375
2020-02-10,2020,LSTM (2023 design),9872.361873,10151.083203,9603.201171875
2020-02-11,2020,LSTM (2023 design),10272.222556,9872.361873,9685.6171875
2020-02-12,2020,LSTM (2023 design),10360.135223,10272.222556,9770.3564453125
2020-02-13,2020,LSTM (2023 design),10235.497323,10360.135223,9858.44140625
2020-02-14,2020,LSTM (2023 design),10361.61569,10235.497323,9947.8134765625
2020-02-15,2020,LSTM (2023 design),9911.724327,10361.61569,10036.35546875
2020-02-16,2020,LSTM (2023 design),9952.046612,9911.724327,10115.837890625
2020-02-17,2020,LSTM (2023 design),9683.079628,9952.046612,10178.8212890625
2020-02-18,2020,LSTM (2023 design),10195.30379,9683.079628,10217.0234375
2020-02-19,2020,LSTM (2023 design),9636.002299,10195.30379,10231.759765625
2020-02-20,2020,LSTM (2023 design),9614.030122,9636.002299,10221.37890625
2020-02-21,2020,LSTM (2023 design),9701.797503,9614.030122,10185.8037109375
2020-02-22,2020,LSTM (2023 design),9675.249058,9701.797503,10128.3916015625
2020-02-23,2020,LSTM (2023 design),9972.842423,9675.249058,10054.294921875
2020-02-24,2020,LSTM (2023 design),9648.007883,9972.842423,9973.1669921875
2020-02-25,2020,LSTM (2023 design),9344.28714,9648.007883,9890.759765625
2020-02-26,2020,LSTM (2023 design),8798.888949,9344.28714,9807.884765625
2020-02-27,2020,LSTM (2023 design),8779.029482,8798.888949,9718.554687499998
2020-02-28,2020,LSTM (2023 design),8750.593446,8779.029482,9617.751953125
2020-02-29,2020,LSTM (2023 design),8582.0903,8750.593446,9503.4794921875
2020-03-01,2020,LSTM (2023 design),8541.773894,8582.0903,9375.595703125
2020-03-02,2020,LSTM (2023 design),8906.214756,8541.773894,9236.580078125
2020-03-03,2020,LSTM (2023 design),8768.810614,8906.214756,9095.1904296875
2020-03-04,2020,LSTM (2023 design),8756.369572,8768.810614,8959.8642578125
2020-03-05,2020,LSTM (2023 design),9062.615803,8756.369572,8837.7919921875
2020-03-06,2020,LSTM (2023 design),9147.085059,9062.615803,8737.5849609375
2020-03-07,2020,LSTM (2023 design),8898.306957,9147.085059,8666.47265625
2020-03-08,2020,LSTM (2023 design),8109.614541,8898.306957,8625.724609375
2020-03-09,2020,LSTM (2023 design),7896.38532,8109.614541,8604.4169921875
2020-03-10,2020,LSTM (2023 design),7909.927875,7896.38532,8587.7880859375
2020-03-11,2020,LSTM (2023 design),7939.341335,7909.927875,8563.8525390625
2020-03-12,2020,LSTM (2023 design),4959.313414,7939.341335,8525.8115234375
2020-03-13,2020,LSTM (2023 design),5627.692388,4959.313414,8442.3076171875
2020-03-14,2020,LSTM (2023 design),5145.172506,5627.692388,8297.513671875
2020-03-15,2020,LSTM (2023 design),5358.610663,5145.172506,8085.386230468749
2020-03-16,2020,LSTM (2023 design),5012.927388,5358.610663,7814.29345703125
2020-03-17,2020,LSTM (2023 design),5416.754711,5012.927388,7497.432128906251
2020-03-18,2020,LSTM (2023 design),5392.487836,5416.754711,7155.5234375
2020-03-19,2020,LSTM (2023 design),6203.551632,5392.487836,6807.828125
2020-03-20,2020,LSTM (2023 design),6174.149476,6203.551632,6475.68359375
2020-03-21,2020,LSTM (2023 design),6175.831022,6174.149476,6178.49365234375
2020-03-22,2020,LSTM (2023 design),5830.56098,6175.831022,5931.3447265625
2020-03-23,2020,LSTM (2023 design),6486.408657,5830.56098,5741.29833984375
2020-03-24,2020,LSTM (2023 design),6775.057619,6486.408657,5617.3916015625
2020-03-25,2020,LSTM (2023 design),6689.969013,6775.057619,5564.22216796875
2020-03-26,2020,LSTM (2023 design),6754.460336,6689.969013,5581.16748046875
2020-03-27,2020,LSTM (2023 design),6490.795415,6754.460336,5662.50537109375
2020-03-28,2020,LSTM (2023 design),6231.81989,6490.795415,5795.00830078125
2020-03-29,2020,LSTM (2023 design),5904.857587,6231.81989,5959.349609375
2020-03-30,2020,LSTM (2023 design),6436.9057,5904.857587,6132.2548828125
2020-03-31,2020,LSTM (2023 design),6432.383242,6436.9057,6298.48095703125
2020-04-01,2020,LSTM (2023 design),6643.110009,6432.383242,6448.189453125
2020-04-02,2020,LSTM (2023 design),6792.742222,6643.110009,6578.0380859375
2020-04-03,2020,LSTM (2023 design),6751.902552,6792.742222,6689.4228515625
2020-04-04,2020,LSTM (2023 design),6859.989169,6751.902552,6784.798828124999
2020-04-05,2020,LSTM (2023 design),6790.812473,6859.989169,6867.645507812501
2020-04-06,2020,LSTM (2023 design),7298.173745,6790.812473,6940.159667968751
2020-04-07,2020,LSTM (2023 design),7187.593337,7298.173745,7008.6494140625
2020-04-08,2020,LSTM (2023 design),7372.194764,7187.593337,7077.4296875
2020-04-09,2020,LSTM (2023 design),7299.579188,7372.194764,7150.341796875
2020-04-10,2020,LSTM (2023 design),6859.822675,7299.579188,7228.166015625
2020-04-11,2020,LSTM (2023 design),6883.182229,6859.822675,7304.71728515625
2020-04-12,2020,LSTM (2023 design),6978.666287,6883.182229,7372.71337890625
2020-04-13,2020,LSTM (2023 design),6863.575533,6978.666287,7427.02294921875
2020-04-14,2020,LSTM (2023 design),6875.538503,6863.575533,7463.5693359375
2020-04-15,2020,LSTM (2023 design),6625.475775,6875.538503,7480.64111328125
2020-04-16,2020,LSTM (2023 design),7127.792282,6625.475775,7476.13232421875
2020-04-17,2020,LSTM (2023 design),7081.395198,7127.792282,7455.0478515625
2020-04-18,2020,LSTM (2023 design),7262.792344,7081.395198,7423.85888671875
2020-04-19,2020,LSTM (2023 design),7150.244215,7262.792344,7390.75390625
2020-04-20,2020,LSTM (2023 design),6853.273415,7150.244215,7361.447265625001
2020-04-21,2020,LSTM (2023 design),6870.423699,6853.273415,7336.416015625
2020-04-22,2020,LSTM (2023 design),7123.65692,6870.423699,7314.3515625
2020-04-23,2020,LSTM (2023 design),7488.605165,7123.65692,7296.178222656249
2020-04-24,2020,LSTM (2023 design),7506.443316,7488.605165,7286.88330078125
2020-04-25,2020,LSTM (2023 design),7537.738209,7506.443316,7291.12353515625
2020-04-26,2020,LSTM (2023 design),7684.068522,7537.738209,7311.83203125
2020-04-27,2020,LSTM (2023 design),7777.491519,7684.068522,7350.86767578125
2020-04-28,2020,LSTM (2023 design),7769.899698,7777.491519,7408.67431640625
2020-04-29,2020,LSTM (2023 design),8761.83717,7769.899698,7483.22509765625
2020-04-30,2020,LSTM (2023 design),8652.410991,8761.83717,7580.97509765625
2020-05-01,2020,LSTM (2023 design),8855.535258,8652.410991,7705.60693359375
2020-05-02,2020,LSTM (2023 design),8977.281705,8855.535258,7858.500488281251
2020-05-03,2020,LSTM (2023 design),8896.795638,8977.281705,8037.9697265625
2020-05-04,2020,LSTM (2023 design),8881.954305,8896.795638,8236.9541015625
2020-05-05,2020,LSTM (2023 design),8985.879599,8881.954305,8444.8486328125
2020-05-06,2020,LSTM (2023 design),9266.813073,8985.879599,8650.857421875
2020-05-07,2020,LSTM (2023 design),9993.753177,9266.813073,8847.931640625
2020-05-08,2020,LSTM (2023 design),9859.323605,9993.753177,9038.837890625
2020-05-09,2020,LSTM (2023 design),9577.338922,9859.323605,9225.1513671875
2020-05-10,2020,LSTM (2023 design),8715.033293,9577.338922,9402.701171875
2020-05-11,2020,LSTM (2023 design),8591.652884,8715.033293,9554.931640625
2020-05-12,2020,LSTM (2023 design),8817.250681,8591.652884,9664.6552734375
2020-05-13,2020,LSTM (2023 design),9322.997202,8817.250681,9723.37890625
2020-05-14,2020,LSTM (2023 design),9801.269488,9322.997202,9736.185546875
2020-05-15,2020,LSTM (2023 design),9326.875859,9801.269488,9718.8505859375
2020-05-16,2020,LSTM (2023 design),9395.475389,9326.875859,9682.6533203125
2020-05-17,2020,LSTM (2023 design),9682.532481,9395.475389,9637.17578125
2020-05-18,2020,LSTM (2023 design),9726.850022,9682.532481,9592.818359375
2020-05-19,2020,LSTM (2023 design),9754.201462,9726.850022,9557.8974609375
2020-05-20,2020,LSTM (2023 design),9515.70255,9754.201462,9537.6259765625
2020-05-21,2020,LSTM (2023 design),9068.801229,9515.70255,9531.1728515625
2020-05-22,2020,LSTM (2023 design),9161.815034,9068.801229,9529.9501953125
2020-05-23,2020,LSTM (2023 design),9183.662125,9161.815034,9526.088867187502
2020-05-24,2020,LSTM (2023 design),8806.230657,9183.662125,9514.21484375
2020-05-25,2020,LSTM (2023 design),8909.192582,8806.230657,9487.562500000002
2020-05-26,2020,LSTM (2023 design),8835.137253,8909.192582,9443.5546875
2020-05-27,2020,LSTM (2023 design),9169.057439,8835.137253,9382.4013671875
2020-05-28,2020,LSTM (2023 design),9568.261853,9169.057439,9310.66796875
2020-05-29,2020,LSTM (2023 design),9432.413333,9568.261853,9240.80859375
2020-05-30,2020,LSTM (2023 design),9691.680491,9432.413333,9182.9326171875
2020-05-31,2020,LSTM (2023 design),9433.943847,9691.680491,9146.6201171875
2020-06-01,2020,LSTM (2023 design),10199.135054,9433.943847,9134.630859375
2020-06-02,2020,LSTM (2023 design),9512.346533,10199.135054,9154.173828125
2020-06-03,2020,LSTM (2023 design),9642.2734,9512.346533,9201.2724609375
2020-06-04,2020,LSTM (2023 design),9813.360679,9642.2734,9269.1611328125
2020-06-05,2020,LSTM (2023 design),9641.891623,9813.360679,9351.630859375
2020-06-06,2020,LSTM (2023 design),9668.670539,9641.891623,9440.23046875
2020-06-07,2020,LSTM (2023 design),9747.580111,9668.670539,9527.1435546875
2020-06-08,2020,LSTM (2023 design),9769.342361,9747.580111,9606.955078125
2020-06-09,2020,LSTM (2023 design),9779.422166,9769.342361,9676.3076171875
2020-06-10,2020,LSTM (2023 design),9888.444175,9779.422166,9733.509765625
2020-06-11,2020,LSTM (2023 design),9277.451169,9888.444175,9779.3759765625
2020-06-12,2020,LSTM (2023 design),9456.161533,9277.451169,9808.32421875
2020-06-13,2020,LSTM (2023 design),9461.333799,9456.161533,9817.6689453125
2020-06-14,2020,LSTM (2023 design),9342.955635,9461.333799,9807.28125
2020-06-15,2020,LSTM (2023 design),9441.383211,9342.955635,9777.931640625
2020-06-16,2020,LSTM (2023 design),9520.091948,9441.383211,9733.296875
2020-06-17,2020,LSTM (2023 design),9448.693561,9520.091948,9679.216796875
2020-06-18,2020,LSTM (2023 design),9389.990766,9448.693561,9620.951171875
2020-06-19,2020,LSTM (2023 design),9285.991583,9389.990766,9562.4208984375
2020-06-20,2020,LSTM (2023 design),9357.292464,9285.991583,9505.5166015625
2020-06-21,2020,LSTM (2023 design),9284.769372,9357.292464,9452.30078125
2020-06-22,2020,LSTM (2023 design),9684.620185,9284.769372,9403.733398437502
2020-06-23,2020,LSTM (2023 design),9611.725998,9684.620185,9364.93359375
2020-06-24,2020,LSTM (2023 design),9292.943544,9611.725998,9339.6572265625
2020-06-25,2020,LSTM (2023 design),9247.121432,9292.943544,9326.1474609375
2020-06-26,2020,LSTM (2023 design),9159.437772,9247.121432,9320.431640625
2020-06-27,2020,LSTM (2023 design),9002.165617,9159.437772,9317.374999999998
2020-06-28,2020,LSTM (2023 design),9108.065675,9002.165617,9311.0048828125
2020-06-29,2020,LSTM (2023 design),9184.247366,9108.065675,9298.3662109375
2020-06-30,2020,LSTM (2023 design),9143.967585,9184.247366,9279.5908203125
2020-07-01,2020,LSTM (2023 design),9241.339612,9143.967585,9255.964843749998
2020-07-02,2020,LSTM (2023 design),9094.387287,9241.339612,9230.634765625
2020-07-03,2020,LSTM (2023 design),9066.690697,9094.387287,9205.21875
2020-07-04,2020,LSTM (2023 design),9126.219555,9066.690697,9180.5166015625
2020-07-05,2020,LSTM (2023 design),9079.614018,9126.219555,9157.7880859375
2020-07-06,2020,LSTM (2023 design),9338.942591,9079.614018,9137.669921875
2020-07-07,2020,LSTM (2023 design),9252.158733,9338.942591,9123.50390625
2020-07-08,2020,LSTM (2023 design),9434.567956,9252.158733,9117.0654296875
2020-07-09,2020,LSTM (2023 design),9231.502348,9434.567956,9121.05859375
2020-07-10,2020,LSTM (2023 design),9285.221015,9231.502348,9134.6015625
2020-07-11,2020,LSTM (2023 design),9237.171008,9285.221015,9155.9521484375
2020-07-12,2020,LSTM (2023 design),9289.097977,9237.171008,9182.142578125
2020-07-13,2020,LSTM (2023 design),9236.622501,9289.097977,9210.650390625
2020-07-14,2020,LSTM (2023 design),9260.356987,9236.622501,9238.671875
2020-07-15,2020,LSTM (2023 design),9196.725559,9260.356987,9264.1240234375
2020-07-16,2020,LSTM (2023 design),9132.592312,9196.725559,9284.9775390625
2020-07-17,2020,LSTM (2023 design),9156.46871,9132.592312,9299.1298828125
2020-07-18,2020,LSTM (2023 design),9175.905309,9156.46871,9305.6064453125
2020-07-19,2020,LSTM (2023 design),9218.842311,9175.905309,9304.7421875
2020-07-20,2020,LSTM (2023 design),9167.190568,9218.842311,9298.15625
2020-07-21,2020,LSTM (2023 design),9388.57435,9167.190568,9287.3173828125
2020-07-22,2020,LSTM (2023 design),9531.25743,9388.57435,9276.1591796875
2020-07-23,2020,LSTM (2023 design),9609.166715,9531.25743,9269.94921875
2020-07-24,2020,LSTM (2023 design),9548.100727,9609.166715,9273.5107421875
2020-07-25,2020,LSTM (2023 design),9702.45279,9548.100727,9288.8984375
2020-07-26,2020,LSTM (2023 design),9933.906554,9702.45279,9317.458984375
2020-07-27,2020,LSTM (2023 design),11046.50833,9933.906554,9361.31640625
2020-07-28,2020,LSTM (2023 design),10944.612979,11046.50833,9433.7646484375
2020-07-29,2020,LSTM (2023 design),11115.771282,10944.612979,9543.60546875
2020-07-30,2020,LSTM (2023 design),11135.390726,11115.771282,9694.45703125
2020-07-31,2020,LSTM (2023 design),11338.197341,11135.390726,9882.7431640625
2020-08-01,2020,LSTM (2023 design),11797.582127,11338.197341,10101.107421875
2020-08-02,2020,LSTM (2023 design),11094.020684,11797.582127,10343.53125
2020-08-03,2020,LSTM (2023 design),11236.095681,11094.020684,10592.0986328125
2020-08-04,2020,LSTM (2023 design),11202.651909,11236.095681,10828.8505859375
2020-08-05,2020,LSTM (2023 design),11721.438472,11202.651909,11037.7490234375
2020-08-06,2020,LSTM (2023 design),11769.309108,11721.438472,11213.869140625
2020-08-07,2020,LSTM (2023 design),11598.969059,11769.309108,11357.1396484375
2020-08-08,2020,LSTM (2023 design),11743.008635,11598.969059,11467.3447265625
2020-08-09,2020,LSTM (2023 design),11680.517366,11743.008635,11547.1201171875
2020-08-10,2020,LSTM (2023 design),11870.369545,11680.517366,11599.0703125
2020-08-11,2020,LSTM (2023 design),11392.644088,11870.369545,11628.556640625
2020-08-12,2020,LSTM (2023 design),11575.512474,11392.644088,11634.8525390625
2020-08-13,2020,LSTM (2023 design),11773.448116,11575.512474,11619.699218749998
2020-08-14,2020,LSTM (2023 design),11774.408252,11773.448116,11588.66015625
2020-08-15,2020,LSTM (2023 design),11866.910361,11774.408252,11547.9189453125
2020-08-16,2020,LSTM (2023 design),11899.642754,11866.910361,11504.28515625
2020-08-17,2020,LSTM (2023 design),12315.762417,11899.642754,11463.6083984375
2020-08-18,2020,LSTM (2023 design),11992.695996,12315.762417,11435.2744140625
2020-08-19,2020,LSTM (2023 design),11736.849065,11992.695996,11421.7626953125
2020-08-20,2020,LSTM (2023 design),11867.520344,11736.849065,11418.798828125
2020-08-21,2020,LSTM (2023 design),11524.698949,11867.520344,11422.2060546875
2020-08-22,2020,LSTM (2023 design),11682.28915,11524.698949,11423.7548828125
2020-08-23,2020,LSTM (2023 design),11665.609274,11682.28915,11418.744140625
2020-08-24,2020,LSTM (2023 design),11771.408054,11665.609274,11404.9189453125
2020-08-25,2020,LSTM (2023 design),11358.45432,11771.408054,11383.685546875
2020-08-26,2020,LSTM (2023 design),11472.04912,11358.45432,11352.6337890625
2020-08-27,2020,LSTM (2023 design),11314.673741,11472.04912,11311.939453125
2020-08-28,2020,LSTM (2023 design),11527.883032,11314.673741,11261.587890625
2020-08-29,2020,LSTM (2023 design),11490.762348,11527.883032,11205.630859375
2020-08-30,2020,LSTM (2023 design),11698.975833,11490.762348,11148.5771484375
2020-08-31,2020,LSTM (2023 design),11678.348227,11698.975833,11097.263671875
2020-09-01,2020,LSTM (2023 design),11970.364856,11678.348227,11057.2001953125
2020-09-02,2020,LSTM (2023 design),11414.520934,11970.364856,11035.5009765625
2020-09-03,2020,LSTM (2023 design),10261.49441,11414.520934,11029.48046875
2020-09-04,2020,LSTM (2023 design),10471.966413,10261.49441,11019.2900390625
2020-09-05,2020,LSTM (2023 design),10128.643586,10471.966413,10990.036132812502
2020-09-06,2020,LSTM (2023 design),10253.299898,10128.643586,10929.8310546875
2020-09-07,2020,LSTM (2023 design),10367.878354,10253.299898,10835.8994140625
2020-09-08,2020,LSTM (2023 design),10108.63545,10367.878354,10713.79296875
2020-09-09,2020,LSTM (2023 design),10223.111409,10108.63545,10570.6025390625
2020-09-10,2020,LSTM (2023 design),10334.63073,10223.111409,10416.7548828125
2020-09-11,2020,LSTM (2023 design),10387.020742,10334.63073,10264.4775390625
2020-09-12,2020,LSTM (2023 design),10436.977832,10387.020742,10125.400390625
2020-09-13,2020,LSTM (2023 design),10322.523615,10436.977832,10009.091796875
2020-09-14,2020,LSTM (2023 design),10662.719912,10322.523615,9920.4208984375
2020-09-15,2020,LSTM (2023 design),10779.381025,10662.719912,9864.59375
2020-09-16,2020,LSTM (2023 design),10968.320547,10779.381025,9845.3857421875
2020-09-17,2020,LSTM (2023 design),10936.292751,10968.320547,9865.1953125
2020-09-18,2020,LSTM (2023 design),10920.112844,10936.292751,9922.5146484375
2020-09-19,2020,LSTM (2023 design),11073.779548,10920.112844,10011.4697265625
2020-09-20,2020,LSTM (2023 design),10921.2181,11073.779548,10125.1796875
2020-09-21,2020,LSTM (2023 design),10455.379962,10921.2181,10253.3505859375
2020-09-22,2020,LSTM (2023 design),10519.839164,10455.379962,10379.42578125
2020-09-23,2020,LSTM (2023 design),10233.299569,10519.839164,10489.373046875
2020-09-24,2020,LSTM (2023 design),10739.042709,10233.299569,10570.068359375
2020-09-25,2020,LSTM (2023 design),10683.630581,10739.042709,10619.9794921875
2020-09-26,2020,LSTM (2023 design),10742.03042,10683.630581,10642.1904296875
2020-09-27,2020,LSTM (2023 design),10758.82429,10742.03042,10642.9375
2020-09-28,2020,LSTM (2023 design),10727.375054,10758.82429,10629.4111328125
2020-09-29,2020,LSTM (2023 design),10841.142744,10727.375054,10607.806640625
2020-09-30,2020,LSTM (2023 design),10772.351767,10841.142744,10584.3798828125
2020-10-01,2020,LSTM (2023 design),10606.617333,10772.351767,10563.060546875
2020-10-02,2020,LSTM (2023 design),10570.105678,10606.617333,10543.966796875
2020-10-03,2020,LSTM (2023 design),10555.705434,10570.105678,10525.7451171875
2020-10-04,2020,LSTM (2023 design),10665.618622,10555.705434,10506.7314453125
2020-10-05,2020,LSTM (2023 design),10772.6356,10665.618622,10487.2158203125
2020-10-06,2020,LSTM (2023 design),10596.373549,10772.6356,10469.4296875
2020-10-07,2020,LSTM (2023 design),10667.194394,10596.373549,10453.4736328125
2020-10-08,2020,LSTM (2023 design),10902.529364,10667.194394,10439.880859375
2020-10-09,2020,LSTM (2023 design),11074.10368,10902.529364,10431.8486328125
2020-10-10,2020,LSTM (2023 design),11302.854286,11074.10368,10434.2080078125
2020-10-11,2020,LSTM (2023 design),11378.262528,11302.854286,10452.8671875
2020-10-12,2020,LSTM (2023 design),11548.401557,11378.262528,10491.9775390625
2020-10-13,2020,LSTM (2023 design),11434.968785,11548.401557,10554.1279296875
2020-10-14,2020,LSTM (2023 design),11417.108114,11434.968785,10636.77734375
2020-10-15,2020,LSTM (2023 design),11502.581239,11417.108114,10733.86328125
2020-10-16,2020,LSTM (2023 design),11338.987177,11502.581239,10838.6767578125
2020-10-17,2020,LSTM (2023 design),11362.802217,11338.987177,10942.0791015625
2020-10-18,2020,LSTM (2023 design),11489.622565,11362.802217,11035.966796875
2020-10-19,2020,LSTM (2023 design),11745.811968,11489.622565,11115.8369140625
2020-10-20,2020,LSTM (2023 design),11929.457251,11745.811968,11182.69921875
2020-10-21,2020,LSTM (2023 design),12848.490618,11929.457251,11241.0771484375
2020-10-22,2020,LSTM (2023 design),12997.499342,12848.490618,11306.9345703125
2020-10-23,2020,LSTM (2023 design),12953.429697,12997.499342,11394.9296875
2020-10-24,2020,LSTM (2023 design),13113.866923,12953.429697,11511.892578125
2020-10-25,2020,LSTM (2023 design),13041.641037,13113.866923,11658.6640625
2020-10-26,2020,LSTM (2023 design),13080.65617,13041.641037,11828.3193359375
2020-10-27,2020,LSTM (2023 design),13675.523928,13080.65617,12009.8203125
2020-10-28,2020,LSTM (2023 design),13290.32885,13675.523928,12198.3359375
2020-10-29,2020,LSTM (2023 design),13475.217301,13290.32885,12382.96484375
2020-10-30,2020,LSTM (2023 design),13603.296091,13475.217301,12554.759765625
2020-10-31,2020,LSTM (2023 design),13807.233611,13603.296091,12707.65234375
2020-11-01,2020,LSTM (2023 design),13736.899411,13807.233611,12839.9296875
2020-11-02,2020,LSTM (2023 design),13595.56476,13736.899411,12949.8017578125
2020-11-03,2020,LSTM (2023 design),13996.915399,13595.56476,13034.0654296875
2020-11-04,2020,LSTM (2023 design),14129.148195,13996.915399,13096.1767578125
2020-11-05,2020,LSTM (2023 design),15606.466834,14129.148195,13142.1396484375
2020-11-06,2020,LSTM (2023 design),15618.972471,15606.466834,13197.9189453125
2020-11-07,2020,LSTM (2023 design),14866.356305,15618.972471,13284.1015625
2020-11-08,2020,LSTM (2023 design),15500.000707,14866.356305,13399.37890625
2020-11-09,2020,LSTM (2023 design),15319.819973,15500.000707,13542.1044921875
2020-11-10,2020,LSTM (2023 design),15319.275676,15319.819973,13702.12109375
2020-11-11,2020,LSTM (2023 design),15731.241106,15319.275676,13865.83984375
2020-11-12,2020,LSTM (2023 design),16289.814898,15731.241106,14025.42578125
2020-11-13,2020,LSTM (2023 design),16330.062768,16289.814898,14182.1279296875
2020-11-14,2020,LSTM (2023 design),16102.010017,16330.062768,14336.7138671875
2020-11-15,2020,LSTM (2023 design),15986.754991,16102.010017,14483.5498046875
2020-11-16,2020,LSTM (2023 design),16743.05394,15986.754991,14613.3310546875
2020-11-17,2020,LSTM (2023 design),17682.169187,16743.05394,14728.830078125
2020-11-18,2020,LSTM (2023 design),17804.690024,17682.169187,14847.2919921875
2020-11-19,2020,LSTM (2023 design),17818.668662,17804.690024,14982.6650390625
2020-11-20,2020,LSTM (2023 design),18663.781853,17818.668662,15140.009765625
2020-11-21,2020,LSTM (2023 design),18706.589335,18663.781853,15328.642578125
2020-11-22,2020,LSTM (2023 design),18482.692632,18706.589335,15548.685546875
2020-11-23,2020,LSTM (2023 design),18373.25776,18482.692632,15786.781250000002
2020-11-24,2020,LSTM (2023 design),19150.251049,18373.25776,16021.743164062498
2020-11-25,2020,LSTM (2023 design),18748.393713,19150.251049,16244.90625
2020-11-26,2020,LSTM (2023 design),17113.716871,18748.393713,16441.3359375
2020-11-27,2020,LSTM (2023 design),17101.603018,17113.716871,16570.861328125
2020-11-28,2020,LSTM (2023 design),17745.377312,17101.603018,16606.62109375
2020-11-29,2020,LSTM (2023 design),18190.86688,17745.377312,16551.703125
2020-11-30,2020,LSTM (2023 design),19664.407607,18190.86688,16429.23828125
2020-12-01,2020,LSTM (2023 design),18820.60779,19664.407607,16288.5712890625
2020-12-02,2020,LSTM (2023 design),19214.872229,18820.60779,16158.845703125
2020-12-03,2020,LSTM (2023 design),19470.311208,19214.872229,16063.9619140625
2020-12-04,2020,LSTM (2023 design),18732.967091,19470.311208,16019.79296875
2020-12-05,2020,LSTM (2023 design),19114.633131,18732.967091,16018.6416015625
2020-12-06,2020,LSTM (2023 design),19356.313677,19114.633131,16052.2861328125
2020-12-07,2020,LSTM (2023 design),19182.176833,19356.313677,16113.625
2020-12-08,2020,LSTM (2023 design),18340.978138,19182.176833,16190.984374999998
2020-12-09,2020,LSTM (2023 design),18574.696735,18340.978138,16259.1181640625
2020-12-10,2020,LSTM (2023 design),18294.846951,18574.696735,16302.1845703125
2020-12-11,2020,LSTM (2023 design),18061.760026,18294.846951,16308.4755859375
2020-12-12,2020,LSTM (2023 design),18813.283769,18061.760026,16271.626953125
2020-12-13,2020,LSTM (2023 design),19156.082506,18813.283769,16204.69140625
2020-12-14,2020,LSTM (2023 design),19286.751299,19156.082506,16128.765625
2020-12-15,2020,LSTM (2023 design),19432.588464,19286.751299,16064.7607421875
2020-12-16,2020,LSTM (2023 design),21370.720319,19432.588464,16029.3359375
2020-12-17,2020,LSTM (2023 design),22789.267416,21370.720319,16061.864257812502
2020-12-18,2020,LSTM (2023 design),23048.764561,22789.267416,16209.87890625
2020-12-19,2020,LSTM (2023 design),23856.773519,23048.764561,16499.55078125
2020-12-20,2020,LSTM (2023 design),23528.550614,23856.773519,16939.9609375
2020-12-21,2020,LSTM (2023 design),22937.418344,23528.550614,17502.31640625
2020-12-22,2020,LSTM (2023 design),23756.888769,22937.418344,18122.14453125
2020-12-23,2020,LSTM (2023 design),23307.270902,23756.888769,18742.232421875
2020-12-24,2020,LSTM (2023 design),23707.633044,23307.270902,19298.638671875
2020-12-25,2020,LSTM (2023 design),24669.164322,23707.633044,19749.080078125
2020-12-26,2020,LSTM (2023 design),26478.068105,24669.164322,20088.04296875
2020-12-27,2020,LSTM (2023 design),26430.856597,26478.068105,20355.40625
2020-12-28,2020,LSTM (2023 design),27039.34902,26430.856597,20581.677734375
2020-12-29,2020,LSTM (2023 design),27231.203455,27039.34902,20794.109375
2020-12-30,2020,LSTM (2023 design),28844.613678,27231.203455,21004.884765625
2020-12-31,2020,LSTM (2023 design),29022.671413,28844.613678,21241.001953125
2021-01-01,2021,LSTM (2023 design),29380.693733,29022.671413,20275.375
2021-01-02,2021,LSTM (2023 design),32022.681058,29380.693733,20571.765625
2021-01-03,2021,LSTM (2023 design),33277.835305,32022.681058,20893.53125
2021-01-04,2021,LSTM (2023 design),31802.146714,33277.835305,21260.03515625
2021-01-05,2021,LSTM (2023 design),34013.174172,31802.146714,21658.8046875
2021-01-06,2021,LSTM (2023 design),36643.277722,34013.174172,22086.796875
2021-01-07,2021,LSTM (2023 design),39215.651149,36643.277722,22557.0859375
2021-01-08,2021,LSTM (2023 design),40775.404563,39215.651149,23094.888671875
2021-01-09,2021,LSTM (2023 design),40370.68235,40775.404563,23719.181640625
2021-01-10,2021,LSTM (2023 design),38329.340167,40370.68235,24414.716796875
2021-01-11,2021,LSTM (2023 design),35269.513718,38329.340167,25113.333984375
2021-01-12,2021,LSTM (2023 design),33712.468545,35269.513718,25708.908203125
2021-01-13,2021,LSTM (2023 design),37296.547528,33712.468545,26105.021484375
2021-01-14,2021,LSTM (2023 design),39045.51834,37296.547528,26291.09765625
2021-01-15,2021,LSTM (2023 design),36710.317425,39045.51834,26306.12890625
2021-01-16,2021,LSTM (2023 design),36177.261097,36710.317425,26174.333984375
2021-01-17,2021,LSTM (2023 design),36069.939467,36177.261097,25921.80078125
2021-01-18,2021,LSTM (2023 design),36594.296402,36069.939467,25577.435546875
2021-01-19,2021,LSTM (2023 design),36250.146189,36594.296402,25177.478515624996
2021-01-20,2021,LSTM (2023 design),35515.480013,36250.146189,24752.673828125
2021-01-21,2021,LSTM (2023 design),31022.951028,35515.480013,24323.376953125
2021-01-22,2021,LSTM (2023 design),32986.435757,31022.951028,23863.72265625
2021-01-23,2021,LSTM (2023 design),32036.282272,32986.435757,23379.16015625
2021-01-24,2021,LSTM (2023 design),32216.10429,32036.282272,22876.896484375
2021-01-25,2021,LSTM (2023 design),32419.705946,32216.10429,22374.443359375
2021-01-26,2021,LSTM (2023 design),32640.639143,32419.705946,21895.625
2021-01-27,2021,LSTM (2023 design),30358.934724,32640.639143,21466.171875
2021-01-28,2021,LSTM (2023 design),33511.287595,30358.934724,21087.46484375
2021-01-29,2021,LSTM (2023 design),34166.149426,33511.287595,20787.150390625
2021-01-30,2021,LSTM (2023 design),34349.917095,34166.149426,20593.017578125
2021-01-31,2021,LSTM (2023 design),33157.832575,34349.917095,20523.439453125
2021-02-01,2021,LSTM (2023 design),33570.271847,33157.832575,20571.724609375
2021-02-02,2021,LSTM (2023 design),35596.148909,33570.271847,20723.544921875
2021-02-03,2021,LSTM (2023 design),37578.373207,35596.148909,20975.857421875
2021-02-04,2021,LSTM (2023 design),37129.202938,37578.373207,21338.525390625
2021-02-05,2021,LSTM (2023 design),38045.413608,37129.202938,21801.9609375
2021-02-06,2021,LSTM (2023 design),39341.727081,38045.413608,22349.849609375
2021-02-07,2021,LSTM (2023 design),39003.012182,39341.727081,22965.9140625
2021-02-08,2021,LSTM (2023 design),46121.934072,39003.012182,23615.748046875
2021-02-09,2021,LSTM (2023 design),46548.161991,46121.934072,24338.021484375
2021-02-10,2021,LSTM (2023 design),45078.12835,46548.161991,25154.04296875
2021-02-11,2021,LSTM (2023 design),47892.840918,45078.12835,26030.6484375
2021-02-12,2021,LSTM (2023 design),47525.209143,47892.840918,26941.63671875
2021-02-13,2021,LSTM (2023 design),47208.625027,47525.209143,27834.56640625
2021-02-14,2021,LSTM (2023 design),48829.82751,47208.625027,28643.1484375
2021-02-15,2021,LSTM (2023 design),48110.241733,48829.82751,29327.50390625
2021-02-16,2021,LSTM (2023 design),49140.382658,48110.241733,29845.333984375004
2021-02-17,2021,LSTM (2023 design),52224.939114,49140.382658,30185.3828125
2021-02-18,2021,LSTM (2023 design),51650.069949,52224.939114,30390.203125
2021-02-19,2021,LSTM (2023 design),55820.504404,51650.069949,30486.560546875
2021-02-20,2021,LSTM (2023 design),55861.820567,55820.504404,30547.201171874996
2021-02-21,2021,LSTM (2023 design),57500.71611,55861.820567,30613.933593749996
2021-02-22,2021,LSTM (2023 design),53952.153339,57500.71611,30720.56640625
2021-02-23,2021,LSTM (2023 design),48560.489035,53952.153339,30819.53515625
2021-02-24,2021,LSTM (2023 design),49567.345689,48560.489035,30792.455078124996
2021-02-25,2021,LSTM (2023 design),47568.13117,49567.345689,30586.582031249996
2021-02-26,2021,LSTM (2023 design),46231.767578,47568.13117,30171.738281250004
2021-02-27,2021,LSTM (2023 design),45834.513361,46231.767578,29558.875
2021-02-28,2021,LSTM (2023 design),45359.464164,45834.513361,28792.931640625
2021-03-01,2021,LSTM (2023 design),49634.447109,45359.464164,27928.5390625
2021-03-02,2021,LSTM (2023 design),48304.705488,49634.447109,27067.140625
2021-03-03,2021,LSTM (2023 design),50690.467184,48304.705488,26280.07421875
2021-03-04,2021,LSTM (2023 design),48472.795475,50690.467184,25650.640625
2021-03-05,2021,LSTM (2023 design),48800.817359,48472.795475,25211.439453125004
2021-03-06,2021,LSTM (2023 design),48970.524487,48800.817359,24975.306640625
2021-03-07,2021,LSTM (2023 design),51086.468179,48970.524487,24936.34375
2021-03-08,2021,LSTM (2023 design),52088.475132,51086.468179,25100.013671875
2021-03-09,2021,LSTM (2023 design),54739.135254,52088.475132,25459.216796875
2021-03-10,2021,LSTM (2023 design),56116.040912,54739.135254,26015.79296875
2021-03-11,2021,LSTM (2023 design),57847.254936,56116.040912,26759.951171875
2021-03-12,2021,LSTM (2023 design),57334.641535,57847.254936,27670.7265625
2021-03-13,2021,LSTM (2023 design),61288.794128,57334.641535,28683.482421874996
2021-03-14,2021,LSTM (2023 design),59905.61847,61288.794128,29765.1484375
2021-03-15,2021,LSTM (2023 design),56121.121924,59905.61847,30832.4921875
2021-03-16,2021,LSTM (2023 design),56500.446026,56121.121924,31736.0234375
2021-03-17,2021,LSTM (2023 design),58683.065982,56500.446026,32370.457031249996
2021-03-18,2021,LSTM (2023 design),57731.479841,58683.065982,32718.445312499996
2021-03-19,2021,LSTM (2023 design),58168.121922,57731.479841,32786.23046875
2021-03-20,2021,LSTM (2023 design),58247.884707,58168.121922,32616.294921874996
2021-03-21,2021,LSTM (2023 design),57447.93302,58247.884707,32267.316406249996
2021-03-22,2021,LSTM (2023 design),54453.137351,57447.93302,31793.12109375
2021-03-23,2021,LSTM (2023 design),54563.611946,54453.137351,31208.677734374996
2021-03-24,2021,LSTM (2023 design),52595.411324,54563.611946,30545.380859375004
2021-03-25,2021,LSTM (2023 design),51547.124895,52595.411324,29822.46875
2021-03-26,2021,LSTM (2023 design),54817.857112,51547.124895,29062.484375
2021-03-27,2021,LSTM (2023 design),56019.837306,54817.857112,28331.314453124996
2021-03-28,2021,LSTM (2023 design),55713.03814,56019.837306,27696.88671875
2021-03-29,2021,LSTM (2023 design),57571.233348,55713.03814,27210.95703125
2021-03-30,2021,LSTM (2023 design),58684.548392,57571.233348,26927.931640625
2021-03-31,2021,LSTM (2023 design),58792.194828,58684.548392,26887.171875
2021-04-01,2021,LSTM (2023 design),58818.977099,58792.194828,27093.50390625
2021-04-02,2021,LSTM (2023 design),59031.534019,58818.977099,27517.6796875
2021-04-03,2021,LSTM (2023 design),57282.389625,59031.534019,28108.33984375
2021-04-04,2021,LSTM (2023 design),58202.199392,57282.389625,28767.509765624996
2021-04-05,2021,LSTM (2023 design),58755.85253,58202.199392,29414.26171875
2021-04-06,2021,LSTM (2023 design),58084.066423,58755.85253,29990.546875000004
2021-04-07,2021,LSTM (2023 design),56266.834676,58084.066423,30445.998046874996
2021-04-08,2021,LSTM (2023 design),57963.344599,56266.834676,30729.132812499996
2021-04-09,2021,LSTM (2023 design),58051.762556,57963.344599,30846.574218749996
2021-04-10,2021,LSTM (2023 design),59651.558988,58051.762556,30824.96875
2021-04-11,2021,LSTM (2023 design),59932.930647,59651.558988,30720.337890625
2021-04-12,2021,LSTM (2023 design),59905.936374,59932.930647,30581.292968750004
2021-04-13,2021,LSTM (2023 design),63445.638314,59905.936374,30441.6015625
2021-04-14,2021,LSTM (2023 design),62869.495587,63445.638314,30368.05078125
2021-04-15,2021,LSTM (2023 design),63231.162987,62869.495587,30386.82421875
2021-04-16,2021,LSTM (2023 design),61571.110091,63231.162987,30500.978515625
2021-04-17,2021,LSTM (2023 design),60280.876176,61571.110091,30668.091796875
2021-04-18,2021,LSTM (2023 design),56389.557981,60280.876176,30824.630859375004
2021-04-19,2021,LSTM (2023 design),55798.137077,56389.557981,30869.9375
2021-04-20,2021,LSTM (2023 design),56474.373759,55798.137077,30750.687499999996
2021-04-21,2021,LSTM (2023 design),54025.799575,56474.373759,30472.794921875
2021-04-22,2021,LSTM (2023 design),51882.059811,54025.799575,30044.181640625
2021-04-23,2021,LSTM (2023 design),50954.910061,51882.059811,29478.476562500004
2021-04-24,2021,LSTM (2023 design),50279.948446,50954.910061,28806.828125
2021-04-25,2021,LSTM (2023 design),48946.940743,50279.948446,28072.124999999996
2021-04-26,2021,LSTM (2023 design),53943.349978,48946.940743,27311.072265624996
2021-04-27,2021,LSTM (2023 design),55027.030985,53943.349978,26611.255859375
2021-04-28,2021,LSTM (2023 design),54787.378707,55027.030985,26057.66796875
2021-04-29,2021,LSTM (2023 design),53567.081194,54787.378707,25716.955078125
2021-04-30,2021,LSTM (2023 design),57741.444417,53567.081194,25613.564453125
2021-05-01,2021,LSTM (2023 design),57863.590393,57741.444417,25788.310546875
2021-05-02,2021,LSTM (2023 design),56572.596841,57863.590393,26244.5078125
2021-05-03,2021,LSTM (2023 design),57243.041605,56572.596841,26931.173828125
2021-05-04,2021,LSTM (2023 design),53724.108925,57243.041605,27768.806640625
2021-05-05,2021,LSTM (2023 design),57342.025662,53724.108925,28614.55859375
2021-05-06,2021,LSTM (2023 design),56527.352979,57342.025662,29396.875000000004
2021-05-07,2021,LSTM (2023 design),57341.068455,56527.352979,30051.818359375
2021-05-08,2021,LSTM (2023 design),58736.125895,57341.068455,30552.09765625
2021-05-09,2021,LSTM (2023 design),58288.42563,58736.125895,30908.216796874996
2021-05-10,2021,LSTM (2023 design),55902.92774,58288.42563,31129.267578125
2021-05-11,2021,LSTM (2023 design),56612.102649,55902.92774,31196.541015624996
2021-05-12,2021,LSTM (2023 design),50972.355081,56612.102649,31120.496093749996
2021-05-13,2021,LSTM (2023 design),49368.614474,50972.355081,30853.312499999996
2021-05-14,2021,LSTM (2023 design),49997.395901,49368.614474,30381.621093750004
2021-05-15,2021,LSTM (2023 design),47047.963333,49997.395901,29740.529296875
2021-05-16,2021,LSTM (2023 design),46022.503709,47047.963333,28957.677734375
2021-05-17,2021,LSTM (2023 design),43492.395483,46022.503709,28077.845703124996
2021-05-18,2021,LSTM (2023 design),42789.809392,43492.395483,27134.22265625
2021-05-19,2021,LSTM (2023 design),37642.520002,42789.809392,26163.521484375
2021-05-20,2021,LSTM (2023 design),40799.402148,37642.520002,25169.79296875
2021-05-21,2021,LSTM (2023 design),37174.331101,40799.402148,24195.7265625
2021-05-22,2021,LSTM (2023 design),37643.419798,37174.331101,23262.001953125
2021-05-23,2021,LSTM (2023 design),34774.207222,37643.419798,22397.03515625
2021-05-24,2021,LSTM (2023 design),38630.409119,34774.207222,21611.66015625
2021-05-25,2021,LSTM (2023 design),38269.771075,38630.409119,20946.623046875
2021-05-26,2021,LSTM (2023 design),39194.858898,38269.771075,20447.3359375
2021-05-27,2021,LSTM (2023 design),38510.857042,39194.858898,20155.58984375
2021-05-28,2021,LSTM (2023 design),35596.717951,38510.857042,20090.62109375
2021-05-29,2021,LSTM (2023 design),34681.818367,35596.717951,20219.6640625
2021-05-30,2021,LSTM (2023 design),35652.16877,34681.818367,20484.166015625
2021-05-31,2021,LSTM (2023 design),37312.974897,35652.16877,20834.6875
2021-06-01,2021,LSTM (2023 design),36661.378118,37312.974897,21244.955078124996
2021-06-02,2021,LSTM (2023 design),37639.455673,36661.378118,21686.654296875
2021-06-03,2021,LSTM (2023 design),39160.150413,37639.455673,22145.878906250004
2021-06-04,2021,LSTM (2023 design),36884.373555,39160.150413,22623.220703124996
2021-06-05,2021,LSTM (2023 design),35409.567237,36884.373555,23091.037109375
2021-06-06,2021,LSTM (2023 design),35720.604355,35409.567237,23504.83984375
2021-06-07,2021,LSTM (2023 design),33724.907752,35720.604355,23833.35546875
2021-06-08,2021,LSTM (2023 design),33475.048923,33724.907752,24039.37109375
2021-06-09,2021,LSTM (2023 design),37372.988895,33475.048923,24105.662109375
2021-06-10,2021,LSTM (2023 design),36826.002219,37372.988895,24074.236328124996
2021-06-11,2021,LSTM (2023 design),37185.393127,36826.002219,23986.494140625
2021-06-12,2021,LSTM (2023 design),35669.171282,37185.393127,23882.412109375
2021-06-13,2021,LSTM (2023 design),38925.419429,35669.171282,23775.69140625
2021-06-14,2021,LSTM (2023 design),40455.595983,38925.419429,23705.261718749996
2021-06-15,2021,LSTM (2023 design),40254.651468,40455.595983,23711.880859375
2021-06-16,2021,LSTM (2023 design),38265.543773,40254.651468,23816.328124999996
2021-06-17,2021,LSTM (2023 design),38018.643235,38265.543773,23996.296875
2021-06-18,2021,LSTM (2023 design),35714.312079,38018.643235,24214.658203124996
2021-06-19,2021,LSTM (2023 design),35555.976397,35714.312079,24409.4609375
2021-06-20,2021,LSTM (2023 design),35599.941878,35555.976397,24532.400390625
2021-06-21,2021,LSTM (2023 design),31715.159862,35599.941878,24558.791015625
2021-06-22,2021,LSTM (2023 design),32394.555595,31715.159862,24446.63671875
2021-06-23,2021,LSTM (2023 design),33610.496813,32394.555595,24190.568359375
2021-06-24,2021,LSTM (2023 design),34658.972876,33610.496813,23821.580078125004
2021-06-25,2021,LSTM (2023 design),31683.5032,34658.972876,23393.271484374996
2021-06-26,2021,LSTM (2023 design),31890.676447,31683.5032,22929.1796875
2021-06-27,2021,LSTM (2023 design),34506.491198,31890.676447,22455.91015625
2021-06-28,2021,LSTM (2023 design),34376.188539,34506.491198,22021.771484375
2021-06-29,2021,LSTM (2023 design),35933.778218,34376.188539,21665.52734375
2021-06-30,2021,LSTM (2023 design),35065.466153,35933.778218,21426.16015625
2021-07-01,2021,LSTM (2023 design),33505.080494,35065.466153,21318.740234375004
2021-07-02,2021,LSTM (2023 design),33782.945946,33505.080494,21326.228515624996
2021-07-03,2021,LSTM (2023 design),34588.224292,33782.945946,21423.328125
2021-07-04,2021,LSTM (2023 design),35355.607888,34588.224292,21590.5234375
2021-07-05,2021,LSTM (2023 design),33911.75384,35355.607888,21813.29296875
2021-07-06,2021,LSTM (2023 design),34123.981568,33911.75384,22062.005859375
2021-07-07,2021,LSTM (2023 design),33931.618638,34123.981568,22310.119140625
2021-07-08,2021,LSTM (2023 design),32819.659531,33931.618638,22534.6015625
2021-07-09,2021,LSTM (2023 design),33914.881074,32819.659531,22709.041015625
2021-07-10,2021,LSTM (2023 design),33610.945839,33914.881074,22828.271484375
2021-07-11,2021,LSTM (2023 design),34258.44139,33610.945839,22892.544921875
2021-07-12,2021,LSTM (2023 design),33135.235912,34258.44139,22914.400390625
2021-07-13,2021,LSTM (2023 design),32641.975961,33135.235912,22896.8359375
2021-07-14,2021,LSTM (2023 design),32798.284519,32641.975961,22840.150390625
2021-07-15,2021,LSTM (2023 design),31707.690037,32798.284519,22750.01171875
2021-07-16,2021,LSTM (2023 design),31455.717582,31707.690037,22624.23828125
2021-07-17,2021,LSTM (2023 design),31547.951199,31455.717582,22463.296875
2021-07-18,2021,LSTM (2023 design),31707.703853,31547.951199,22274.431640625
2021-07-19,2021,LSTM (2023 design),30883.469746,31707.703853,22070.484375
2021-07-20,2021,LSTM (2023 design),29766.657718,30883.469746,21858.076171875
2021-07-21,2021,LSTM (2023 design),32119.657226,29766.657718,21635.513671875
2021-07-22,2021,LSTM (2023 design),32306.961429,32119.657226,21425.310546875
2021-07-23,2021,LSTM (2023 design),33439.595703,32306.961429,21250.37890625
2021-07-24,2021,LSTM (2023 design),34166.914655,33439.595703,21138.01953125
2021-07-25,2021,LSTM (2023 design),35119.937436,34166.914655,21112.626953125
2021-07-26,2021,LSTM (2023 design),37444.78251,35119.937436,21193.375
2021-07-27,2021,LSTM (2023 design),39126.540288,37444.78251,21407.583984375
2021-07-28,2021,LSTM (2023 design),39939.194043,39126.540288,21778.4296875
2021-07-29,2021,LSTM (2023 design),40086.164395,39939.194043,22312.009765624996
2021-07-30,2021,LSTM (2023 design),41789.667098,40086.164395,22985.73828125
2021-07-31,2021,LSTM (2023 design),41793.313748,41789.667098,23770.810546875
2021-08-01,2021,LSTM (2023 design),39968.968954,41793.313748,24615.74609375
2021-08-02,2021,LSTM (2023 design),39304.186284,39968.968954,25431.0625
2021-08-03,2021,LSTM (2023 design),38288.825398,39304.186284,26131.328125
2021-08-04,2021,LSTM (2023 design),39773.911349,38288.825398,26644.865234375004
2021-08-05,2021,LSTM (2023 design),40941.650434,39773.911349,26952.57421875
2021-08-06,2021,LSTM (2023 design),42790.357328,40941.650434,27076.603515625
2021-08-07,2021,LSTM (2023 design),44484.900586,42790.357328,27072.4765625
2021-08-08,2021,LSTM (2023 design),43972.301018,44484.900586,27010.699218750004
2021-08-09,2021,LSTM (2023 design),46265.642456,43972.301018,26936.63671875
2021-08-10,2021,LSTM (2023 design),45488.791262,46265.642456,26901.6640625
2021-08-11,2021,LSTM (2023 design),45676.326361,45488.791262,26921.744140624996
2021-08-12,2021,LSTM (2023 design),44405.748348,45676.326361,26994.83203125
2021-08-13,2021,LSTM (2023 design),47717.485356,44405.748348,27090.228515625
2021-08-14,2021,LSTM (2023 design),47124.205074,47717.485356,27214.8125
2021-08-15,2021,LSTM (2023 design),47074.37071,47124.205074,27359.54296875
2021-08-16,2021,LSTM (2023 design),45984.719907,47074.37071,27509.923828125004
2021-08-17,2021,LSTM (2023 design),44714.096798,45984.719907,27635.4609375
2021-08-18,2021,LSTM (2023 design),44954.363747,44714.096798,27696.837890624996
2021-08-19,2021,LSTM (2023 design),46646.861505,44954.363747,27674.517578125
2021-08-20,2021,LSTM (2023 design),49240.835605,46646.861505,27585.86328125
2021-08-21,2021,LSTM (2023 design),49070.24097,49240.835605,27484.009765625004
2021-08-22,2021,LSTM (2023 design),49363.316095,49070.24097,27407.873046875
2021-08-23,2021,LSTM (2023 design),49590.876368,49363.316095,27382.490234375
2021-08-24,2021,LSTM (2023 design),47925.862213,49590.876368,27418.115234375004
2021-08-25,2021,LSTM (2023 design),49002.316605,47925.862213,27489.8828125
2021-08-26,2021,LSTM (2023 design),47190.344993,49002.316605,27582.498046875004
2021-08-27,2021,LSTM (2023 design),49048.475589,47190.344993,27658.322265625
2021-08-28,2021,LSTM (2023 design),48852.4688,49048.475589,27712.783203125
2021-08-29,2021,LSTM (2023 design),48948.347958,48852.4688,27743.818359375
2021-08-30,2021,LSTM (2023 design),47125.768519,48948.347958,27753.904296875
2021-08-31,2021,LSTM (2023 design),47219.244342,47125.768519,27724.80859375
2021-09-01,2021,LSTM (2023 design),48688.537557,47219.244342,27648.6640625
2021-09-02,2021,LSTM (2023 design),49369.586275,48688.537557,27544.541015625
2021-09-03,2021,LSTM (2023 design),49860.534164,49369.586275,27440.451171875
2021-09-04,2021,LSTM (2023 design),49919.577564,49860.534164,27363.751953125
2021-09-05,2021,LSTM (2023 design),51747.643857,49919.577564,27331.283203125004
2021-09-06,2021,LSTM (2023 design),52640.588374,51747.643857,27370.21875
2021-09-07,2021,LSTM (2023 design),46854.400603,52640.588374,27500.513671875004
2021-09-08,2021,LSTM (2023 design),46187.975731,46854.400603,27649.484375
2021-09-09,2021,LSTM (2023 design),46448.774829,46187.975731,27747.513671875
2021-09-10,2021,LSTM (2023 design),44765.275576,46448.774829,27754.949218749996
2021-09-11,2021,LSTM (2023 design),45098.591645,44765.275576,27641.158203125004
2021-09-12,2021,LSTM (2023 design),46180.612456,45098.591645,27410.529296875
2021-09-13,2021,LSTM (2023 design),44991.522128,46180.612456,27100.755859374996
2021-09-14,2021,LSTM (2023 design),47022.61776,44991.522128,26742.556640625
2021-09-15,2021,LSTM (2023 design),48167.189368,47022.61776,26391.3984375
2021-09-16,2021,LSTM (2023 design),47797.328324,48167.189368,26105.572265625
2021-09-17,2021,LSTM (2023 design),47213.794129,47797.328324,25920.625
2021-09-18,2021,LSTM (2023 design),48204.013652,47213.794129,25845.4609375
2021-09-19,2021,LSTM (2023 design),47218.473996,48204.013652,25884.773437499996
2021-09-20,2021,LSTM (2023 design),42855.510345,47218.473996,26016.77734375
2021-09-21,2021,LSTM (2023 design),40526.489376,42855.510345,26162.99609375
2021-09-22,2021,LSTM (2023 design),43577.572482,40526.489376,26235.1484375
2021-09-23,2021,LSTM (2023 design),44861.298033,43577.572482,26216.69921875
2021-09-24,2021,LSTM (2023 design),42803.307701,44861.298033,26131.550781250004
2021-09-25,2021,LSTM (2023 design),42735.265824,42803.307701,25990.15625
2021-09-26,2021,LSTM (2023 design),43131.294177,42735.265824,25809.4609375
2021-09-27,2021,LSTM (2023 design),42496.785225,43131.294177,25613.830078125
2021-09-28,2021,LSTM (2023 design),41223.786274,42496.785225,25420.0703125
2021-09-29,2021,LSTM (2023 design),41453.947013,41223.786274,25229.251953125
2021-09-30,2021,LSTM (2023 design),43781.546015,41453.947013,25047.138671874996
2021-10-01,2021,LSTM (2023 design),48078.131554,43781.546015,24906.09375
2021-10-02,2021,LSTM (2023 design),47792.439194,48078.131554,24876.583984374996
2021-10-03,2021,LSTM (2023 design),48202.622918,47792.439194,25000.8828125
2021-10-04,2021,LSTM (2023 design),49288.501311,48202.622918,25293.59375
2021-10-05,2021,LSTM (2023 design),51558.049332,49288.501311,25750.130859375004
2021-10-06,2021,LSTM (2023 design),55419.800411,51558.049332,26365.060546875
2021-10-07,2021,LSTM (2023 design),53805.156913,55419.800411,27151.083984375
2021-10-08,2021,LSTM (2023 design),53933.527591,53805.156913,28060.025390625
2021-10-09,2021,LSTM (2023 design),55010.922475,53933.527591,29012.896484374996
2021-10-10,2021,LSTM (2023 design),54701.279702,55010.922475,29931.615234374996
2021-10-11,2021,LSTM (2023 design),57289.186457,54701.279702,30734.906250000004
2021-10-12,2021,LSTM (2023 design),56196.18126,57289.186457,31394.361328124996
2021-10-13,2021,LSTM (2023 design),57348.892877,56196.18126,31872.320312500004
2021-10-14,2021,LSTM (2023 design),57384.036915,57348.892877,32166.587890625
2021-10-15,2021,LSTM (2023 design),61446.084007,57384.036915,32284.314453124996
2021-10-16,2021,LSTM (2023 design),60932.063212,61446.084007,32299.269531250004
2021-10-17,2021,LSTM (2023 design),61462.222372,60932.063212,32253.9140625
2021-10-18,2021,LSTM (2023 design),61977.057551,61462.222372,32177.781250000004
2021-10-19,2021,LSTM (2023 design),64290.897757,61977.057551,32088.81640625
2021-10-20,2021,LSTM (2023 design),66061.796564,64290.897757,32024.275390625
2021-10-21,2021,LSTM (2023 design),62373.885621,66061.796564,32019.880859375
2021-10-22,2021,LSTM (2023 design),60750.967372,62373.885621,32025.6796875
2021-10-23,2021,LSTM (2023 design),61250.082629,60750.967372,31973.330078125
2021-10-24,2021,LSTM (2023 design),60865.447052,61250.082629,31829.250000000004
2021-10-25,2021,LSTM (2023 design),63031.672902,60865.447052,31585.886718749996
2021-10-26,2021,LSTM (2023 design),60393.980274,63031.672902,31283.791015625
2021-10-27,2021,LSTM (2023 design),58563.33599,60393.980274,30930.9921875
2021-10-28,2021,LSTM (2023 design),60564.572112,58563.33599,30524.123046875004
2021-10-29,2021,LSTM (2023 design),62230.805569,60564.572112,30097.888671875
2021-10-30,2021,LSTM (2023 design),61742.916532,62230.805569,29707.14453125
2021-10-31,2021,LSTM (2023 design),61432.970063,61742.916532,29388.498046875
2021-11-01,2021,LSTM (2023 design),61092.095059,61432.970063,29161.724609375
2021-11-02,2021,LSTM (2023 design),63024.74723,61092.095059,29032.19140625
2021-11-03,2021,LSTM (2023 design),62955.981763,63024.74723,29019.57421875
2021-11-04,2021,LSTM (2023 design),61393.889978,62955.981763,29127.4296875
2021-11-05,2021,LSTM (2023 design),61005.840834,61393.889978,29319.732421875
2021-11-06,2021,LSTM (2023 design),61455.053627,61005.840834,29551.1875
2021-11-07,2021,LSTM (2023 design),63043.829059,61455.053627,29788.5390625
2021-11-08,2021,LSTM (2023 design),67541.755508,63043.829059,30026.615234375
2021-11-09,2021,LSTM (2023 design),67095.585671,67541.755508,30321.357421875
2021-11-10,2021,LSTM (2023 design),64756.077969,67095.585671,30692.361328125
2021-11-11,2021,LSTM (2023 design),64962.931294,64756.077969,31094.388671875
2021-11-12,2021,LSTM (2023 design),64078.968037,64962.931294,31477.037109375
2021-11-13,2021,LSTM (2023 design),64397.791206,64078.968037,31781.62890625
2021-11-14,2021,LSTM (2023 design),65032.225655,64397.791206,31974.34765625
2021-11-15,2021,LSTM (2023 design),63753.503159,65032.225655,32053.599609375
2021-11-16,2021,LSTM (2023 design),60322.497853,63753.503159,32013.1171875
2021-11-17,2021,LSTM (2023 design),60154.308366,60322.497853,31822.976562499996
2021-11-18,2021,LSTM (2023 design),56794.155627,60154.308366,31485.119140625004
2021-11-19,2021,LSTM (2023 design),58014.072989,56794.155627,30990.978515624996
2021-11-20,2021,LSTM (2023 design),59749.473823,58014.072989,30382.322265625
2021-11-21,2021,LSTM (2023 design),59032.624102,59749.473823,29734.583984375
2021-11-22,2021,LSTM (2023 design),56383.565876,59032.624102,29108.11328125
2021-11-23,2021,LSTM (2023 design),57642.265798,56383.565876,28526.935546875
2021-11-24,2021,LSTM (2023 design),57141.830378,57642.265798,28025.173828125
2021-11-25,2021,LSTM (2023 design),59008.655479,57141.830378,27627.921875
2021-11-26,2021,LSTM (2023 design),53800.617839,59008.655479,27372.685546875
2021-11-27,2021,LSTM (2023 design),54635.882463,53800.617839,27223.583984375004
2021-11-28,2021,LSTM (2023 design),57248.569696,54635.882463,27156.5
2021-11-29,2021,LSTM (2023 design),57920.71073,57248.569696,27183.38671875
2021-11-30,2021,LSTM (2023 design),57097.012794,57920.71073,27320.18359375
2021-12-01,2021,LSTM (2023 design),57180.609844,57097.012794,27557.7890625
2021-12-02,2021,LSTM (2023 design),56582.893769,57180.609844,27876.451171875
2021-12-03,2021,LSTM (2023 design),53671.616068,56582.893769,28239.283203125
2021-12-04,2021,LSTM (2023 design),49159.735798,53671.616068,28571.16796875
2021-12-05,2021,LSTM (2023 design),49327.0936,49159.735798,28762.34765625
2021-12-06,2021,LSTM (2023 design),50535.425223,49327.0936,28760.40234375
2021-12-07,2021,LSTM (2023 design),50574.472834,50535.425223,28580.046874999996
2021-12-08,2021,LSTM (2023 design),50500.654351,50574.472834,28266.349609375
2021-12-09,2021,LSTM (2023 design),47937.822846,50500.654351,27874.720703124996
2021-12-10,2021,LSTM (2023 design),47437.228973,47937.822846,27433.53125
2021-12-11,2021,LSTM (2023 design),49321.769325,47437.228973,26969.501953125
2021-12-12,2021,LSTM (2023 design),50136.572257,49321.769325,26532.650390625
2021-12-13,2021,LSTM (2023 design),46785.327841,50136.572257,26176.234375
2021-12-14,2021,LSTM (2023 design),48292.68225,46785.327841,25900.67578125
2021-12-15,2021,LSTM (2023 design),48830.622386,48292.68225,25719.603515625004
2021-12-16,2021,LSTM (2023 design),47663.469108,48830.622386,25643.388671875004
2021-12-17,2021,LSTM (2023 design),46334.483749,47663.469108,25662.54296875
2021-12-18,2021,LSTM (2023 design),46904.873675,46334.483749,25745.083984375
2021-12-19,2021,LSTM (2023 design),46876.426924,46904.873675,25866.535156249996
2021-12-20,2021,LSTM (2023 design),46954.763478,46876.426924,26009.099609375
2021-12-21,2021,LSTM (2023 design),49082.062467,46954.763478,26160.001953125
2021-12-22,2021,LSTM (2023 design),48692.098739,49082.062467,26334.037109375
2021-12-23,2021,LSTM (2023 design),50712.970768,48692.098739,26536.0859375
2021-12-24,2021,LSTM (2023 design),50783.834421,50712.970768,26788.083984375
2021-12-25,2021,LSTM (2023 design),50590.450898,50783.834421,27097.072265624996
2021-12-26,2021,LSTM (2023 design),50798.306586,50590.450898,27450.83984375
2021-12-27,2021,LSTM (2023 design),50796.377674,50798.306586,27826.912109374996
2021-12-28,2021,LSTM (2023 design),47673.044045,50796.377674,28196.355468749996
2021-12-29,2021,LSTM (2023 design),46470.321575,47673.044045,28490.683593750004
2021-12-30,2021,LSTM (2023 design),47102.463004,46470.321575,28648.628906249996
2021-12-31,2021,LSTM (2023 design),46355.11733,47102.463004,28651.62109375
2022-01-01,2022,LSTM (2023 design),47560.009382,46355.11733,46438.19921875
2022-01-02,2022,LSTM (2023 design),47352.557757,47560.009382,46633.41015625
2022-01-03,2022,LSTM (2023 design),46453.432352,47352.557757,46755.6875
2022-01-04,2022,LSTM (2023 design),45905.961122,46453.432352,46802.1015625
2022-01-05,2022,LSTM (2023 design),43530.944039,45905.961122,46771.77734375
2022-01-06,2022,LSTM (2023 design),43144.965293,43530.944039,46655.609375
2022-01-07,2022,LSTM (2023 design),41512.784581,43144.965293,46446.2578125
2022-01-08,2022,LSTM (2023 design),41799.812885,41512.784581,46133.92187500001
2022-01-09,2022,LSTM (2023 design),41886.498557,41799.812885,45717.64453125
2022-01-10,2022,LSTM (2023 design),41816.951056,41886.498557,45206.4375
2022-01-11,2022,LSTM (2023 design),42768.178612,41816.951056,44616.81640625
2022-01-12,2022,LSTM (2023 design),43961.026544,42768.178612,43976.24218750001
2022-01-13,2022,LSTM (2023 design),42626.865392,43961.026544,43320.83984375
2022-01-14,2022,LSTM (2023 design),43102.647618,42626.865392,42679.71875
2022-01-15,2022,LSTM (2023 design),43206.674481,43102.647618,42078.82421875
2022-01-16,2022,LSTM (2023 design),43168.859667,43206.674481,41538.2578125
2022-01-17,2022,LSTM (2023 design),42211.270399,43168.859667,41071.796875
2022-01-18,2022,LSTM (2023 design),42431.231967,42211.270399,40682.87109375
2022-01-19,2022,LSTM (2023 design),41787.722013,42431.231967,40369.68359375
2022-01-20,2022,LSTM (2023 design),40756.126163,41787.722013,40123.7109375
2022-01-21,2022,LSTM (2023 design),36492.287224,40756.126163,39929.46484375
2022-01-22,2022,LSTM (2023 design),34996.390965,36492.287224,39748.80468750001
2022-01-23,2022,LSTM (2023 design),36271.050265,34996.390965,39535.546875
2022-01-24,2022,LSTM (2023 design),36659.725221,36271.050265,39259.40234375
2022-01-25,2022,LSTM (2023 design),36952.586773,36659.725221,38907.6953125
2022-01-26,2022,LSTM (2023 design),36825.824599,36952.586773,38483.80859375
2022-01-27,2022,LSTM (2023 design),37021.937133,36825.824599,38000.84375
2022-01-28,2022,LSTM (2023 design),37768.847484,37021.937133,37478.99609375
2022-01-29,2022,LSTM (2023 design),38088.291228,37768.847484,36944.51171875
2022-01-30,2022,LSTM (2023 design),37983.506385,38088.291228,36424.98046875
2022-01-31,2022,LSTM (2023 design),38462.672403,37983.506385,35944.91796875
2022-02-01,2022,LSTM (2023 design),38787.964082,38462.672403,35525.27734375
2022-02-02,2022,LSTM (2023 design),36942.330749,38787.964082,35181.7421875
2022-02-03,2022,LSTM (2023 design),37057.652188,36942.330749,34915.09765625
2022-02-04,2022,LSTM (2023 design),41079.906088,37057.652188,34719.03125
2022-02-05,2022,LSTM (2023 design),41508.581693,41079.906088,34600.75
2022-02-06,2022,LSTM (2023 design),42358.225173,41508.581693,34570.09765625
2022-02-07,2022,LSTM (2023 design),43888.98012,42358.225173,34636.8359375
2022-02-08,2022,LSTM (2023 design),44167.444795,43888.98012,34811.453125
2022-02-09,2022,LSTM (2023 design),44405.073204,44167.444795,35099.12890625
2022-02-10,2022,LSTM (2023 design),43614.342696,44405.073204,35497.8125
2022-02-11,2022,LSTM (2023 design),42357.321742,43614.342696,35994.0078125
2022-02-12,2022,LSTM (2023 design),42173.459396,42357.321742,36561.43359375
2022-02-13,2022,LSTM (2023 design),42195.594745,42173.459396,37168.140625
2022-02-14,2022,LSTM (2023 design),42646.161859,42195.594745,37782.44921875
2022-02-15,2022,LSTM (2023 design),44511.908488,42646.161859,38378.21875
2022-02-16,2022,LSTM (2023 design),44065.709267,44511.908488,38943.37890625
2022-02-17,2022,LSTM (2023 design),40610.024262,44065.709267,39470.4609375
2022-02-18,2022,LSTM (2023 design),40044.220486,40610.024262,39938.52734375
2022-02-19,2022,LSTM (2023 design),40095.887329,40044.220486,40323.87890625
2022-02-20,2022,LSTM (2023 design),38551.622497,40095.887329,40608.07421875
2022-02-21,2022,LSTM (2023 design),37098.036008,38551.622497,40773.77734375
2022-02-22,2022,LSTM (2023 design),38202.594082,37098.036008,40804.1875
2022-02-23,2022,LSTM (2023 design),37308.268734,38202.594082,40697.70703125
2022-02-24,2022,LSTM (2023 design),38283.790402,37308.268734,40460.2109375
2022-02-25,2022,LSTM (2023 design),39323.770216,38283.790402,40110.671875
2022-02-26,2022,LSTM (2023 design),39056.578152,39323.770216,39680.12890625
2022-02-27,2022,LSTM (2023 design),37664.779283,39056.578152,39202.01171875001
2022-02-28,2022,LSTM (2023 design),43179.254514,37664.779283,38701.21484375
2022-03-01,2022,LSTM (2023 design),44334.457582,43179.254514,38222.109375
2022-03-02,2022,LSTM (2023 design),43984.584927,44334.457582,37812.66015625
2022-03-03,2022,LSTM (2023 design),42492.774455,43984.584927,37510.125
2022-03-04,2022,LSTM (2023 design),39106.405216,42492.774455,37331.6953125
2022-03-05,2022,LSTM (2023 design),39383.884843,39106.405216,37263.234375
2022-03-06,2022,LSTM (2023 design),38399.342627,39383.884843,37278.9140625
2022-03-07,2022,LSTM (2023 design),38146.734273,38399.342627,37344.84765625
2022-03-08,2022,LSTM (2023 design),38725.477262,38146.734273,37427.078125
2022-03-09,2022,LSTM (2023 design),41989.402818,38725.477262,37500.37109375
2022-03-10,2022,LSTM (2023 design),39482.258467,41989.402818,37562.75390625
2022-03-11,2022,LSTM (2023 design),38825.364421,39482.258467,37610.3359375
2022-03-12,2022,LSTM (2023 design),38951.130016,38825.364421,37637.6328125
2022-03-13,2022,LSTM (2023 design),37808.3174,38951.130016,37640.9609375
2022-03-14,2022,LSTM (2023 design),39649.045324,37808.3174,37613.77734375
2022-03-15,2022,LSTM (2023 design),39356.8139,39649.045324,37559.859375
2022-03-16,2022,LSTM (2023 design),41101.768579,39356.8139,37485.94140625
2022-03-17,2022,LSTM (2023 design),40966.416932,41101.768579,37407.57421875
2022-03-18,2022,LSTM (2023 design),41826.116071,40966.416932,37340.35546875
2022-03-19,2022,LSTM (2023 design),42193.161536,41826.116071,37300.7109375
2022-03-20,2022,LSTM (2023 design),41294.723513,42193.161536,37302.61328125
2022-03-21,2022,LSTM (2023 design),41064.429648,41294.723513,37350.875
2022-03-22,2022,LSTM (2023 design),42383.169519,41064.429648,37443.0078125
2022-03-23,2022,LSTM (2023 design),42734.200036,42383.169519,37577.8203125
2022-03-24,2022,LSTM (2023 design),43974.593588,42734.200036,37753.73828125
2022-03-25,2022,LSTM (2023 design),44347.03428,43974.593588,37972.6953125
2022-03-26,2022,LSTM (2023 design),44519.926864,44347.03428,38236.6484375
2022-03-27,2022,LSTM (2023 design),46777.205627,44519.926864,38545.296875
2022-03-28,2022,LSTM (2023 design),47223.652886,46777.205627,38904.90234375
2022-03-29,2022,LSTM (2023 design),47463.709677,47223.652886,39321.48828125
2022-03-30,2022,LSTM (2023 design),47123.297148,47463.709677,39797.234375
2022-03-31,2022,LSTM (2023 design),45562.210667,47123.297148,40326.9609375
2022-04-01,2022,LSTM (2023 design),46250.336288,45562.210667,40892.26171875
2022-04-02,2022,LSTM (2023 design),45939.897349,46250.336288,41472.91796875
2022-04-03,2022,LSTM (2023 design),46440.543854,45939.897349,42047.359375
2022-04-04,2022,LSTM (2023 design),46663.004177,46440.543854,42598.0234375
2022-04-05,2022,LSTM (2023 design),45693.035062,46663.004177,43111.95703125
2022-04-06,2022,LSTM (2023 design),43304.937199,45693.035062,43575.046875
2022-04-07,2022,LSTM (2023 design),43569.04717,43304.937199,43963.65234375
2022-04-08,2022,LSTM (2023 design),42222.068977,43569.04717,44258.09375000001
2022-04-09,2022,LSTM (2023 design),42680.994736,42222.068977,44439.3671875
2022-04-10,2022,LSTM (2023 design),42264.463391,42680.994736,44499.03515625001
2022-04-11,2022,LSTM (2023 design),39544.025184,42264.463391,44436.68750000001
2022-04-12,2022,LSTM (2023 design),40096.366975,39544.025184,44246.08984375001
2022-04-13,2022,LSTM (2023 design),41152.755452,40096.366975,43930.64453125
2022-04-14,2022,LSTM (2023 design),39916.496384,41152.755452,43508.046875
2022-04-15,2022,LSTM (2023 design),40527.331957,39916.496384,42997.60937499999
2022-04-16,2022,LSTM (2023 design),40439.588121,40527.331957,42424.33984375
2022-04-17,2022,LSTM (2023 design),39704.78398,40439.588121,41814.6328125
2022-04-18,2022,LSTM (2023 design),40818.878603,39704.78398,41190.78515624999
2022-04-19,2022,LSTM (2023 design),41489.663801,40818.878603,40577.52734375
2022-04-20,2022,LSTM (2023 design),41395.644583,41489.663801,40000.2421875
2022-04-21,2022,LSTM (2023 design),40457.495942,41395.644583,39480.40234375
2022-04-22,2022,LSTM (2023 design),39737.973504,40457.495942,39029.65625
2022-04-23,2022,LSTM (2023 design),39582.454872,39737.973504,38648.92578125
2022-04-24,2022,LSTM (2023 design),39511.645693,39582.454872,38332.70703125
2022-04-25,2022,LSTM (2023 design),40473.748318,39511.645693,38072.66796875
2022-04-26,2022,LSTM (2023 design),38072.800874,40473.748318,37864.16796875
2022-04-27,2022,LSTM (2023 design),39218.537617,38072.800874,37692.37109375
2022-04-28,2022,LSTM (2023 design),39747.989427,39218.537617,37546.7421875
2022-04-29,2022,LSTM (2023 design),38609.505907,39747.989427,37422.3828125
2022-04-30,2022,LSTM (2023 design),37714.09498,38609.505907,37311.73828125
2022-05-01,2022,LSTM (2023 design),38459.226979,37714.09498,37204.21875
2022-05-02,2022,LSTM (2023 design),38566.062888,38459.226979,37094.03515625
2022-05-03,2022,LSTM (2023 design),37704.405315,38566.062888,36979.3515625
2022-05-04,2022,LSTM (2023 design),39641.852177,37704.405315,36857.08984375
2022-05-05,2022,LSTM (2023 design),36502.02456,39641.852177,36734.26953125
2022-05-06,2022,LSTM (2023 design),36042.999558,36502.02456,36606.24609375
2022-05-07,2022,LSTM (2023 design),35508.711023,36042.999558,36464.140625
2022-05-08,2022,LSTM (2023 design),34058.906686,35508.711023,36297.80859375
2022-05-09,2022,LSTM (2023 design),30457.921819,34058.906686,36093.21484375
2022-05-10,2022,LSTM (2023 design),30990.735166,30457.921819,35822.94140625
2022-05-11,2022,LSTM (2023 design),28796.556822,30990.735166,35466.90625
2022-05-12,2022,LSTM (2023 design),29030.707042,28796.556822,35006.3828125
2022-05-13,2022,LSTM (2023 design),29285.934672,29030.707042,34436.06640625
2022-05-14,2022,LSTM (2023 design),30051.935755,29285.934672,33764.73046875
2022-05-15,2022,LSTM (2023 design),31182.621246,30051.935755,33015.609375
2022-05-16,2022,LSTM (2023 design),29889.612476,31182.621246,32224.3359375
2022-05-17,2022,LSTM (2023 design),30438.194448,29889.612476,31423.699218750004
2022-05-18,2022,LSTM (2023 design),28771.220479,30438.194448,30645.124999999996
2022-05-19,2022,LSTM (2023 design),30257.885248,28771.220479,29909.003906249996
2022-05-20,2022,LSTM (2023 design),29224.245998,30257.885248,29235.4140625
2022-05-21,2022,LSTM (2023 design),29420.078286,29224.245998,28635.482421875
2022-05-22,2022,LSTM (2023 design),30331.875142,29420.078286,28115.349609375
2022-05-23,2022,LSTM (2023 design),29088.251542,30331.875142,27680.740234375
2022-05-24,2022,LSTM (2023 design),29643.683756,29088.251542,27329.1484375
2022-05-25,2022,LSTM (2023 design),29577.25988,29643.683756,27056.109375
2022-05-26,2022,LSTM (2023 design),29332.486047,29577.25988,26854.94921875
2022-05-27,2022,LSTM (2023 design),28612.04131,29332.486047,26716.529296875
2022-05-28,2022,LSTM (2023 design),29045.520634,28612.04131,26627.935546875
2022-05-29,2022,LSTM (2023 design),29430.06898,29045.520634,26577.681640625
2022-05-30,2022,LSTM (2023 design),31735.954972,29430.06898,26557.384765625
2022-05-31,2022,LSTM (2023 design),31831.409525,31735.954972,26569.5234375
2022-06-01,2022,LSTM (2023 design),29825.922199,31831.409525,26619.294921875
2022-06-02,2022,LSTM (2023 design),30504.268,29825.922199,26702.92578125
2022-06-03,2022,LSTM (2023 design),29662.670971,30504.268,26815.26171875
2022-06-04,2022,LSTM (2023 design),29792.407678,29662.670971,26946.4609375
2022-06-05,2022,LSTM (2023 design),29915.409301,29792.407678,27086.09765625
2022-06-06,2022,LSTM (2023 design),31333.67702,29915.409301,27225.42578125
2022-06-07,2022,LSTM (2023 design),31175.032429,31333.67702,27363.07421875
2022-06-08,2022,LSTM (2023 design),30228.464698,31175.032429,27499.943359375
2022-06-09,2022,LSTM (2023 design),30064.485529,30228.464698,27633.24609375
2022-06-10,2022,LSTM (2023 design),29070.40003,30064.485529,27758.548828125
2022-06-11,2022,LSTM (2023 design),28360.789923,29070.40003,27867.353515625
2022-06-12,2022,LSTM (2023 design),26830.283946,28360.789923,27948.455078125
2022-06-13,2022,LSTM (2023 design),22316.25704,26830.283946,27985.986328124996
2022-06-14,2022,LSTM (2023 design),22072.866309,22316.25704,27947.017578125
2022-06-15,2022,LSTM (2023 design),22520.791009,22072.866309,27801.03515625
2022-06-16,2022,LSTM (2023 design),20310.176985,22520.791009,27531.64453125
2022-06-17,2022,LSTM (2023 design),20464.929087,20310.176985,27127.082031250004
2022-06-18,2022,LSTM (2023 design),19013.867254,20464.929087,26588.714843750004
2022-06-19,2022,LSTM (2023 design),20492.295168,19013.867254,25924.56640625
2022-06-20,2022,LSTM (2023 design),20571.629225,20492.295168,25158.873046874996
2022-06-21,2022,LSTM (2023 design),20688.465131,20571.629225,24324.84375
2022-06-22,2022,LSTM (2023 design),20003.168338,20688.465131,23459.017578125004
2022-06-23,2022,LSTM (2023 design),21097.102833,20003.168338,22594.388671874996
2022-06-24,2022,LSTM (2023 design),21299.076985,21097.102833,21764.384765625004
2022-06-25,2022,LSTM (2023 design),21468.343157,21299.076985,20998.521484375
2022-06-26,2022,LSTM (2023 design),21066.620943,21468.343157,20320.294921875
2022-06-27,2022,LSTM (2023 design),20751.051696,21066.620943,19743.5546875
2022-06-28,2022,LSTM (2023 design),20263.219639,20751.051696,19272.8515625
2022-06-29,2022,LSTM (2023 design),20080.948086,20263.219639,18903.3828125
2022-06-30,2022,LSTM (2023 design),19332.912129,20080.948086,18625.298828125
2022-07-01,2022,LSTM (2023 design),19341.863124,19332.912129,18422.48828125
2022-07-02,2022,LSTM (2023 design),19231.831708,19341.863124,18277.2421875
2022-07-03,2022,LSTM (2023 design),19276.514664,19231.831708,18173.12890625
2022-07-04,2022,LSTM (2023 design),20226.298475,19276.514664,18096.623046875
2022-07-05,2022,LSTM (2023 design),20193.342794,20226.298475,18041.490234375
2022-07-06,2022,LSTM (2023 design),20560.843813,20193.342794,18004.923828125
2022-07-07,2022,LSTM (2023 design),21651.419142,20560.843813,17987.34375
2022-07-08,2022,LSTM (2023 design),21813.787124,21651.419142,17993.921875
2022-07-09,2022,LSTM (2023 design),21585.132192,21813.787124,18030.50390625
2022-07-10,2022,LSTM (2023 design),20831.273392,21585.132192,18099.869140625
2022-07-11,2022,LSTM (2023 design),19971.32947,20831.273392,18198.8046875
2022-07-12,2022,LSTM (2023 design),19339.153473,19971.32947,18317.28515625
2022-07-13,2022,LSTM (2023 design),20155.527839,19339.153473,18440.71875
2022-07-14,2022,LSTM (2023 design),20552.899029,20155.527839,18558.212890625
2022-07-15,2022,LSTM (2023 design),20831.722701,20552.899029,18663.765625
2022-07-16,2022,LSTM (2023 design),21196.509143,20831.722701,18755.865234375
2022-07-17,2022,LSTM (2023 design),20827.888609,21196.509143,18836.693359375
2022-07-18,2022,LSTM (2023 design),22305.706643,20827.888609,18908.310546875
2022-07-19,2022,LSTM (2023 design),23371.20266,22305.706643,18977.994140625
2022-07-20,2022,LSTM (2023 design),23280.935668,23371.20266,19057.427734375
2022-07-21,2022,LSTM (2023 design),23152.409311,23280.935668,19156.646484375
2022-07-22,2022,LSTM (2023 design),22706.083555,23152.409311,19281.53515625
2022-07-23,2022,LSTM (2023 design),22484.459232,22706.083555,19432.056640625
2022-07-24,2022,LSTM (2023 design),22653.357026,22484.459232,19603.1875
2022-07-25,2022,LSTM (2023 design),21510.125587,22653.357026,19788.060546875
2022-07-26,2022,LSTM (2023 design),21181.659197,21510.125587,19974.54296875
2022-07-27,2022,LSTM (2023 design),22898.415068,21181.659197,20148.666015625
2022-07-28,2022,LSTM (2023 design),23838.556884,22898.415068,20305.029296875
2022-07-29,2022,LSTM (2023 design),23950.74038,23838.556884,20446.3125
2022-07-30,2022,LSTM (2023 design),23623.434961,23950.74038,20578.357421875
2022-07-31,2022,LSTM (2023 design),23356.172222,23623.434961,20705.9453125
2022-08-01,2022,LSTM (2023 design),23331.442697,23356.172222,20831.109375
2022-08-02,2022,LSTM (2023 design),23031.426883,23331.442697,20953.755859375
2022-08-03,2022,LSTM (2023 design),22809.747442,23031.426883,21071.494140625
2022-08-04,2022,LSTM (2023 design),22628.332082,22809.747442,21180.279296875
2022-08-05,2022,LSTM (2023 design),23248.971502,22628.332082,21275.376953125
2022-08-06,2022,LSTM (2023 design),22996.275045,23248.971502,21355.302734375
2022-08-07,2022,LSTM (2023 design),23153.658471,22996.275045,21419.46875
2022-08-08,2022,LSTM (2023 design),23803.650515,23153.658471,21468.69140625
2022-08-09,2022,LSTM (2023 design),23186.291746,23803.650515,21507.048828125
2022-08-10,2022,LSTM (2023 design),23923.058483,23186.291746,21537.0234375
2022-08-11,2022,LSTM (2023 design),23934.439056,23923.058483,21562.9921875
2022-08-12,2022,LSTM (2023 design),24396.308846,23934.439056,21589.25390625
2022-08-13,2022,LSTM (2023 design),24426.222575,24396.308846,21620.92578125
2022-08-14,2022,LSTM (2023 design),24314.202132,24426.222575,21661.951171875
2022-08-15,2022,LSTM (2023 design),24083.953975,24314.202132,21714.205078125
2022-08-16,2022,LSTM (2023 design),23868.819353,24083.953975,21776.896484375
2022-08-17,2022,LSTM (2023 design),23336.348931,23868.819353,21846.62890625
2022-08-18,2022,LSTM (2023 design),23221.170603,23336.348931,21917.119140625
2022-08-19,2022,LSTM (2023 design),20906.766314,23221.170603,21981.224609375
2022-08-20,2022,LSTM (2023 design),21146.654802,20906.766314,22023.4375
2022-08-21,2022,LSTM (2023 design),21553.996172,21146.654802,22029.806640625004
2022-08-22,2022,LSTM (2023 design),21301.084058,21553.996172,21992.78515625
2022-08-23,2022,LSTM (2023 design),21534.514352,21301.084058,21909.654296874996
2022-08-24,2022,LSTM (2023 design),21424.972823,21534.514352,21783.509765625
2022-08-25,2022,LSTM (2023 design),21587.839584,21424.972823,21620.943359375
2022-08-26,2022,LSTM (2023 design),20246.165573,21587.839584,21431.478515625
2022-08-27,2022,LSTM (2023 design),20043.990949,20246.165573,21220.232421875
2022-08-28,2022,LSTM (2023 design),19673.541219,20043.990949,20990.5390625
2022-08-29,2022,LSTM (2023 design),20270.960384,19673.541219,20744.373046875
2022-08-30,2022,LSTM (2023 design),19825.463207,20270.960384,20486.9765625
2022-08-31,2022,LSTM (2023 design),20024.671606,19825.463207,20223.447265625
2022-09-01,2022,LSTM (2023 design),20105.462607,20024.671606,19960.09765625
2022-09-02,2022,LSTM (2023 design),19948.856747,20105.462607,19703.861328125
2022-09-03,2022,LSTM (2023 design),19803.83327,19948.856747,19460.681640625
2022-09-04,2022,LSTM (2023 design),19961.911891,19803.83327,19234.8359375
2022-09-05,2022,LSTM (2023 design),19797.796788,19961.911891,19029.947265625
2022-09-06,2022,LSTM (2023 design),18846.150537,19797.796788,18848.0078125
2022-09-07,2022,LSTM (2023 design),19292.907075,18846.150537,18686.048828125
2022-09-08,2022,LSTM (2023 design),19319.124851,19292.907075,18541.388671875
2022-09-09,2022,LSTM (2023 design),21363.313615,19319.124851,18412.00390625
2022-09-10,2022,LSTM (2023 design),21715.210798,21363.313615,18304.66015625
2022-09-11,2022,LSTM (2023 design),21732.770569,21715.210798,18229.1171875
2022-09-12,2022,LSTM (2023 design),22365.21456,21732.770569,18193.576171875
2022-09-13,2022,LSTM (2023 design),20165.042161,22365.21456,18205.078125
2022-09-14,2022,LSTM (2023 design),20246.366042,20165.042161,18258.47265625
2022-09-15,2022,LSTM (2023 design),19696.869866,20246.366042,18343.3203125
2022-09-16,2022,LSTM (2023 design),19741.577617,19696.869866,18445.201171875
2022-09-17,2022,LSTM (2023 design),20120.702346,19741.577617,18549.962890625
2022-09-18,2022,LSTM (2023 design),19427.100263,20120.702346,18647.4296875
2022-09-19,2022,LSTM (2023 design),19557.976958,19427.100263,18728.13671875
2022-09-20,2022,LSTM (2023 design),18872.949867,19557.976958,18785.76171875
2022-09-21,2022,LSTM (2023 design),18506.760748,18872.949867,18814.443359375
2022-09-22,2022,LSTM (2023 design),19414.539645,18506.760748,18809.34765625
2022-09-23,2022,LSTM (2023 design),19326.86482,19414.539645,18772.076171875
2022-09-24,2022,LSTM (2023 design),18924.767787,19326.86482,18707.58984375
2022-09-25,2022,LSTM (2023 design),18793.156153,18924.767787,18621.01953125
2022-09-26,2022,LSTM (2023 design),19201.131721,18793.156153,18517.1875
2022-09-27,2022,LSTM (2023 design),19106.738914,19201.131721,18402.75390625
2022-09-28,2022,LSTM (2023 design),19454.93721,19106.738914,18284.2265625
2022-09-29,2022,LSTM (2023 design),19540.866411,19454.93721,18168.8125
2022-09-30,2022,LSTM (2023 design),19435.194692,19540.866411,18063.255859375
2022-10-01,2022,LSTM (2023 design),19311.861629,19435.194692,17972.412109375
2022-10-02,2022,LSTM (2023 design),19015.292805,19311.861629,17898.69921875
2022-10-03,2022,LSTM (2023 design),19633.432586,19015.292805,17841.478515625
2022-10-04,2022,LSTM (2023 design),20339.971281,19633.432586,17801.078125
2022-10-05,2022,LSTM (2023 design),20155.099699,20339.971281,17780.359375
2022-10-06,2022,LSTM (2023 design),19950.547796,20155.099699,17781.2734375
2022-10-07,2022,LSTM (2023 design),19539.143922,19950.547796,17803.3515625
2022-10-08,2022,LSTM (2023 design),19416.177229,19539.143922,17842.73046875
2022-10-09,2022,LSTM (2023 design),19428.367132,19416.177229,17893.615234375
2022-10-10,2022,LSTM (2023 design),19154.404235,19428.367132,17949.92578125
2022-10-11,2022,LSTM (2023 design),19039.282068,19154.404235,18005.140625
2022-10-12,2022,LSTM (2023 design),19156.911565,19039.282068,18053.185546875
2022-10-13,2022,LSTM (2023 design),19387.833681,19156.911565,18089.9765625
2022-10-14,2022,LSTM (2023 design),19177.694103,19387.833681,18114.30078125
2022-10-15,2022,LSTM (2023 design),19069.874927,19177.694103,18125.896484375
2022-10-16,2022,LSTM (2023 design),19261.749788,19069.874927,18125.048828125
2022-10-17,2022,LSTM (2023 design),19557.021811,19261.749788,18113.458984375
2022-10-18,2022,LSTM (2023 design),19341.407554,19557.021811,18094.72265625
2022-10-19,2022,LSTM (2023 design),19132.154425,19341.407554,18072.060546875
2022-10-20,2022,LSTM (2023 design),19033.376024,19132.154425,18047.162109375
2022-10-21,2022,LSTM (2023 design),19174.876349,19033.376024,18020.677734375
2022-10-22,2022,LSTM (2023 design),19207.628508,19174.876349,17993.419921875
2022-10-23,2022,LSTM (2023 design),19565.412324,19207.628508,17966.3203125
2022-10-24,2022,LSTM (2023 design),19341.46021,19565.412324,17941.75390625
2022-10-25,2022,LSTM (2023 design),20094.961122,19341.46021,17921.251953125
2022-10-26,2022,LSTM (2023 design),20797.030826,20094.961122,17908.75
2022-10-27,2022,LSTM (2023 design),20280.175128,20797.030826,17910.599609375
2022-10-28,2022,LSTM (2023 design),20604.613854,20280.175128,17930.412109375
2022-10-29,2022,LSTM (2023 design),20803.899921,20604.613854,17970.494140625
2022-10-30,2022,LSTM (2023 design),20616.703377,20803.899921,18031.97265625
2022-10-31,2022,LSTM (2023 design),20490.858181,20616.703377,18113.375
2022-11-01,2022,LSTM (2023 design),20483.966531,20490.858181,18210.89453125
2022-11-02,2022,LSTM (2023 design),20148.284554,20483.966531,18319.447265625
2022-11-03,2022,LSTM (2023 design),20198.111186,20148.284554,18432.21484375
2022-11-04,2022,LSTM (2023 design),21157.244928,20198.111186,18542.56640625
2022-11-05,2022,LSTM (2023 design),21283.4716,21157.244928,18648.744140625
2022-11-06,2022,LSTM (2023 design),20946.803036,21283.4716,18751.45703125
2022-11-07,2022,LSTM (2023 design),20568.565118,20946.803036,18850.712890625
2022-11-08,2022,LSTM (2023 design),18520.971164,20568.565118,18944.52734375
2022-11-09,2022,LSTM (2023 design),15758.291282,18520.971164,19021.953125
2022-11-10,2022,LSTM (2023 design),17541.560287,15758.291282,19059.9453125
2022-11-11,2022,LSTM (2023 design),16916.850631,17541.560287,19043.87890625
2022-11-12,2022,LSTM (2023 design),16771.242672,16916.850631,18964.7890625
2022-11-13,2022,LSTM (2023 design),16320.498338,16771.242672,18820.10546875
2022-11-14,2022,LSTM (2023 design),16629.478415,16320.498338,18611.869140625
2022-11-15,2022,LSTM (2023 design),16855.593786,16629.478415,18348.470703125
2022-11-16,2022,LSTM (2023 design),16659.606335,16855.593786,18043.335937499996
2022-11-17,2022,LSTM (2023 design),16675.17902,16659.606335,17711.4453125
2022-11-18,2022,LSTM (2023 design),16661.522958,16675.17902,17367.9375
2022-11-19,2022,LSTM (2023 design),16696.004058,16661.522958,17026.78125
2022-11-20,2022,LSTM (2023 design),16246.844699,16696.004058,16700.2109375
2022-11-21,2022,LSTM (2023 design),15778.017405,16246.844699,16396.267578125
2022-11-22,2022,LSTM (2023 design),16172.889345,15778.017405,16118.225585937498
2022-11-23,2022,LSTM (2023 design),16574.06173,16172.889345,15868.48046875
2022-11-24,2022,LSTM (2023 design),16583.524345,16574.06173,15650.0458984375
2022-11-25,2022,LSTM (2023 design),16522.388777,16583.524345,15465.296875
2022-11-26,2022,LSTM (2023 design),16448.641308,16522.388777,15315.158203125
2022-11-27,2022,LSTM (2023 design),16436.070769,16448.641308,15198.6796875
2022-11-28,2022,LSTM (2023 design),16212.581416,16436.070769,15113.4990234375
2022-11-29,2022,LSTM (2023 design),16443.03682,16212.581416,15055.5
2022-11-30,2022,LSTM (2023 design),17176.898691,16443.03682,15020.7529296875
2022-12-01,2022,LSTM (2023 design),16961.291804,17176.898691,15008.255859375
2022-12-02,2022,LSTM (2023 design),17075.109137,16961.291804,15016.829101562502
2022-12-03,2022,LSTM (2023 design),16899.507383,17075.109137,15045.0859375
2022-12-04,2022,LSTM (2023 design),17121.714982,16899.507383,15090.35546875
2022-12-05,2022,LSTM (2023 design),16961.351787,17121.714982,15150.03515625
2022-12-06,2022,LSTM (2023 design),17070.515828,16961.351787,15220.5576171875
2022-12-07,2022,LSTM (2023 design),16848.251824,17070.515828,15298.470703125
2022-12-08,2022,LSTM (2023 design),17231.456322,16848.251824,15379.5908203125
2022-12-09,2022,LSTM (2023 design),17136.149001,17231.456322,15461.3525390625
2022-12-10,2022,LSTM (2023 design),17124.21468,17136.149001,15541.6044921875
2022-12-11,2022,LSTM (2023 design),17094.360659,17124.21468,15618.5380859375
2022-12-12,2022,LSTM (2023 design),17195.524996,17094.360659,15690.513671875
2022-12-13,2022,LSTM (2023 design),17774.916632,17195.524996,15756.6357421875
2022-12-14,2022,LSTM (2023 design),17809.724084,17774.916632,15818.7314453125
2022-12-15,2022,LSTM (2023 design),17344.054457,17809.724084,15879.363281250002
2022-12-16,2022,LSTM (2023 design),16606.110175,17344.054457,15938.9169921875
2022-12-17,2022,LSTM (2023 design),16774.38537,16606.110175,15993.705078125
2022-12-18,2022,LSTM (2023 design),16776.115925,16774.38537,16039.7763671875
2022-12-19,2022,LSTM (2023 design),16424.131386,16776.115925,16073.912109375
2022-12-20,2022,LSTM (2023 design),16901.816936,16424.131386,16092.7705078125
2022-12-21,2022,LSTM (2023 design),16800.532971,16901.816936,16096.0595703125
2022-12-22,2022,LSTM (2023 design),16814.222579,16800.532971,16084.96875
2022-12-23,2022,LSTM (2023 design),16780.51698,16814.222579,16061.7509765625
2022-12-24,2022,LSTM (2023 design),16837.61217,16780.51698,16029.10546875
2022-12-25,2022,LSTM (2023 design),16824.838974,16837.61217,15990.0703125
2022-12-26,2022,LSTM (2023 design),16879.938227,16824.838974,15947.601562500002
2022-12-27,2022,LSTM (2023 design),16698.911271,16879.938227,15904.5712890625
2022-12-28,2022,LSTM (2023 design),16536.2942,16698.911271,15862.6796875
2022-12-29,2022,LSTM (2023 design),16630.593155,16536.2942,15822.3369140625
2022-12-30,2022,LSTM (2023 design),16593.688829,16630.593155,15783.7919921875
2022-12-31,2022,LSTM (2023 design),16524.217802,16593.688829,15747.0947265625
2023-01-01,2023,LSTM (2023 design),16606.752043,16524.217802,16822.845703125
2023-01-02,2023,LSTM (2023 design),16688.719273,16606.752043,16792.833984375
2023-01-03,2023,LSTM (2023 design),16670.077384,16688.719273,16762.533203125
2023-01-04,2023,LSTM (2023 design),16848.366039,16670.077384,16732.720703125
2023-01-05,2023,LSTM (2023 design),16824.800183,16848.366039,16704.609375
2023-01-06,2023,LSTM (2023 design),16957.862274,16824.800183,16679.291015625
2023-01-07,2023,LSTM (2023 design),16942.628589,16957.862274,16658.009765625
2023-01-08,2023,LSTM (2023 design),17059.239944,16942.628589,16641.638671875
2023-01-09,2023,LSTM (2023 design),17182.319852,17059.239944,16631.00390625
2023-01-10,2023,LSTM (2023 design),17433.914632,17182.319852,16626.978515625
2023-01-11,2023,LSTM (2023 design),17833.710766,17433.914632,16630.69140625
2023-01-12,2023,LSTM (2023 design),18869.704484,17833.710766,16644.083984375
2023-01-13,2023,LSTM (2023 design),19868.724745,18869.704484,16671.56640625
2023-01-14,2023,LSTM (2023 design),21010.92272,19868.724745,16720.037109375
2023-01-15,2023,LSTM (2023 design),20876.008556,21010.92272,16798.685546875
2023-01-16,2023,LSTM (2023 design),21180.411949,20876.008556,16914.630859375
2023-01-17,2023,LSTM (2023 design),21178.299396,21180.411949,17072.203125
2023-01-18,2023,LSTM (2023 design),20709.668604,21178.299396,17272.03125
2023-01-19,2023,LSTM (2023 design),21071.833415,20709.668604,17509.892578125
2023-01-20,2023,LSTM (2023 design),22660.716942,21071.833415,17779.50390625
2023-01-21,2023,LSTM (2023 design),22803.172762,22660.716942,18077.734375
2023-01-22,2023,LSTM (2023 design),22716.277197,22803.172762,18402.078125
2023-01-23,2023,LSTM (2023 design),22929.024894,22716.277197,18748.86328125
2023-01-24,2023,LSTM (2023 design),22611.126879,22929.024894,19113.66015625
2023-01-25,2023,LSTM (2023 design),23109.084519,22611.126879,19490.111328125
2023-01-26,2023,LSTM (2023 design),23008.689477,23109.084519,19872.359375
2023-01-27,2023,LSTM (2023 design),23070.496458,23008.689477,20254.330078125
2023-01-28,2023,LSTM (2023 design),23008.809465,23070.496458,20630.240234375
2023-01-29,2023,LSTM (2023 design),23774.996368,23008.809465,20994.5390625
2023-01-30,2023,LSTM (2023 design),22799.427262,23774.996368,21344.50390625
2023-01-31,2023,LSTM (2023 design),23130.051913,22799.427262,21675.76171875
2023-02-01,2023,LSTM (2023 design),23727.202608,23130.051913,21984.919921875
2023-02-02,2023,LSTM (2023 design),23505.604843,23727.202608,22271.2109375
2023-02-03,2023,LSTM (2023 design),23445.813177,23505.604843,22534.46875
2023-02-04,2023,LSTM (2023 design),23355.524386,23445.813177,22774.7421875
2023-02-05,2023,LSTM (2023 design),22957.225191,23355.524386,22992.041015625
2023-02-06,2023,LSTM (2023 design),22745.165037,22957.225191,23185.388671875
2023-02-07,2023,LSTM (2023 design),23266.269204,22745.165037,23353.30078125
2023-02-08,2023,LSTM (2023 design),22937.579945,23266.269204,23496.228515624996
2023-02-09,2023,LSTM (2023 design),21818.198946,22937.579945,23614.804687499996
2023-02-10,2023,LSTM (2023 design),21620.566784,21818.198946,23706.900390625
2023-02-11,2023,LSTM (2023 design),21864.862641,21620.566784,23769.767578125004
2023-02-12,2023,LSTM (2023 design),21772.137325,21864.862641,23802.392578125
2023-02-13,2023,LSTM (2023 design),21798.715717,21772.137325,23805.265625000004
2023-02-14,2023,LSTM (2023 design),22222.415044,21798.715717,23780.505859375
2023-02-15,2023,LSTM (2023 design),24304.612983,22222.415044,23732.638671875
2023-02-16,2023,LSTM (2023 design),23742.448835,24304.612983,23673.15234375
2023-02-17,2023,LSTM (2023 design),24607.335605,23742.448835,23613.19921875
2023-02-18,2023,LSTM (2023 design),24636.526613,24607.335605,23564.505859375
2023-02-19,2023,LSTM (2023 design),24366.990761,24636.526613,23536.65234375
2023-02-20,2023,LSTM (2023 design),24797.843036,24366.990761,23535.177734375
2023-02-21,2023,LSTM (2023 design),24400.38939,24797.843036,23563.31640625
2023-02-22,2023,LSTM (2023 design),24163.738981,24400.38939,23620.482421875
2023-02-23,2023,LSTM (2023 design),23910.03421,24163.738981,23702.822265625
2023-02-24,2023,LSTM (2023 design),23175.824204,23910.03421,23804.064453125
2023-02-25,2023,LSTM (2023 design),23159.81544,23175.824204,23915.046874999996
2023-02-26,2023,LSTM (2023 design),23542.096428,23159.81544,24026.4921875
2023-02-27,2023,LSTM (2023 design),23504.189418,23542.096428,24131.587890625
2023-02-28,2023,LSTM (2023 design),23145.949128,23504.189418,24225.603515625004
2023-03-01,2023,LSTM (2023 design),23610.65909,23145.949128,24304.6640625
2023-03-02,2023,LSTM (2023 design),23470.025482,23610.65909,24367.666015625
2023-03-03,2023,LSTM (2023 design),22350.096234,23470.025482,24414.78125
2023-03-04,2023,LSTM (2023 design),22334.285264,22350.096234,24443.859375000004
2023-03-05,2023,LSTM (2023 design),22419.817139,22334.285264,24452.759765625
2023-03-06,2023,LSTM (2023 design),22414.703306,22419.817139,24440.585937500004
2023-03-07,2023,LSTM (2023 design),22174.648473,22414.703306,24407.8125
2023-03-08,2023,LSTM (2023 design),21701.384623,22174.648473,24355.466796875
2023-03-09,2023,LSTM (2023 design),20349.814173,21701.384623,24284.08984375
2023-03-10,2023,LSTM (2023 design),20240.406695,20349.814173,24190.876953125
2023-03-11,2023,LSTM (2023 design),20585.234329,20240.406695,24072.865234375
2023-03-12,2023,LSTM (2023 design),22065.980036,20585.234329,23929.625
2023-03-13,2023,LSTM (2023 design),24154.429095,22065.980036,23767.1484375
2023-03-14,2023,LSTM (2023 design),24769.017569,24154.429095,23599.841796875
2023-03-15,2023,LSTM (2023 design),24409.801752,24769.017569,23445.255859375
2023-03-16,2023,LSTM (2023 design),25043.238847,24409.801752,23318.28125
2023-03-17,2023,LSTM (2023 design),27450.628293,25043.238847,23231.177734375
2023-03-18,2023,LSTM (2023 design),26985.735992,27450.628293,23198.646484375
2023-03-19,2023,LSTM (2023 design),28185.204332,26985.735992,23230.498046875
2023-03-20,2023,LSTM (2023 design),27834.336109,28185.204332,23333.982421875
2023-03-21,2023,LSTM (2023 design),28172.795056,27834.336109,23510.158203125
2023-03-22,2023,LSTM (2023 design),27341.55713,28172.795056,23755.4921875
2023-03-23,2023,LSTM (2023 design),28387.88975,27341.55713,24059.755859375
2023-03-24,2023,LSTM (2023 design),27464.124945,28387.88975,24411.029296875
2023-03-25,2023,LSTM (2023 design),27488.95488,27464.124945,24794.40234375
2023-03-26,2023,LSTM (2023 design),28049.391691,27488.95488,25194.58984375
2023-03-27,2023,LSTM (2023 design),27154.99637,28049.391691,25598.88671875
2023-03-28,2023,LSTM (2023 design),27283.963403,27154.99637,25994.2265625
2023-03-29,2023,LSTM (2023 design),28389.291778,27283.963403,26369.568359375
2023-03-30,2023,LSTM (2023 design),28021.558301,28389.291778,26719.560546875
2023-03-31,2023,LSTM (2023 design),28514.681306,28021.558301,27040.9765625
2023-04-01,2023,LSTM (2023 design),28494.563886,28514.681306,27333.611328125
2023-04-02,2023,LSTM (2023 design),28161.998036,28494.563886,27598.64453125
2023-04-03,2023,LSTM (2023 design),27850.979944,28161.998036,27836.900390625
2023-04-04,2023,LSTM (2023 design),28113.958519,27850.979944,28048.30078125
2023-04-05,2023,LSTM (2023 design),28190.311606,28113.958519,28233.5234375
2023-04-06,2023,LSTM (2023 design),28049.074476,28190.311606,28393.95703125
2023-04-07,2023,LSTM (2023 design),27936.804261,28049.074476,28531.041015625
2023-04-08,2023,LSTM (2023 design),27964.05125,27936.804261,28646.025390625
2023-04-09,2023,LSTM (2023 design),28357.80727,27964.05125,28740.400390625004
2023-04-10,2023,LSTM (2023 design),29687.565185,28357.80727,28816.966796875
2023-04-11,2023,LSTM (2023 design),30247.095919,29687.565185,28882.5234375
2023-04-12,2023,LSTM (2023 design),29913.003546,30247.095919,28945.56640625
2023-04-13,2023,LSTM (2023 design),30370.822072,29913.003546,29012.666015625
2023-04-14,2023,LSTM (2023 design),30458.970041,30370.822072,29089.212890625
2023-04-15,2023,LSTM (2023 design),30342.059108,30458.970041,29178.693359375
2023-04-16,2023,LSTM (2023 design),30312.930853,30342.059108,29282.0546875
2023-04-17,2023,LSTM (2023 design),29469.505073,30312.930853,29398.150390625
2023-04-18,2023,LSTM (2023 design),30366.872381,29469.505073,29522.115234374996
2023-04-19,2023,LSTM (2023 design),28796.744095,30366.872381,29650.369140625
2023-04-20,2023,LSTM (2023 design),28251.276379,28796.744095,29775.6484375
2023-04-21,2023,LSTM (2023 design),27292.021105,28251.276379,29889.074218750004
2023-04-22,2023,LSTM (2023 design),27827.547592,27292.021105,29980.24609375
2023-04-23,2023,LSTM (2023 design),27604.685574,27827.547592,30042.240234375004
2023-04-24,2023,LSTM (2023 design),27520.199673,27604.685574,30071.04296875
2023-04-25,2023,LSTM (2023 design),28302.694218,27520.199673,30065.55859375
2023-04-26,2023,LSTM (2023 design),28384.234033,28302.694218,30029.54296875
2023-04-27,2023,LSTM (2023 design),29465.551427,28384.234033,29969.330078124996
2023-04-28,2023,LSTM (2023 design),29350.811887,29465.551427,29895.138671875004
2023-04-29,2023,LSTM (2023 design),29221.514508,29350.811887,29816.98828125
2023-04-30,2023,LSTM (2023 design),29362.086797,29221.514508,29742.935546875
2023-05-01,2023,LSTM (2023 design),28114.953187,29362.086797,29679.148437499996
2023-05-02,2023,LSTM (2023 design),28690.580996,28114.953187,29626.265625
2023-05-03,2023,LSTM (2023 design),29045.042774,28690.580996,29584.037109375004
2023-05-04,2023,LSTM (2023 design),28855.857447,29045.042774,29552.466796874996
2023-05-05,2023,LSTM (2023 design),29552.969524,28855.857447,29530.830078125004
2023-05-06,2023,LSTM (2023 design),28899.46296,29552.969524,29519.87109375
2023-05-07,2023,LSTM (2023 design),28761.738434,28899.46296,29518.57421875
2023-05-08,2023,LSTM (2023 design),27727.285409,28761.738434,29524.777343750004
2023-05-09,2023,LSTM (2023 design),27642.428109,27727.285409,29533.242187499996
2023-05-10,2023,LSTM (2023 design),27646.004902,27642.428109,29538.142578125
2023-05-11,2023,LSTM (2023 design),26986.271066,27646.004902,29534.701171875
2023-05-12,2023,LSTM (2023 design),26773.344359,26986.271066,29517.851562499996
2023-05-13,2023,LSTM (2023 design),26841.398291,26773.344359,29483.421874999996
2023-05-14,2023,LSTM (2023 design),26918.261598,26841.398291,29429.2890625
2023-05-15,2023,LSTM (2023 design),27231.621605,26918.261598,29355.607421875
2023-05-16,2023,LSTM (2023 design),27025.718186,27231.621605,29265.238281250004
2023-05-17,2023,LSTM (2023 design),27401.044061,27025.718186,29161.798828125
2023-05-18,2023,LSTM (2023 design),26843.235094,27401.044061,29050.390625
2023-05-19,2023,LSTM (2023 design),26889.503632,26843.235094,28934.730468749996
2023-05-20,2023,LSTM (2023 design),27100.858288,26889.503632,28817.921875
2023-05-21,2023,LSTM (2023 design),26777.097783,27100.858288,28703.1796875
2023-05-22,2023,LSTM (2023 design),26858.737064,26777.097783,28592.46875
2023-05-23,2023,LSTM (2023 design),27226.855876,26858.737064,28487.265625
2023-05-24,2023,LSTM (2023 design),26341.430645,27226.855876,28389.726562500004
2023-05-25,2023,LSTM (2023 design),26484.835923,26341.430645,28299.33984375
2023-05-26,2023,LSTM (2023 design),26720.383807,26484.835923,28215.1015625
2023-05-27,2023,LSTM (2023 design),26854.54037,26720.383807,28136.66796875
2023-05-28,2023,LSTM (2023 design),28097.521126,26854.54037,28064.37890625
2023-05-29,2023,LSTM (2023 design),27765.072869,28097.521126,28002.291015625
2023-05-30,2023,LSTM (2023 design),27712.491584,27765.072869,27954.003906250004
2023-05-31,2023,LSTM (2023 design),27217.683258,27712.491584,27921.855468749996
2023-06-01,2023,LSTM (2023 design),26825.371345,27217.683258,27905.386718750004
2023-06-02,2023,LSTM (2023 design),27255.227994,26825.371345,27901.488281249996
2023-06-03,2023,LSTM (2023 design),27079.408464,27255.227994,27907.41015625
2023-06-04,2023,LSTM (2023 design),27158.25457,27079.408464,27920.080078125
2023-06-05,2023,LSTM (2023 design),25785.851484,27158.25457,27936.941406250004
2023-06-06,2023,LSTM (2023 design),27213.770519,25785.851484,27952.02734375
2023-06-07,2023,LSTM (2023 design),26339.579029,27213.770519,27963.291015624996
2023-06-08,2023,LSTM (2023 design),26521.693601,26339.579029,27968.13671875
2023-06-09,2023,LSTM (2023 design),26470.677578,26521.693601,27965.109375
2023-06-10,2023,LSTM (2023 design),25863.213851,26470.677578,27953.55859375
2023-06-11,2023,LSTM (2023 design),25906.828152,25863.213851,27931.958984375
2023-06-12,2023,LSTM (2023 design),25906.751935,25906.828152,27899.234375000004
2023-06-13,2023,LSTM (2023 design),25880.859973,25906.751935,27855.240234374996
2023-06-14,2023,LSTM (2023 design),25097.58538,25880.859973,27800.603515625
2023-06-15,2023,LSTM (2023 design),25559.143329,25097.58538,27734.494140625
2023-06-16,2023,LSTM (2023 design),26331.820094,25559.143329,27657.613281249996
2023-06-17,2023,LSTM (2023 design),26514.17135,26331.820094,27573.7890625
2023-06-18,2023,LSTM (2023 design),26353.962683,26514.17135,27488.363281249996
2023-06-19,2023,LSTM (2023 design),26778.063442,26353.962683,27406.097656249996
2023-06-20,2023,LSTM (2023 design),28305.420457,26778.063442,27332.003906249996
2023-06-21,2023,LSTM (2023 design),30099.515351,28305.420457,27274.38671875
2023-06-22,2023,LSTM (2023 design),29952.511287,30099.515351,27245.609375
2023-06-23,2023,LSTM (2023 design),30638.353764,29952.511287,27255.837890625
2023-06-24,2023,LSTM (2023 design),30549.016287,30638.353764,27312.9453125
2023-06-25,2023,LSTM (2023 design),30467.440371,30549.016287,27420.248046875
2023-06-26,2023,LSTM (2023 design),30255.886124,30467.440371,27576.283203125
2023-06-27,2023,LSTM (2023 design),30667.076295,30255.886124,27775.083984375
2023-06-28,2023,LSTM (2023 design),30104.043272,30667.076295,28009.076171875
2023-06-29,2023,LSTM (2023 design),30460.792978,30104.043272,28267.91796875
2023-06-30,2023,LSTM (2023 design),30484.503258,30460.792978,28541.54296875
2023-07-01,2023,LSTM (2023 design),30581.688966,30484.503258,28820.587890625
2023-07-02,2023,LSTM (2023 design),30594.216474,30581.688966,29097.06640625
2023-07-03,2023,LSTM (2023 design),31135.357599,30594.216474,29364.390625
2023-07-04,2023,LSTM (2023 design),30799.947456,31135.357599,29618.810546875
2023-07-05,2023,LSTM (2023 design),30497.822128,30799.947456,29857.1875
2023-07-06,2023,LSTM (2023 design),29979.729809,30497.822128,30076.38671875
2023-07-07,2023,LSTM (2023 design),30329.882979,29979.729809,30272.535156249996
2023-07-08,2023,LSTM (2023 design),30263.619634,30329.882979,30443.458984375
2023-07-09,2023,LSTM (2023 design),30163.221056,30263.619634,30588.271484374996
2023-07-10,2023,LSTM (2023 design),30394.655581,30163.221056,30707.003906249996
2023-07-11,2023,LSTM (2023 design),30616.247094,30394.655581,30801.289062500004
2023-07-12,2023,LSTM (2023 design),30385.608785,30616.247094,30874.203125
2023-07-13,2023,LSTM (2023 design),31434.73547,30385.608785,30928.7421875
2023-07-14,2023,LSTM (2023 design),30310.67202,31434.73547,30970.611328125
2023-07-15,2023,LSTM (2023 design),30290.890596,30310.67202,31002.634765625
2023-07-16,2023,LSTM (2023 design),30249.772966,30290.890596,31026.318359375
2023-07-17,2023,LSTM (2023 design),30143.746274,30249.772966,31042.421874999996
2023-07-18,2023,LSTM (2023 design),29835.747408,30143.746274,31051.171875
2023-07-19,2023,LSTM (2023 design),29913.029465,29835.747408,31051.97265625
2023-07-20,2023,LSTM (2023 design),29805.606571,29913.029465,31044.509765625
2023-07-21,2023,LSTM (2023 design),29919.693492,29805.606571,31028.67578125
2023-07-22,2023,LSTM (2023 design),29726.009627,29919.693492,31005.109375
2023-07-23,2023,LSTM (2023 design),30066.572448,29726.009627,30974.458984374996
2023-07-24,2023,LSTM (2023 design),29178.359704,30066.572448,30938.558593749996
2023-07-25,2023,LSTM (2023 design),29221.254853,29178.359704,30897.208984375
2023-07-26,2023,LSTM (2023 design),29361.591758,29221.254853,30850.005859375
2023-07-27,2023,LSTM (2023 design),29201.686518,29361.591758,30797.244140625
2023-07-28,2023,LSTM (2023 design),29316.313075,29201.686518,30739.34375
2023-07-29,2023,LSTM (2023 design),29360.376179,29316.313075,30677.40234375
2023-07-30,2023,LSTM (2023 design),29262.836734,29360.376179,30612.998046875
2023-07-31,2023,LSTM (2023 design),29219.820189,29262.836734,30547.634765625
2023-08-01,2023,LSTM (2023 design),29499.587539,29219.820189,30482.601562499996
2023-08-02,2023,LSTM (2023 design),29143.151962,29499.587539,30419.802734374996
2023-08-03,2023,LSTM (2023 design),29192.344862,29143.151962,30360.14453125
2023-08-04,2023,LSTM (2023 design),29057.253244,29192.344862,30304.169921874996
2023-08-05,2023,LSTM (2023 design),29053.095698,29057.253244,30251.87890625
2023-08-06,2023,LSTM (2023 design),29048.043328,29053.095698,30203.056640624996
2023-08-07,2023,LSTM (2023 design),29164.358587,29048.043328,30157.455078125
2023-08-08,2023,LSTM (2023 design),29779.511384,29164.358587,30115.191406249996
2023-08-09,2023,LSTM (2023 design),29582.944238,29779.511384,30078.162109375
2023-08-10,2023,LSTM (2023 design),29430.159912,29582.944238,30047.9375
2023-08-11,2023,LSTM (2023 design),29399.78474,29430.159912,30025.078125
2023-08-12,2023,LSTM (2023 design),29415.733902,29399.78474,30009.4375
2023-08-13,2023,LSTM (2023 design),29286.117611,29415.733902,30000.406250000004
2023-08-14,2023,LSTM (2023 design),29408.971713,29286.117611,29996.734374999996
2023-08-15,2023,LSTM (2023 design),29167.597217,29408.971713,29997.347656249996
2023-08-16,2023,LSTM (2023 design),28754.292408,29167.597217,30000.630859375004
2023-08-17,2023,LSTM (2023 design),26660.562726,28754.292408,30003.875000000004
2023-08-18,2023,LSTM (2023 design),26037.365847,26660.562726,29998.681640625
2023-08-19,2023,LSTM (2023 design),26093.981808,26037.365847,29974.69921875
2023-08-20,2023,LSTM (2023 design),26176.472164,26093.981808,29923.677734374996
2023-08-21,2023,LSTM (2023 design),26128.905016,26176.472164,29841.021484374996
2023-08-22,2023,LSTM (2023 design),25978.209691,26128.905016,29725.759765625004
2023-08-23,2023,LSTM (2023 design),26452.193588,25978.209691,29579.611328124996
2023-08-24,2023,LSTM (2023 design),26126.794333,26452.193588,29407.912109375
2023-08-25,2023,LSTM (2023 design),26040.881255,26126.794333,29216.873046875004
2023-08-26,2023,LSTM (2023 design),26006.17408,26040.881255,29012.906250000004
2023-08-27,2023,LSTM (2023 design),26086.361259,26006.17408,28802.19140625
2023-08-28,2023,LSTM (2023 design),26103.276573,26086.361259,28590.710937500004
2023-08-29,2023,LSTM (2023 design),27672.222131,26103.276573,28383.841796875
2023-08-30,2023,LSTM (2023 design),27298.99778,27672.222131,28190.5625
2023-08-31,2023,LSTM (2023 design),25954.866594,27298.99778,28018.453124999996
2023-09-01,2023,LSTM (2023 design),25802.78853,25954.866594,27869.191406250004
2023-09-02,2023,LSTM (2023 design),25868.296098,25802.78853,27741.052734375
2023-09-03,2023,LSTM (2023 design),25962.547569,25868.296098,27630.998046875
2023-09-04,2023,LSTM (2023 design),25799.525687,25962.547569,27535.94921875
2023-09-05,2023,LSTM (2023 design),25782.36222,25799.525687,27452.681640625
2023-09-06,2023,LSTM (2023 design),25754.790268,25782.36222,27378.314453125
2023-09-07,2023,LSTM (2023 design),26210.604564,25754.790268,27310.494140625
2023-09-08,2023,LSTM (2023 design),25904.698213,26210.604564,27248.792968749996
2023-09-09,2023,LSTM (2023 design),25894.620598,25904.698213,27192.705078125
2023-09-10,2023,LSTM (2023 design),25831.46478,25894.620598,27141.806640625
2023-09-11,2023,LSTM (2023 design),25135.039378,25831.46478,27095.578125
2023-09-12,2023,LSTM (2023 design),25859.701807,25135.039378,27051.566406250004
2023-09-13,2023,LSTM (2023 design),26226.866752,25859.701807,27009.146484374996
2023-09-14,2023,LSTM (2023 design),26556.056943,26226.866752,26969.556640624996
2023-09-15,2023,LSTM (2023 design),26672.616082,26556.056943,26935.515625000004
2023-09-16,2023,LSTM (2023 design),26555.636103,26672.616082,26910.03515625
2023-09-17,2023,LSTM (2023 design),26502.432119,26555.636103,26895.18359375
2023-09-18,2023,LSTM (2023 design),26764.631906,26502.432119,26891.787109375
2023-09-19,2023,LSTM (2023 design),27215.050485,26764.631906,26900.35546875
2023-09-20,2023,LSTM (2023 design),27133.403724,27215.050485,26921.98828125
2023-09-21,2023,LSTM (2023 design),26571.595292,27133.403724,26957.0390625
2023-09-22,2023,LSTM (2023 design),26581.147612,26571.595292,27003.404296875
2023-09-23,2023,LSTM (2023 design),26575.776387,26581.147612,27057.878906250004
2023-09-24,2023,LSTM (2023 design),26286.641049,26575.776387,27117.013671874996
2023-09-25,2023,LSTM (2023 design),26288.809501,26286.641049,27176.699218750004
2023-09-26,2023,LSTM (2023 design),26194.537888,26288.809501,27233.22265625
2023-09-27,2023,LSTM (2023 design),26336.082597,26194.537888,27283.40234375
2023-09-28,2023,LSTM (2023 design),27033.425442,26336.082597,27325.369140624996
2023-09-29,2023,LSTM (2023 design),26911.251474,27033.425442,27360.2578125
2023-09-30,2023,LSTM (2023 design),26977.693313,26911.251474,27389.96484375
2023-10-01,2023,LSTM (2023 design),27950.145359,26977.693313,27416.693359375
2023-10-02,2023,LSTM (2023 design),27565.889295,27950.145359,27445.076171875
2023-10-03,2023,LSTM (2023 design),27439.142239,27565.889295,27478.609375
2023-10-04,2023,LSTM (2023 design),27797.251177,27439.142239,27519.082031250004
2023-10-05,2023,LSTM (2023 design),27426.345093,27797.251177,27567.9296875
2023-10-06,2023,LSTM (2023 design),27941.963376,27426.345093,27624.597656249996
2023-10-07,2023,LSTM (2023 design),27972.75157,27941.963376,27688.94921875
2023-10-08,2023,LSTM (2023 design),27936.326116,27972.75157,27760.580078125
2023-10-09,2023,LSTM (2023 design),27591.346762,27936.326116,27838.513671875
2023-10-10,2023,LSTM (2023 design),27419.79718,27591.346762,27920.328124999996
2023-10-11,2023,LSTM (2023 design),26828.172571,27419.79718,28002.638671875
2023-10-12,2023,LSTM (2023 design),26741.340599,26828.172571,28080.421875
2023-10-13,2023,LSTM (2023 design),26842.44677,26741.340599,28148.642578125
2023-10-14,2023,LSTM (2023 design),26861.989238,26842.44677,28203.640625
2023-10-15,2023,LSTM (2023 design),27130.306709,26861.989238,28243.318359375
2023-10-16,2023,LSTM (2023 design),28506.793674,27130.306709,28267.826171875004
2023-10-17,2023,LSTM (2023 design),28433.205152,28506.793674,28282.50390625
2023-10-18,2023,LSTM (2023 design),28328.07502,28433.205152,28293.767578125
2023-10-19,2023,LSTM (2023 design),28690.358041,28328.07502,28307.134765625
2023-10-20,2023,LSTM (2023 design),29704.985367,28690.358041,28327.59375
2023-10-21,2023,LSTM (2023 design),29922.546404,29704.985367,28361.26171875
2023-10-22,2023,LSTM (2023 design),29984.15932,29922.546404,28413.46484375
2023-10-23,2023,LSTM (2023 design),32954.169048,29984.15932,28487.482421875
2023-10-24,2023,LSTM (2023 design),33880.956654,32954.169048,28592.05859375
2023-10-25,2023,LSTM (2023 design),34488.658921,33880.956654,28737.027343749996
2023-10-26,2023,LSTM (2023 design),34181.492252,34488.658921,28930.4453125
2023-10-27,2023,LSTM (2023 design),33896.938528,34181.492252,29174.96484375
2023-10-28,2023,LSTM (2023 design),34091.589033,33896.938528,29467.2578125
2023-10-29,2023,LSTM (2023 design),34574.337721,34091.589033,29800.125
2023-10-30,2023,LSTM (2023 design),34495.105021,34574.337721,30164.91015625
2023-10-31,2023,LSTM (2023 design),34636.426474,34495.105021,30551.46484375
2023-11-01,2023,LSTM (2023 design),35431.979453,34636.426474,30949.458984375
2023-11-02,2023,LSTM (2023 design),34882.917337,35431.979453,31350.8984375
2023-11-03,2023,LSTM (2023 design),34708.22188,34882.917337,31747.400390625
2023-11-04,2023,LSTM (2023 design),35091.076306,34708.22188,32130.61328125
2023-11-05,2023,LSTM (2023 design),35105.042027,35091.076306,32494.185546875
2023-11-06,2023,LSTM (2023 design),35017.715148,35105.042027,32833.33984375
2023-11-07,2023,LSTM (2023 design),35418.47689,35017.715148,33144.45703125
2023-11-08,2023,LSTM (2023 design),35797.894609,35418.47689,33426.265625
2023-11-09,2023,LSTM (2023 design),36675.326433,35797.894609,33679.8515625
2023-11-10,2023,LSTM (2023 design),37367.494372,36675.326433,33909.64453125
2023-11-11,2023,LSTM (2023 design),36979.931241,37367.494372,34122.37890625
2023-11-12,2023,LSTM (2023 design),37053.341051,36979.931241,34323.19140625
2023-11-13,2023,LSTM (2023 design),36543.268087,37053.341051,34515.6328125
2023-11-14,2023,LSTM (2023 design),35590.683565,36543.268087,34700.19921875
2023-11-15,2023,LSTM (2023 design),37840.553489,35590.683565,34873.14453125
2023-11-16,2023,LSTM (2023 design),36160.404451,37840.553489,35035.9609375
2023-11-17,2023,LSTM (2023 design),36569.712053,36160.404451,35186.71484375
2023-11-18,2023,LSTM (2023 design),36577.424962,36569.712053,35323.890625
2023-11-19,2023,LSTM (2023 design),37442.728512,36577.424962,35446.42578125
2023-11-20,2023,LSTM (2023 design),37516.050371,37442.728512,35556.1484375
2023-11-21,2023,LSTM (2023 design),36035.033086,37516.050371,35655.84765625
2023-11-22,2023,LSTM (2023 design),37403.034717,36035.033086,35744.12890625
2023-11-23,2023,LSTM (2023 design),37311.719216,37403.034717,35822.33203125
2023-11-24,2023,LSTM (2023 design),37718.784163,37311.719216,35892.234375
2023-11-25,2023,LSTM (2023 design),37800.126093,37718.784163,35956.625
2023-11-26,2023,LSTM (2023 design),37482.705526,37800.126093,36018.33984375
2023-11-27,2023,LSTM (2023 design),37229.24522,37482.705526,36078.6484375
2023-11-28,2023,LSTM (2023 design),37828.465591,37229.24522,36137.14453125
2023-11-29,2023,LSTM (2023 design),37846.853123,37828.465591,36194.41015625
2023-11-30,2023,LSTM (2023 design),37712.711479,37846.853123,36251.0390625
2023-12-01,2023,LSTM (2023 design),38703.553682,37712.711479,36307.01171875
2023-12-02,2023,LSTM (2023 design),39462.279927,38703.553682,36364.66796875
2023-12-03,2023,LSTM (2023 design),39978.22261,39462.279927,36428.48046875
2023-12-04,2023,LSTM (2023 design),41910.299482,39978.22261,36503.69140625
2023-12-05,2023,LSTM (2023 design),44067.005476,41910.299482,36599.16015625
2023-12-06,2023,LSTM (2023 design),43745.834391,44067.005476,36727.7421875
2023-12-07,2023,LSTM (2023 design),43282.618226,43745.834391,36898.53515625
2023-12-08,2023,LSTM (2023 design),44205.052209,43282.618226,37114.09375
2023-12-09,2023,LSTM (2023 design),43740.006393,44205.052209,37374.0625
2023-12-10,2023,LSTM (2023 design),43732.71209,43740.006393,37672.96484375
2023-12-11,2023,LSTM (2023 design),41209.89479,43732.71209,38002.07421875
2023-12-12,2023,LSTM (2023 design),41467.27357,41209.89479,38343.96875
2023-12-13,2023,LSTM (2023 design),42939.060758,41467.27357,38680.87109375
2023-12-14,2023,LSTM (2023 design),43033.137156,42939.060758,39001.33203125
2023-12-15,2023,LSTM (2023 design),41978.09702,43033.137156,39298.2421875
2023-12-16,2023,LSTM (2023 design),42203.214045,41978.09702,39564.6875
2023-12-17,2023,LSTM (2023 design),41428.665786,42203.214045,39796.27734375
2023-12-18,2023,LSTM (2023 design),42635.733191,41428.665786,39988.7890625
2023-12-19,2023,LSTM (2023 design),42271.863026,42635.733191,40143.34375
2023-12-20,2023,LSTM (2023 design),43605.155555,42271.863026,40262.55859375
2023-12-21,2023,LSTM (2023 design),43870.238234,43605.155555,40353.94140625
2023-12-22,2023,LSTM (2023 design),44009.501655,43870.238234,40426.58203125
2023-12-23,2023,LSTM (2023 design),43768.806752,44009.501655,40489.171875
2023-12-24,2023,LSTM (2023 design),43097.809326,43768.806752,40547.98046875
2023-12-25,2023,LSTM (2023 design),43623.750403,43097.809326,40605.203125
2023-12-26,2023,LSTM (2023 design),42491.122908,43623.750403,40662.39453125
2023-12-27,2023,LSTM (2023 design),43436.959427,42491.122908,40716.9765625
2023-12-28,2023,LSTM (2023 design),42670.679718,43436.959427,40768.08203125
2023-12-29,2023,LSTM (2023 design),41998.603344,42670.679718,40813.203125
2023-12-30,2023,LSTM (2023 design),42204.491774,41998.603344,40848.0234375
2023-12-31,2023,LSTM (2023 design),42217.158791,42204.491774,40869.3984375
2024-01-01,2024,LSTM (2023 design),44049.473553,42217.158791,42198.41015625
2024-01-02,2024,LSTM (2023 design),44941.160494,44049.473553,42162.0
2024-01-03,2024,LSTM (2023 design),42773.651542,44941.160494,42131.76953125
2024-01-04,2024,LSTM (2023 design),44250.745267,42773.651542,42111.16015625
2024-01-05,2024,LSTM (2023 design),44146.322202,44250.745267,42106.55078125
2024-01-06,2024,LSTM (2023 design),43917.979815,44146.322202,42121.78125
2024-01-07,2024,LSTM (2023 design),43844.19595,43917.979815,42156.83984375
2024-01-08,2024,LSTM (2023 design),46981.3243,43844.19595,42208.6953125
2024-01-09,2024,LSTM (2023 design),46084.005795,46981.3243,42289.3671875
2024-01-10,2024,LSTM (2023 design),46818.159276,46084.005795,42405.6015625
2024-01-11,2024,LSTM (2023 design),46380.870808,46818.159276,42562.89453125
2024-01-12,2024,LSTM (2023 design),42817.430536,46380.870808,42759.453125
2024-01-13,2024,LSTM (2023 design),42846.95447,42817.430536,42969.43749999999
2024-01-14,2024,LSTM (2023 design),41888.151307,42846.95447,43164.40625
2024-01-15,2024,LSTM (2023 design),42528.919249,41888.151307,43315.6328125
2024-01-16,2024,LSTM (2023 design),43171.447224,42528.919249,43406.19921874999
2024-01-17,2024,LSTM (2023 design),42689.304327,43171.447224,43432.71875
2024-01-18,2024,LSTM (2023 design),41261.907618,42689.304327,43397.78124999999
2024-01-19,2024,LSTM (2023 design),41606.853533,41261.907618,43301.78515625
2024-01-20,2024,LSTM (2023 design),41668.69041,41606.853533,43150.1484375
2024-01-21,2024,LSTM (2023 design),41537.112356,41668.69041,42952.2109375
2024-01-22,2024,LSTM (2023 design),39577.09986,41537.112356,42719.09765625
2024-01-23,2024,LSTM (2023 design),39737.314362,39577.09986,42453.453125
2024-01-24,2024,LSTM (2023 design),40101.856898,39737.314362,42158.7578125
2024-01-25,2024,LSTM (2023 design),39917.661146,40101.856898,41842.421875
2024-01-26,2024,LSTM (2023 design),41860.731046,39917.661146,41513.09375
2024-01-27,2024,LSTM (2023 design),42125.301416,41860.731046,41190.05859375
2024-01-28,2024,LSTM (2023 design),41983.020274,42125.301416,40894.1953125
2024-01-29,2024,LSTM (2023 design),43218.347082,41983.020274,40641.99609375
2024-01-30,2024,LSTM (2023 design),42950.054128,43218.347082,40450.36328125
2024-01-31,2024,LSTM (2023 design),42589.470806,42950.054128,40328.890625
2024-02-01,2024,LSTM (2023 design),43020.359655,42589.470806,40277.99609375
2024-02-02,2024,LSTM (2023 design),43155.385203,43020.359655,40293.75390625
2024-02-03,2024,LSTM (2023 design),42982.378998,43155.385203,40368.98828125
2024-02-04,2024,LSTM (2023 design),42576.291305,42982.378998,40492.83203125
2024-02-05,2024,LSTM (2023 design),42619.274274,42576.291305,40650.40625
2024-02-06,2024,LSTM (2023 design),43102.706263,42619.274274,40826.7578125
2024-02-07,2024,LSTM (2023 design),44253.031473,43102.706263,41010.96484375
2024-02-08,2024,LSTM (2023 design),45332.091572,44253.031473,41200.546875
2024-02-09,2024,LSTM (2023 design),47176.966514,45332.091572,41400.515625
2024-02-10,2024,LSTM (2023 design),47792.897216,47176.966514,41625.44921875
2024-02-11,2024,LSTM (2023 design),48200.798606,47792.897216,41890.10546875
2024-02-12,2024,LSTM (2023 design),49989.803717,48200.798606,42204.66015625
2024-02-13,2024,LSTM (2023 design),49628.094153,49989.803717,42581.1796875
2024-02-14,2024,LSTM (2023 design),51844.292919,49628.094153,43021.53125
2024-02-15,2024,LSTM (2023 design),51939.147292,51844.292919,43530.6640625
2024-02-16,2024,LSTM (2023 design),52157.312398,51939.147292,44106.23828125
2024-02-17,2024,LSTM (2023 design),51674.815852,52157.312398,44738.3671875
2024-02-18,2024,LSTM (2023 design),52148.064537,51674.815852,45406.859375
2024-02-19,2024,LSTM (2023 design),51804.805154,52148.064537,46089.4375
2024-02-20,2024,LSTM (2023 design),52308.053171,51804.805154,46761.41015625
2024-02-21,2024,LSTM (2023 design),51744.321808,52308.053171,47402.109375
2024-02-22,2024,LSTM (2023 design),51292.325257,51744.321808,47991.5078125
2024-02-23,2024,LSTM (2023 design),50789.143176,51292.325257,48510.9453125
2024-02-24,2024,LSTM (2023 design),51578.234916,50789.143176,48944.2109375
2024-02-25,2024,LSTM (2023 design),51746.478967,51578.234916,49286.578125
2024-02-26,2024,LSTM (2023 design),54551.825918,51746.478967,49540.92578125
2024-02-27,2024,LSTM (2023 design),57049.88822,54551.825918,49730.98828125
2024-02-28,2024,LSTM (2023 design),62460.74062,57049.88822,49897.02734375
2024-02-29,2024,LSTM (2023 design),61394.781852,62460.74062,50104.28125
2024-03-01,2024,LSTM (2023 design),62524.401817,61394.781852,50400.33203125
2024-03-02,2024,LSTM (2023 design),62049.614564,62524.401817,50816.859375
2024-03-03,2024,LSTM (2023 design),62991.442291,62049.614564,51360.0390625
2024-03-04,2024,LSTM (2023 design),68091.838824,62991.442291,52021.09765625
2024-03-05,2024,LSTM (2023 design),63950.52433,68091.838824,52805.37109375
2024-03-06,2024,LSTM (2023 design),66103.72154,63950.52433,53683.30859375
2024-03-07,2024,LSTM (2023 design),67070.379148,66103.72154,54625.35546875
2024-03-08,2024,LSTM (2023 design),68343.714955,67070.379148,55603.08203125
2024-03-09,2024,LSTM (2023 design),68502.505339,68343.714955,56593.76953125
2024-03-10,2024,LSTM (2023 design),68882.25134,68502.505339,57574.4609375
2024-03-11,2024,LSTM (2023 design),72198.087534,68882.25134,58523.265625
2024-03-12,2024,LSTM (2023 design),71432.728302,72198.087534,59439.94140625
2024-03-13,2024,LSTM (2023 design),73081.575905,71432.728302,60318.56640625
2024-03-14,2024,LSTM (2023 design),71505.272908,73081.575905,61159.99609375
2024-03-15,2024,LSTM (2023 design),69424.914175,71505.272908,61950.49609375001
2024-03-16,2024,LSTM (2023 design),65433.681901,69424.914175,62659.40234375
2024-03-17,2024,LSTM (2023 design),68285.089169,65433.681901,63232.37890625
2024-03-18,2024,LSTM (2023 design),67770.886525,68285.089169,63646.3125
2024-03-19,2024,LSTM (2023 design),61969.307539,67770.886525,63892.9453125
2024-03-20,2024,LSTM (2023 design),67848.10764,61969.307539,63942.91406250001
2024-03-21,2024,LSTM (2023 design),65454.735723,67848.10764,63819.1875
2024-03-22,2024,LSTM (2023 design),63486.485,65454.735723,63546.28125
2024-03-23,2024,LSTM (2023 design),64361.242905,63486.485,63143.09765625
2024-03-24,2024,LSTM (2023 design),67289.565831,64361.242905,62637.9765625
2024-03-25,2024,LSTM (2023 design),70042.020424,67289.565831,62079.55859375
2024-03-26,2024,LSTM (2023 design),70071.047214,70042.020424,61531.265625
2024-03-27,2024,LSTM (2023 design),69267.887982,70071.047214,61048.97265625
2024-03-28,2024,LSTM (2023 design),70826.896871,69267.887982,60667.83203125
2024-03-29,2024,LSTM (2023 design),69917.043007,70826.896871,60415.1015625
2024-03-30,2024,LSTM (2023 design),69663.011907,69917.043007,60296.5859375
2024-03-31,2024,LSTM (2023 design),71227.451794,69663.011907,60302.03125
2024-04-01,2024,LSTM (2023 design),69791.627731,71227.451794,60421.2578125
2024-04-02,2024,LSTM (2023 design),65533.754835,69791.627731,60629.04296875
2024-04-03,2024,LSTM (2023 design),66130.216239,65533.754835,60868.78125
2024-04-04,2024,LSTM (2023 design),68438.135025,66130.216239,61091.6875
2024-04-05,2024,LSTM (2023 design),67904.909477,68438.135025,61276.2890625
2024-04-06,2024,LSTM (2023 design),69136.071078,67904.909477,61411.1796875
2024-04-07,2024,LSTM (2023 design),69392.683011,69136.071078,61501.71484375
2024-04-08,2024,LSTM (2023 design),71712.797284,69392.683011,61559.74609375
2024-04-09,2024,LSTM (2023 design),69074.541864,71712.797284,61612.44921875
2024-04-10,2024,LSTM (2023 design),70579.445677,69074.541864,61666.9375
2024-04-11,2024,LSTM (2023 design),70046.553606,70579.445677,61733.4296875
2024-04-12,2024,LSTM (2023 design),67098.113692,70046.553606,61814.66015625
2024-04-13,2024,LSTM (2023 design),64551.648288,67098.113692,61890.2734375
2024-04-14,2024,LSTM (2023 design),65648.80996,64551.648288,61923.87890625
2024-04-15,2024,LSTM (2023 design),63393.325166,65648.80996,61893.6328125
2024-04-16,2024,LSTM (2023 design),63784.820334,63393.325166,61776.1875
2024-04-17,2024,LSTM (2023 design),61324.218429,63784.820334,61563.89453125
2024-04-18,2024,LSTM (2023 design),63510.145003,61324.218429,61248.03125
2024-04-19,2024,LSTM (2023 design),63762.63103,63510.145003,60844.3359375
2024-04-20,2024,LSTM (2023 design),64907.992837,63762.63103,60378.984375
2024-04-21,2024,LSTM (2023 design),64968.19262,64907.992837,59888.5
2024-04-22,2024,LSTM (2023 design),66944.596091,64968.19262,59408.49609375
2024-04-23,2024,LSTM (2023 design),66385.300292,66944.596091,58980.61328125
2024-04-24,2024,LSTM (2023 design),64189.967906,66385.300292,58634.15625
2024-04-25,2024,LSTM (2023 design),64515.387473,64189.967906,58372.3203125
2024-04-26,2024,LSTM (2023 design),63777.4715,64515.387473,58190.00390625
2024-04-27,2024,LSTM (2023 design),63429.309965,63777.4715,58072.41796875
2024-04-28,2024,LSTM (2023 design),62978.577005,63429.309965,58001.1875
2024-04-29,2024,LSTM (2023 design),63908.388877,62978.577005,57956.34765625
2024-04-30,2024,LSTM (2023 design),60636.326163,63908.388877,57927.22265625
2024-05-01,2024,LSTM (2023 design),58141.77728,60636.326163,57888.71484375
2024-05-02,2024,LSTM (2023 design),59170.108894,58141.77728,57805.26953125
2024-05-03,2024,LSTM (2023 design),62983.655478,59170.108894,57657.7265625
2024-05-04,2024,LSTM (2023 design),63881.130543,62983.655478,57462.6328125
2024-05-05,2024,LSTM (2023 design),64067.595992,63881.130543,57250.80859375
2024-05-06,2024,LSTM (2023 design),63228.103134,64067.595992,57054.234375
2024-05-07,2024,LSTM (2023 design),62396.99972,63228.103134,56893.87109375
2024-05-08,2024,LSTM (2023 design),61079.274428,62396.99972,56776.265625
2024-05-09,2024,LSTM (2023 design),62998.490338,61079.274428,56693.05078125
2024-05-10,2024,LSTM (2023 design),60896.641888,62998.490338,56643.93359375
2024-05-11,2024,LSTM (2023 design),60843.572924,60896.641888,56615.3125
2024-05-12,2024,LSTM (2023 design),61431.274688,60843.572924,56593.08984375
2024-05-13,2024,LSTM (2023 design),62886.939449,61431.274688,56570.5703125
2024-05-14,2024,LSTM (2023 design),61555.567005,62886.939449,56552.03515625
2024-05-15,2024,LSTM (2023 design),66281.532254,61555.567005,56536.98828125
2024-05-16,2024,LSTM (2023 design),65269.260325,66281.532254,56552.8984375
2024-05-17,2024,LSTM (2023 design),66956.440948,65269.260325,56618.1796875
2024-05-18,2024,LSTM (2023 design),66977.600691,66956.440948,56753.59375
2024-05-19,2024,LSTM (2023 design),66259.470426,66977.600691,56969.08984375
2024-05-20,2024,LSTM (2023 design),71202.20259,66259.470426,57259.0
2024-05-21,2024,LSTM (2023 design),70217.254691,71202.20259,57638.77734375
2024-05-22,2024,LSTM (2023 design),69074.914135,70217.254691,58110.046875
2024-05-23,2024,LSTM (2023 design),67758.730659,69074.914135,58654.57421875
2024-05-24,2024,LSTM (2023 design),68608.99828,67758.730659,59236.95703125
2024-05-25,2024,LSTM (2023 design),69282.792598,68608.99828,59823.5625
2024-05-26,2024,LSTM (2023 design),68445.006953,69282.792598,60389.25390625
2024-05-27,2024,LSTM (2023 design),69347.81526,68445.006953,60908.703125
2024-05-28,2024,LSTM (2023 design),68342.820449,69347.81526,61367.8515625
2024-05-29,2024,LSTM (2023 design),67584.26324,68342.820449,61752.75390625
2024-05-30,2024,LSTM (2023 design),68375.476026,67584.26324,62050.63671875
2024-05-31,2024,LSTM (2023 design),67377.762612,68375.476026,62259.73046875
2024-06-01,2024,LSTM (2023 design),67714.35264,67377.762612,62379.09765625
2024-06-02,2024,LSTM (2023 design),67805.485574,67714.35264,62415.16015625
2024-06-03,2024,LSTM (2023 design),68833.302835,67805.485574,62379.08203125
2024-06-04,2024,LSTM (2023 design),70554.089433,68833.302835,62291.5859375
2024-06-05,2024,LSTM (2023 design),71087.443316,70554.089433,62183.609375
2024-06-06,2024,LSTM (2023 design),70788.501376,71087.443316,62086.41015625
2024-06-07,2024,LSTM (2023 design),69338.157324,70788.501376,62020.90625
2024-06-08,2024,LSTM (2023 design),69310.109262,69338.157324,61989.50390625
2024-06-09,2024,LSTM (2023 design),69644.019089,69310.109262,61986.8515625
2024-06-10,2024,LSTM (2023 design),69465.936248,69644.019089,62006.6484375
2024-06-11,2024,LSTM (2023 design),67368.263506,69465.936248,62040.87890625
2024-06-12,2024,LSTM (2023 design),68213.834684,67368.263506,62068.30859375
2024-06-13,2024,LSTM (2023 design),66783.490277,68213.834684,62076.3203125
2024-06-14,2024,LSTM (2023 design),65982.18652,66783.490277,62049.2890625
2024-06-15,2024,LSTM (2023 design),66204.904308,65982.18652,61972.4375
2024-06-16,2024,LSTM (2023 design),66622.599934,66204.904308,61840.578125
2024-06-17,2024,LSTM (2023 design),66483.878526,66622.599934,61658.859375
2024-06-18,2024,LSTM (2023 design),65112.123002,66483.878526,61437.85546875
2024-06-19,2024,LSTM (2023 design),64878.714153,65112.123002,61182.5703125
2024-06-20,2024,LSTM (2023 design),64897.701154,64878.714153,60898.2421875
2024-06-21,2024,LSTM (2023 design),64086.048923,64897.701154,60592.93359375
2024-06-22,2024,LSTM (2023 design),64258.135506,64086.048923,60271.48828125
2024-06-23,2024,LSTM (2023 design),63345.021876,64258.135506,59941.859375
2024-06-24,2024,LSTM (2023 design),60258.955437,63345.021876,59607.59375
2024-06-25,2024,LSTM (2023 design),61739.665848,60258.955437,59255.63671875
2024-06-26,2024,LSTM (2023 design),60794.476058,61739.665848,58884.7734375
2024-06-27,2024,LSTM (2023 design),61569.923428,60794.476058,58494.44140625
2024-06-28,2024,LSTM (2023 design),60303.314736,61569.923428,58093.84375
2024-06-29,2024,LSTM (2023 design),60889.329843,60303.314736,57688.01953125
2024-06-30,2024,LSTM (2023 design),62763.279686,60889.329843,57287.30078125
2024-07-01,2024,LSTM (2023 design),62835.399765,62763.279686,56914.16796875
2024-07-02,2024,LSTM (2023 design),62028.617039,62835.399765,56589.87890625
2024-07-03,2024,LSTM (2023 design),60216.392086,62028.617039,56325.43359375
2024-07-04,2024,LSTM (2023 design),57418.242021,60216.392086,56115.19921875
2024-07-05,2024,LSTM (2023 design),56720.988126,57418.242021,55932.5
2024-07-06,2024,LSTM (2023 design),58259.221773,56720.988126,55747.8515625
2024-07-07,2024,LSTM (2023 design),56112.572559,58259.221773,55548.4140625
2024-07-08,2024,LSTM (2023 design),56691.914906,56112.572559,55318.35546875
2024-07-09,2024,LSTM (2023 design),57981.432097,56691.914906,55053.609375
2024-07-10,2024,LSTM (2023 design),57722.011353,57981.432097,54764.9921875
2024-07-11,2024,LSTM (2023 design),57307.712738,57722.011353,54466.984375
2024-07-12,2024,LSTM (2023 design),57859.120282,57307.712738,54172.5
2024-07-13,2024,LSTM (2023 design),59329.037202,57859.120282,53896.125
2024-07-14,2024,LSTM (2023 design),61015.033941,59329.037202,53657.81640625
2024-07-15,2024,LSTM (2023 design),64734.76117,61015.033941,53484.3828125
2024-07-16,2024,LSTM (2023 design),65118.826658,64734.76117,53417.5234375
2024-07-17,2024,LSTM (2023 design),64201.370781,65118.826658,53489.8515625
2024-07-18,2024,LSTM (2023 design),63984.302202,64201.370781,53710.23828125
2024-07-19,2024,LSTM (2023 design),66755.783383,63984.302202,54067.4765625
2024-07-20,2024,LSTM (2023 design),67185.497811,66755.783383,54553.38671875
2024-07-21,2024,LSTM (2023 design),68056.620122,67185.497811,55152.94140625
2024-07-22,2024,LSTM (2023 design),67535.197674,68056.620122,55848.2265625
2024-07-23,2024,LSTM (2023 design),65916.408162,67535.197674,56610.58203125
2024-07-24,2024,LSTM (2023 design),65353.385778,65916.408162,57395.53125
2024-07-25,2024,LSTM (2023 design),65722.061192,65353.385778,58154.98046875
2024-07-26,2024,LSTM (2023 design),67912.243309,65722.061192,58849.9765625
2024-07-27,2024,LSTM (2023 design),68077.373081,67912.243309,59466.30859375
2024-07-28,2024,LSTM (2023 design),68170.669131,68077.373081,60000.82421875
2024-07-29,2024,LSTM (2023 design),66867.167277,68170.669131,60455.9375
2024-07-30,2024,LSTM (2023 design),66186.914686,66867.167277,60828.24609375
2024-07-31,2024,LSTM (2023 design),64690.634039,66186.914686,61111.33984375
2024-08-01,2024,LSTM (2023 design),65178.055489,64690.634039,61293.94140625
2024-08-02,2024,LSTM (2023 design),61506.769888,65178.055489,61373.703125
2024-08-03,2024,LSTM (2023 design),60688.244427,61506.769888,61333.4296875
2024-08-04,2024,LSTM (2023 design),58306.264479,60688.244427,61160.4453125
2024-08-05,2024,LSTM (2023 design),54343.627677,58306.264479,60842.28125
2024-08-06,2024,LSTM (2023 design),56047.471287,54343.627677,60358.9375
2024-08-07,2024,LSTM (2023 design),55129.741038,56047.471287,59717.19140624999
2024-08-08,2024,LSTM (2023 design),61908.789672,55129.741038,58936.21875
2024-08-09,2024,LSTM (2023 design),60720.940759,61908.789672,58083.6484375
2024-08-10,2024,LSTM (2023 design),60871.555073,60720.940759,57224.40625
2024-08-11,2024,LSTM (2023 design),58836.104372,60871.555073,56415.62109375
2024-08-12,2024,LSTM (2023 design),59394.162954,58836.104372,55689.7421875
2024-08-13,2024,LSTM (2023 design),60536.245785,59394.162954,55069.51953125
2024-08-14,2024,LSTM (2023 design),58840.64668,60536.245785,54571.875
2024-08-15,2024,LSTM (2023 design),57644.187688,58840.64668,54194.89453125
2024-08-16,2024,LSTM (2023 design),58927.276509,57644.187688,53920.6640625
2024-08-17,2024,LSTM (2023 design),59414.674335,58927.276509,53735.3359375
2024-08-18,2024,LSTM (2023 design),58793.206146,59414.674335,53627.57421875
2024-08-19,2024,LSTM (2023 design),59411.519017,58793.206146,53583.6328125
2024-08-20,2024,LSTM (2023 design),59123.300266,59411.519017,53592.89453125
2024-08-21,2024,LSTM (2023 design),61133.025649,59123.300266,53644.1875
2024-08-22,2024,LSTM (2023 design),60394.473775,61133.025649,53738.3515625
2024-08-23,2024,LSTM (2023 design),64106.802915,60394.473775,53871.98046875
2024-08-24,2024,LSTM (2023 design),64023.226704,64106.802915,54061.12890625
2024-08-25,2024,LSTM (2023 design),64498.018341,64023.226704,54317.8671875
2024-08-26,2024,LSTM (2023 design),62983.442773,64498.018341,54648.17578125
2024-08-27,2024,LSTM (2023 design),59548.007622,62983.442773,55038.984375
2024-08-28,2024,LSTM (2023 design),59100.774755,59548.007622,55447.9609375
2024-08-29,2024,LSTM (2023 design),59339.790995,59100.774755,55828.6796875
2024-08-30,2024,LSTM (2023 design),59142.939964,59339.790995,56145.0703125
2024-08-31,2024,LSTM (2023 design),58959.926273,59142.939964,56373.84375
2024-09-01,2024,LSTM (2023 design),57349.080718,58959.926273,56503.8203125
2024-09-02,2024,LSTM (2023 design),59159.023888,57349.080718,56525.62890625
2024-09-03,2024,LSTM (2023 design),57637.775444,59159.023888,56450.625
2024-09-04,2024,LSTM (2023 design),58033.39897,57637.775444,56289.6484375
2024-09-05,2024,LSTM (2023 design),56112.95294,58033.39897,56059.6328125
2024-09-06,2024,LSTM (2023 design),53838.953462,56112.95294,55769.09375
2024-09-07,2024,LSTM (2023 design),54066.439925,53838.953462,55415.46875000001
2024-09-08,2024,LSTM (2023 design),54859.258408,54066.439925,55001.328125
2024-09-09,2024,LSTM (2023 design),57135.781437,54859.258408,54539.3984375
2024-09-10,2024,LSTM (2023 design),57664.499821,57135.781437,54060.59375
2024-09-11,2024,LSTM (2023 design),57409.195066,57664.499821,53599.37890625
2024-09-12,2024,LSTM (2023 design),58124.641807,57409.195066,53184.48828125
2024-09-13,2024,LSTM (2023 design),60536.88145,58124.641807,52840.2109375
2024-09-14,2024,LSTM (2023 design),60007.170251,60536.88145,52596.0546875
2024-09-15,2024,LSTM (2023 design),59129.919754,60007.170251,52468.29296875
2024-09-16,2024,LSTM (2023 design),58227.464217,59129.919754,52455.8828125
2024-09-17,2024,LSTM (2023 design),60238.217726,58227.464217,52540.82421875
2024-09-18,2024,LSTM (2023 design),61306.233732,60238.217726,52710.51953125
2024-09-19,2024,LSTM (2023 design),62994.609653,61306.233732,52956.1484375
2024-09-20,2024,LSTM (2023 design),63153.951827,62994.609653,53277.0859375
2024-09-21,2024,LSTM (2023 design),63367.729608,63153.951827,53669.6171875
2024-09-22,2024,LSTM (2023 design),63571.952173,63367.729608,54124.55859375
2024-09-23,2024,LSTM (2023 design),63336.012635,63571.952173,54628.57421875
2024-09-24,2024,LSTM (2023 design),64342.789111,63336.012635,55162.04296875
2024-09-25,2024,LSTM (2023 design),63059.626917,64342.789111,55709.1015625
2024-09-26,2024,LSTM (2023 design),65057.786146,63059.626917,56245.96875
2024-09-27,2024,LSTM (2023 design),65767.713254,65057.786146,56761.8203125
2024-09-28,2024,LSTM (2023 design),65770.527648,65767.713254,57253.359375
2024-09-29,2024,LSTM (2023 design),65617.761069,65770.527648,57718.484375
2024-09-30,2024,LSTM (2023 design),63260.042548,65617.761069,58152.71875
2024-10-01,2024,LSTM (2023 design),60858.248709,63260.042548,58536.35546875
2024-10-02,2024,LSTM (2023 design),60686.099314,60858.248709,58835.5859375
2024-10-03,2024,LSTM (2023 design),60765.23675,60686.099314,59023.99609375
2024-10-04,2024,LSTM (2023 design),62052.51005,60765.23675,59089.109375
2024-10-05,2024,LSTM (2023 design),62030.453898,62052.51005,59039.390625
2024-10-06,2024,LSTM (2023 design),62789.881456,62030.453898,58893.79296875
2024-10-07,2024,LSTM (2023 design),62416.50883,62789.881456,58680.21875
2024-10-08,2024,LSTM (2023 design),62126.327377,62416.50883,58425.3828125
2024-10-09,2024,LSTM (2023 design),60615.258192,62126.327377,58151.34375
2024-10-10,2024,LSTM (2023 design),60221.117287,60615.258192,57867.19140625
2024-10-11,2024,LSTM (2023 design),62462.539963,60221.117287,57576.49609375
2024-10-12,2024,LSTM (2023 design),63202.880699,62462.539963,57295.296875
2024-10-13,2024,LSTM (2023 design),62759.431113,63202.880699,57043.78515625
2024-10-14,2024,LSTM (2023 design),66089.758741,62759.431113,56836.1796875
2024-10-15,2024,LSTM (2023 design),66933.974834,66089.758741,56701.0234375
2024-10-16,2024,LSTM (2023 design),67662.953404,66933.974834,56664.578125
2024-10-17,2024,LSTM (2023 design),67337.907548,67662.953404,56745.78515625
2024-10-18,2024,LSTM (2023 design),68390.537563,67337.907548,56947.19140625
2024-10-19,2024,LSTM (2023 design),68357.898296,68390.537563,57264.1640625
2024-10-20,2024,LSTM (2023 design),69012.353209,68357.898296,57681.24609375
2024-10-21,2024,LSTM (2023 design),67440.462506,69012.353209,58179.015625
2024-10-22,2024,LSTM (2023 design),67425.755321,67440.462506,58722.45703125
2024-10-23,2024,LSTM (2023 design),66647.286664,67425.755321,59275.296875
2024-10-24,2024,LSTM (2023 design),68130.994837,66647.286664,59799.2109375
2024-10-25,2024,LSTM (2023 design),66261.537686,68130.994837,60273.4375
2024-10-26,2024,LSTM (2023 design),67023.339961,66261.537686,60673.4453125
2024-10-27,2024,LSTM (2023 design),68000.147501,67023.339961,60988.01562499999
2024-10-28,2024,LSTM (2023 design),69862.520547,68000.147501,61220.36328125
2024-10-29,2024,LSTM (2023 design),72678.78662,69862.520547,61391.578125
2024-10-30,2024,LSTM (2023 design),72450.284382,72678.78662,61542.0390625
2024-10-31,2024,LSTM (2023 design),70367.081958,72450.284382,61705.40234375
2024-11-01,2024,LSTM (2023 design),69483.58303,70367.081958,61889.72265625001
2024-11-02,2024,LSTM (2023 design),69241.679487,69483.58303,62085.4375
2024-11-03,2024,LSTM (2023 design),68742.754623,69241.679487,62276.49609375
2024-11-04,2024,LSTM (2023 design),67779.09698,68742.754623,62443.2578125
2024-11-05,2024,LSTM (2023 design),69538.024173,67779.09698,62564.93359375
2024-11-06,2024,LSTM (2023 design),75696.036619,69538.024173,62638.3359375
2024-11-07,2024,LSTM (2023 design),75972.295555,75696.036619,62705.91015625
2024-11-08,2024,LSTM (2023 design),76507.447401,75972.295555,62812.03515625
2024-11-09,2024,LSTM (2023 design),76799.252747,76507.447401,62992.33984375
2024-11-10,2024,LSTM (2023 design),80409.286567,76799.252747,63266.53125000001
2024-11-11,2024,LSTM (2023 design),88859.998449,80409.286567,63660.55468749999
2024-11-12,2024,LSTM (2023 design),88048.748888,88859.998449,64233.27734375
2024-11-13,2024,LSTM (2023 design),90369.381969,88048.748888,65015.2890625
2024-11-14,2024,LSTM (2023 design),87204.256983,90369.381969,66019.3203125
2024-11-15,2024,LSTM (2023 design),91139.084443,87204.256983,67207.5859375
2024-11-16,2024,LSTM (2023 design),90567.695757,91139.084443,68543.1875
2024-11-17,2024,LSTM (2023 design),89732.970429,90567.695757,69971.1796875
2024-11-18,2024,LSTM (2023 design),90587.696553,89732.970429,71420.6640625
2024-11-19,2024,LSTM (2023 design),92254.13858,90587.696553,72826.7421875
2024-11-20,2024,LSTM (2023 design),94160.040686,92254.13858,74144.3828125
2024-11-21,2024,LSTM (2023 design),98545.56888,94160.040686,75351.75
2024-11-22,2024,LSTM (2023 design),98938.349545,98545.56888,76466.90625
2024-11-23,2024,LSTM (2023 design),97707.048459,98938.349545,77507.59375
2024-11-24,2024,LSTM (2023 design),97980.208282,97707.048459,78471.6015625
2024-11-25,2024,LSTM (2023 design),93343.029075,97980.208282,79349.15625
2024-11-26,2024,LSTM (2023 design),91875.569959,93343.029075,80089.9921875
2024-11-27,2024,LSTM (2023 design),95989.080227,91875.569959,80641.8125
2024-11-28,2024,LSTM (2023 design),95737.940282,95989.080227,81004.421875
2024-11-29,2024,LSTM (2023 design),97398.94174,95737.940282,81192.3515625
2024-11-30,2024,LSTM (2023 design),96463.624898,97398.94174,81240.9375
2024-12-01,2024,LSTM (2023 design),97469.604453,96463.624898,81180.3203125
2024-12-02,2024,LSTM (2023 design),95726.441726,97469.604453,81045.890625
2024-12-03,2024,LSTM (2023 design),96010.877423,95726.441726,80855.1640625
2024-12-04,2024,LSTM (2023 design),98920.252826,96010.877423,80624.4453125
2024-12-05,2024,LSTM (2023 design),96949.664412,98920.252826,80388.7109375
2024-12-06,2024,LSTM (2023 design),99953.105658,96949.664412,80163.0546875
2024-12-07,2024,LSTM (2023 design),99977.700228,99953.105658,79977.9453125
2024-12-08,2024,LSTM (2023 design),100798.983564,99977.700228,79854.921875
2024-12-09,2024,LSTM (2023 design),97390.19886,100798.983564,79810.6328125
2024-12-10,2024,LSTM (2023 design),96835.501739,97390.19886,79825.5859375
2024-12-11,2024,LSTM (2023 design),101310.2019,96835.501739,79870.9453125
2024-12-12,2024,LSTM (2023 design),100090.89048,101310.2019,79952.3671875
2024-12-13,2024,LSTM (2023 design),101289.823977,100090.89048,80066.1953125
2024-12-14,2024,LSTM (2023 design),101366.871668,101289.823977,80214.9765625
2024-12-15,2024,LSTM (2023 design),104551.367141,101366.871668,80398.3515625
2024-12-16,2024,LSTM (2023 design),105855.67223,104551.367141,80634.65625
2024-12-17,2024,LSTM (2023 design),106115.910583,105855.67223,80942.53125
2024-12-18,2024,LSTM (2023 design),100469.770657,106115.910583,81329.40625
2024-12-19,2024,LSTM (2023 design),97697.04578,100469.770657,81746.9296875
2024-12-20,2024,LSTM (2023 design),97617.442205,97697.04578,82123.40625
2024-12-21,2024,LSTM (2023 design),97093.019083,97617.442205,82399.8671875
2024-12-22,2024,LSTM (2023 design),95149.105825,97093.019083,82536.3671875
2024-12-23,2024,LSTM (2023 design),94800.756206,95149.105825,82503.984375
2024-12-24,2024,LSTM (2023 design),98637.733054,94800.756206,82296.1875
2024-12-25,2024,LSTM (2023 design),99235.367887,98637.733054,81953.453125
2024-12-26,2024,LSTM (2023 design),95628.30309,99235.367887,81528.9296875
2024-12-27,2024,LSTM (2023 design),94219.982146,95628.30309,81049.859375
2024-12-28,2024,LSTM (2023 design),95123.58111,94219.982146,80531.046875
2024-12-29,2024,LSTM (2023 design),93457.57832,95123.58111,79994.671875
2024-12-30,2024,LSTM (2023 design),92523.163085,93457.57832,79450.9140625
2024-12-31,2024,LSTM (2023 design),93389.732602,92523.163085,78905.2890625
2025-01-01,2025,LSTM (2023 design),94455.796572,93389.732602,90785.9609375
2025-01-02,2025,LSTM (2023 design),96851.393683,94455.796572,90256.671875
2025-01-03,2025,LSTM (2023 design),98120.684676,96851.393683,89769.390625
2025-01-04,2025,LSTM (2023 design),98230.047857,98120.684676,89359.7578125
2025-01-05,2025,LSTM (2023 design),98414.812096,98230.047857,89055.7734375
2025-01-06,2025,LSTM (2023 design),102179.560367,98414.812096,88874.3203125
2025-01-07,2025,LSTM (2023 design),96974.995786,102179.560367,88838.8984375
2025-01-08,2025,LSTM (2023 design),95039.280921,96974.995786,88935.015625
2025-01-09,2025,LSTM (2023 design),92346.169159,95039.280921,89124.3671875
2025-01-10,2025,LSTM (2023 design),94759.119636,92346.169159,89349.3984375
2025-01-11,2025,LSTM (2023 design),94606.50801,94759.119636,89569.3125
2025-01-12,2025,LSTM (2023 design),94353.775259,94606.50801,89755.171875
2025-01-13,2025,LSTM (2023 design),94375.72991,94353.775259,89888.5859375
2025-01-14,2025,LSTM (2023 design),96569.475727,94375.72991,89961.40625
2025-01-15,2025,LSTM (2023 design),100172.405985,96569.475727,89984.71875
2025-01-16,2025,LSTM (2023 design),99977.729823,100172.405985,89993.34375
2025-01-17,2025,LSTM (2023 design),104296.588034,99977.729823,90020.8359375
2025-01-18,2025,LSTM (2023 design),104398.156261,104296.588034,90114.71875
2025-01-19,2025,LSTM (2023 design),100954.572282,104398.156261,90310.8515625
2025-01-20,2025,LSTM (2023 design),102588.998699,100954.572282,90610.1953125
2025-01-21,2025,LSTM (2023 design),105987.888705,102588.998699,91003.90625
2025-01-22,2025,LSTM (2023 design),103791.128861,105987.888705,91490.3828125
2025-01-23,2025,LSTM (2023 design),104184.616744,103791.128861,92050.4765625
2025-01-24,2025,LSTM (2023 design),104716.124882,104184.616744,92658.734375
2025-01-25,2025,LSTM (2023 design),104866.085349,104716.124882,93290.125
2025-01-26,2025,LSTM (2023 design),102833.369273,104866.085349,93919.875
2025-01-27,2025,LSTM (2023 design),101907.446297,102833.369273,94515.15625
2025-01-28,2025,LSTM (2023 design),101138.144066,101907.446297,95041.6484375
2025-01-29,2025,LSTM (2023 design),103918.795459,101138.144066,95468.9296875
2025-01-30,2025,LSTM (2023 design),104987.446411,103918.795459,95792.0390625
2025-01-31,2025,LSTM (2023 design),102263.043671,104987.446411,96022.5703125
2025-02-01,2025,LSTM (2023 design),100610.29044,102263.043671,96164.3203125
2025-02-02,2025,LSTM (2023 design),97424.7809,100610.29044,96214.03125
2025-02-03,2025,LSTM (2023 design),101582.408702,97424.7809,96155.03125
2025-02-04,2025,LSTM (2023 design),97848.149759,101582.408702,95998.59375
2025-02-05,2025,LSTM (2023 design),96559.332756,97848.149759,95746.4296875
2025-02-06,2025,LSTM (2023 design),96541.300681,96559.332756,95398.5859375
2025-02-07,2025,LSTM (2023 design),96384.110984,96541.300681,94961.796875
2025-02-08,2025,LSTM (2023 design),96603.318157,96384.110984,94449.4453125
2025-02-09,2025,LSTM (2023 design),96309.753241,96603.318157,93882.0
2025-02-10,2025,LSTM (2023 design),97375.225354,96309.753241,93282.796875
2025-02-11,2025,LSTM (2023 design),95806.258039,97375.225354,92681.5078125
2025-02-12,2025,LSTM (2023 design),97756.497655,95806.258039,92098.03125
2025-02-13,2025,LSTM (2023 design),96534.740633,97756.497655,91558.3984375
2025-02-14,2025,LSTM (2023 design),97414.358982,96534.740633,91078.6875
2025-02-15,2025,LSTM (2023 design),97583.243177,97414.358982,90672.7734375
2025-02-16,2025,LSTM (2023 design),96182.266171,97583.243177,90349.359375
2025-02-17,2025,LSTM (2023 design),95790.510999,96182.266171,90105.3515625
2025-02-18,2025,LSTM (2023 design),95444.031887,95790.510999,89930.1640625
2025-02-19,2025,LSTM (2023 design),96647.913298,95444.031887,89809.140625
2025-02-20,2025,LSTM (2023 design),98392.219725,96647.913298,89733.5
2025-02-21,2025,LSTM (2023 design),96048.993725,98392.219725,89705.6640625
2025-02-22,2025,LSTM (2023 design),96605.709106,96048.993725,89716.4296875
2025-02-23,2025,LSTM (2023 design),96091.632977,96605.709106,89757.484375
2025-02-24,2025,LSTM (2023 design),91869.654343,96091.632977,89818.1171875
2025-02-25,2025,LSTM (2023 design),88769.735627,91869.654343,89866.625
2025-02-26,2025,LSTM (2023 design),83987.895642,88769.735627,89857.59375
2025-02-27,2025,LSTM (2023 design),84625.419136,83987.895642,89731.3046875
2025-02-28,2025,LSTM (2023 design),84243.777911,84625.419136,89448.5625
2025-03-01,2025,LSTM (2023 design),85844.368563,84243.777911,88993.06249999999
2025-03-02,2025,LSTM (2023 design),94328.009444,85844.368563,88379.953125
2025-03-03,2025,LSTM (2023 design),86315.930551,94328.009444,87683.921875
2025-03-04,2025,LSTM (2023 design),87323.690651,86315.930551,86949.02343750001
2025-03-05,2025,LSTM (2023 design),90619.409098,87323.690651,86215.8515625
2025-03-06,2025,LSTM (2023 design),90222.069328,90619.409098,85533.109375
2025-03-07,2025,LSTM (2023 design),86553.592194,90222.069328,84939.921875
2025-03-08,2025,LSTM (2023 design),86171.278936,86553.592194,84444.9921875
2025-03-09,2025,LSTM (2023 design),80647.796411,86171.278936,84042.109375
2025-03-10,2025,LSTM (2023 design),79005.960129,80647.796411,83691.31249999999
2025-03-11,2025,LSTM (2023 design),82747.160192,79005.960129,83343.9375
2025-03-12,2025,LSTM (2023 design),83630.15811,82747.160192,82978.51562499999
2025-03-13,2025,LSTM (2023 design),81110.289049,83630.15811,82594.1171875
2025-03-14,2025,LSTM (2023 design),84105.833552,81110.289049,82188.453125
2025-03-15,2025,LSTM (2023 design),84352.877302,84105.833552,81778.71875
2025-03-16,2025,LSTM (2023 design),82492.102829,84352.877302,81387.7578125
2025-03-17,2025,LSTM (2023 design),84013.947518,82492.102829,81028.65625
2025-03-18,2025,LSTM (2023 design),82680.806551,84013.947518,80716.703125
2025-03-19,2025,LSTM (2023 design),86774.235072,82680.806551,80457.109375
2025-03-20,2025,LSTM (2023 design),84124.971288,86774.235072,80269.3828125
2025-03-21,2025,LSTM (2023 design),84069.40818,84124.971288,80157.953125
2025-03-22,2025,LSTM (2023 design),83821.220305,84069.40818,80118.5546875
2025-03-23,2025,LSTM (2023 design),85760.881451,83821.220305,80140.7421875
2025-03-24,2025,LSTM (2023 design),87322.571857,85760.881451,80220.2265625
2025-03-25,2025,LSTM (2023 design),87422.842608,87322.571857,80359.4140625
2025-03-26,2025,LSTM (2023 design),86836.676096,87422.842608,80559.546875
2025-03-27,2025,LSTM (2023 design),87211.324017,86836.676096,80814.3125
2025-03-28,2025,LSTM (2023 design),84309.078355,87211.324017,81114.65625
2025-03-29,2025,LSTM (2023 design),82497.179247,84309.078355,81434.2265625
2025-03-30,2025,LSTM (2023 design),82216.466677,82497.179247,81735.984375
2025-03-31,2025,LSTM (2023 design),82461.449628,82216.466677,81985.734375
2025-04-01,2025,LSTM (2023 design),85226.713794,82461.449628,82159.828125
2025-04-02,2025,LSTM (2023 design),82555.631296,85226.713794,82260.046875
2025-04-03,2025,LSTM (2023 design),82931.697399,82555.631296,82285.6640625
2025-04-04,2025,LSTM (2023 design),83774.179738,82931.697399,82242.0703125
2025-04-05,2025,LSTM (2023 design),83302.171576,83774.179738,82142.9765625
2025-04-06,2025,LSTM (2023 design),77949.088493,83302.171576,82002.7421875
2025-04-07,2025,LSTM (2023 design),79421.804411,77949.088493,81809.7109375
2025-04-08,2025,LSTM (2023 design),76351.42953,79421.804411,81558.25
2025-04-09,2025,LSTM (2023 design),82720.603489,76351.42953,81234.140625
2025-04-10,2025,LSTM (2023 design),79558.955825,82720.603489,80860.2734375
2025-04-11,2025,LSTM (2023 design),83359.899516,79558.955825,80454.5234375
2025-04-12,2025,LSTM (2023 design),85269.249512,83359.899516,80052.3515625
2025-04-13,2025,LSTM (2023 design),83568.954436,85269.249512,79697.2734375
2025-04-14,2025,LSTM (2023 design),84589.032414,83568.954436,79417.6796875
2025-04-15,2025,LSTM (2023 design),83671.343971,84589.032414,79234.3125
2025-04-16,2025,LSTM (2023 design),84151.535756,83671.343971,79151.71875
2025-04-17,2025,LSTM (2023 design),84940.583854,84151.535756,79166.4609375
2025-04-18,2025,LSTM (2023 design),84434.772746,84940.583854,79270.90625
2025-04-19,2025,LSTM (2023 design),85124.721496,84434.772746,79450.515625
2025-04-20,2025,LSTM (2023 design),85101.746155,85124.721496,79690.4921875
2025-04-21,2025,LSTM (2023 design),87360.719893,85101.746155,79974.46875
2025-04-22,2025,LSTM (2023 design),93495.610689,87360.719893,80297.125
2025-04-23,2025,LSTM (2023 design),93695.740477,93495.610689,80681.984375
2025-04-24,2025,LSTM (2023 design),93849.881779,93695.740477,81152.3046875
2025-04-25,2025,LSTM (2023 design),94771.412801,93849.881779,81721.4296875
2025-04-26,2025,LSTM (2023 design),94694.511101,94771.412801,82392.671875
2025-04-27,2025,LSTM (2023 design),93812.876535,94694.511101,83155.5
2025-04-28,2025,LSTM (2023 design),95066.021187,93812.876535,83983.3515625
2025-04-29,2025,LSTM (2023 design),94102.840302,95066.021187,84848.2421875
2025-04-30,2025,LSTM (2023 design),94236.732514,94102.840302,85715.453125
2025-05-01,2025,LSTM (2023 design),96411.742264,94236.732514,86551.390625
2025-05-02,2025,LSTM (2023 design),96842.102106,96411.742264,87337.9453125
2025-05-03,2025,LSTM (2023 design),95943.611353,96842.102106,88065.34375
2025-05-04,2025,LSTM (2023 design),94377.78992,95943.611353,88722.875
2025-05-05,2025,LSTM (2023 design),94853.729859,94377.78992,89294.0234375
2025-05-06,2025,LSTM (2023 design),96677.924503,94853.729859,89767.8671875
2025-05-07,2025,LSTM (2023 design),97137.375709,96677.924503,90148.203125
2025-05-08,2025,LSTM (2023 design),103069.539296,97137.375709,90446.7421875
2025-05-09,2025,LSTM (2023 design),102940.802949,103069.539296,90707.28125
2025-05-10,2025,LSTM (2023 design),104582.821806,102940.802949,90971.25
2025-05-11,2025,LSTM (2023 design),103976.137799,104582.821806,91277.1796875
2025-05-12,2025,LSTM (2023 design),102920.074689,103976.137799,91646.265625
2025-05-13,2025,LSTM (2023 design),104145.711825,102920.074689,92077.7578125
2025-05-14,2025,LSTM (2023 design),103572.719642,104145.711825,92563.75
2025-05-15,2025,LSTM (2023 design),103716.283947,103572.719642,93085.7578125
2025-05-16,2025,LSTM (2023 design),103566.269191,103716.283947,93621.359375
2025-05-17,2025,LSTM (2023 design),103190.041365,103566.269191,94146.375
2025-05-18,2025,LSTM (2023 design),106015.689849,103190.041365,94636.828125
2025-05-19,2025,LSTM (2023 design),105615.82896,106015.689849,95087.4921875
2025-05-20,2025,LSTM (2023 design),106893.330248,105615.82896,95496.0546875
2025-05-21,2025,LSTM (2023 design),109704.85562,106893.330248,95868.546875
2025-05-22,2025,LSTM (2023 design),111477.014788,109704.85562,96225.8125
2025-05-23,2025,LSTM (2023 design),107291.88897,111477.014788,96595.0390625
2025-05-24,2025,LSTM (2023 design),107917.328289,107291.88897,96973.6953125
2025-05-25,2025,LSTM (2023 design),108914.876558,107917.328289,97352.2734375
2025-05-26,2025,LSTM (2023 design),109371.985172,108914.876558,97722.421875
2025-05-27,2025,LSTM (2023 design),109066.345637,109371.985172,98077.6796875
2025-05-28,2025,LSTM (2023 design),107895.402399,109066.345637,98409.4453125
2025-05-29,2025,LSTM (2023 design),105732.957892,107895.402399,98704.09375
2025-05-30,2025,LSTM (2023 design),103981.302958,105732.957892,98937.703125
2025-05-31,2025,LSTM (2023 design),104708.96415,103981.302958,99081.953125
2025-06-01,2025,LSTM (2023 design),105750.159724,104708.96415,99121.28125
2025-06-02,2025,LSTM (2023 design),105899.696927,105750.159724,99058.3125
2025-06-03,2025,LSTM (2023 design),105483.985551,105899.696927,98906.296875
2025-06-04,2025,LSTM (2023 design),104782.8449,105483.985551,98682.859375
2025-06-05,2025,LSTM (2023 design),101669.190497,104782.8449,98404.6015625
2025-06-06,2025,LSTM (2023 design),104421.051549,101669.190497,98072.5078125
2025-06-07,2025,LSTM (2023 design),105685.250402,104421.051549,97702.5390625
2025-06-08,2025,LSTM (2023 design),105727.739632,105685.250402,97320.8828125
2025-06-09,2025,LSTM (2023 design),110198.158714,105727.739632,96953.90625
2025-06-10,2025,LSTM (2023 design),110074.119082,110198.158714,96647.1796875
2025-06-11,2025,LSTM (2023 design),108645.785558,110074.119082,96438.0078125
2025-06-12,2025,LSTM (2023 design),105998.985831,108645.785558,96342.34375
2025-06-13,2025,LSTM (2023 design),106024.822087,105998.985831,96346.828125
2025-06-14,2025,LSTM (2023 design),105467.108742,106024.822087,96427.3125
2025-06-15,2025,LSTM (2023 design),105512.797438,105467.108742,96553.296875
2025-06-16,2025,LSTM (2023 design),107243.933346,105512.797438,96696.703125
2025-06-17,2025,LSTM (2023 design),104628.396527,107243.933346,96843.65625
2025-06-18,2025,LSTM (2023 design),104813.367029,104628.396527,96972.9140625
2025-06-19,2025,LSTM (2023 design),104709.720767,104813.367029,97068.3828125
2025-06-20,2025,LSTM (2023 design),103274.95884,104709.720767,97120.0625
2025-06-21,2025,LSTM (2023 design),101548.196382,103274.95884,97116.9609375
2025-06-22,2025,LSTM (2023 design),100899.234152,101548.196382,97044.859375
2025-06-23,2025,LSTM (2023 design),105496.947495,100899.234152,96893.1328125
2025-06-24,2025,LSTM (2023 design),105964.065137,105496.947495,96683.703125
2025-06-25,2025,LSTM (2023 design),107305.0652,105964.065137,96449.21875
2025-06-26,2025,LSTM (2023 design),107012.822824,107305.0652,96228.2890625
2025-06-27,2025,LSTM (2023 design),107090.959051,107012.822824,96051.9140625
2025-06-28,2025,LSTM (2023 design),107357.617171,107090.959051,95940.703125
2025-06-29,2025,LSTM (2023 design),108360.901696,107357.617171,95906.046875
2025-06-30,2025,LSTM (2023 design),107153.101136,108360.901696,95954.2890625
2025-07-01,2025,LSTM (2023 design),105566.356598,107153.101136,96077.46875
2025-07-02,2025,LSTM (2023 design),108927.134518,105566.356598,96252.2421875
2025-07-03,2025,LSTM (2023 design),109632.159127,108927.134518,96469.96875
2025-07-04,2025,LSTM (2023 design),108081.395759,109632.159127,96726.9375
2025-07-05,2025,LSTM (2023 design),108244.788814,108081.395759,97010.1640625
2025-07-06,2025,LSTM (2023 design),109180.005546,108244.788814,97305.109375
2025-07-07,2025,LSTM (2023 design),108249.401004,109180.005546,97602.7578125
2025-07-08,2025,LSTM (2023 design),108956.631703,108249.401004,97889.7578125
2025-07-09,2025,LSTM (2023 design),111416.80672,108956.631703,98158.1953125
2025-07-10,2025,LSTM (2023 design),115873.903784,111416.80672,98415.5390625
2025-07-11,2025,LSTM (2023 design),117618.605087,115873.903784,98693.484375
2025-07-12,2025,LSTM (2023 design),117382.372541,117618.605087,99029.0703125
2025-07-13,2025,LSTM (2023 design),118899.737108,117382.372541,99446.109375
2025-07-14,2025,LSTM (2023 design),119871.096198,118899.737108,99960.0546875
2025-07-15,2025,LSTM (2023 design),117710.891008,119871.096198,100575.3359375
2025-07-16,2025,LSTM (2023 design),118730.187792,117710.891008,101269.7734375
2025-07-17,2025,LSTM (2023 design),119501.663771,118730.187792,102014.546875
2025-07-18,2025,LSTM (2023 design),117958.511213,119501.663771,102780.75
2025-07-19,2025,LSTM (2023 design),117908.524732,117958.511213,103530.1953125
2025-07-20,2025,LSTM (2023 design),117305.680954,117908.524732,104226.890625
2025-07-21,2025,LSTM (2023 design),117432.435635,117305.680954,104837.9921875
2025-07-22,2025,LSTM (2023 design),120068.005789,117432.435635,105340.765625
2025-07-23,2025,LSTM (2023 design),118650.587166,120068.005789,105737.21875
2025-07-24,2025,LSTM (2023 design),118377.081937,118650.587166,106030.921875
2025-07-25,2025,LSTM (2023 design),117520.17335,118377.081937,106227.8984375
2025-07-26,2025,LSTM (2023 design),117983.204599,117520.17335,106331.9609375
2025-07-27,2025,LSTM (2023 design),119438.164236,117983.204599,106352.4375
2025-07-28,2025,LSTM (2023 design),118022.63732,119438.164236,106309.625
2025-07-29,2025,LSTM (2023 design),117871.370895,118022.63732,106217.34375
2025-07-30,2025,LSTM (2023 design),117732.643661,117871.370895,106087.0625
2025-07-31,2025,LSTM (2023 design),115848.339985,117732.643661,105928.4296875
2025-08-01,2025,LSTM (2023 design),113282.144336,115848.339985,105740.2890625
2025-08-02,2025,LSTM (2023 design),112545.673659,113282.144336,105507.5703125
2025-08-03,2025,LSTM (2023 design),114263.693948,112545.673659,105215.171875
2025-08-04,2025,LSTM (2023 design),115199.933659,114263.693948,104865.9765625
2025-08-05,2025,LSTM (2023 design),114111.361018,115199.933659,104477.4296875
2025-08-06,2025,LSTM (2023 design),115034.678749,114111.361018,104066.40625
2025-08-07,2025,LSTM (2023 design),117444.913924,115034.678749,103655.140625
2025-08-08,2025,LSTM (2023 design),116740.687721,117444.913924,103277.5546875
2025-08-09,2025,LSTM (2023 design),116511.655739,116740.687721,102959.84375
2025-08-10,2025,LSTM (2023 design),119189.19816,116511.655739,102718.0859375
2025-08-11,2025,LSTM (2023 design),118742.043049,119189.19816,102573.2578125
2025-08-12,2025,LSTM (2023 design),120154.324935,118742.043049,102534.9921875
2025-08-13,2025,LSTM (2023 design),123442.679822,120154.324935,102610.5390625
2025-08-14,2025,LSTM (2023 design),118510.271281,123442.679822,102814.828125
2025-08-15,2025,LSTM (2023 design),117311.209948,118510.271281,103124.9921875
2025-08-16,2025,LSTM (2023 design),117462.426846,117311.209948,103500.0546875
2025-08-17,2025,LSTM (2023 design),117601.952232,117462.426846,103897.6015625
2025-08-18,2025,LSTM (2023 design),116312.914398,117601.952232,104280.9453125
2025-08-19,2025,LSTM (2023 design),112886.101475,116312.914398,104614.65625
2025-08-20,2025,LSTM (2023 design),114277.32086,112886.101475,104854.5703125
2025-08-21,2025,LSTM (2023 design),112347.102298,114277.32086,104977.5546875
2025-08-22,2025,LSTM (2023 design),116800.977035,112347.102298,104966.328125
2025-08-23,2025,LSTM (2023 design),115280.444724,116800.977035,104842.953125
2025-08-24,2025,LSTM (2023 design),113516.122474,115280.444724,104632.65625
2025-08-25,2025,LSTM (2023 design),110089.533314,113516.122474,104354.5
2025-08-26,2025,LSTM (2023 design),111895.295495,110089.533314,104008.171875
2025-08-27,2025,LSTM (2023 design),111252.307236,111895.295495,103604.5625
2025-08-28,2025,LSTM (2023 design),112481.152904,111252.307236,103157.3515625
2025-08-29,2025,LSTM (2023 design),108473.330442,112481.152904,102689.21875
2025-08-30,2025,LSTM (2023 design),108746.150825,108473.330442,102202.7734375
2025-08-31,2025,LSTM (2023 design),108316.446895,108746.150825,101701.7734375
2025-09-01,2025,LSTM (2023 design),108992.324615,108316.446895,101190.7421875
2025-09-02,2025,LSTM (2023 design),111140.94716,108992.324615,100680.8671875
2025-09-03,2025,LSTM (2023 design),111780.743587,111140.94716,100197.5
2025-09-04,2025,LSTM (2023 design),110900.633413,111780.743587,99769.109375
2025-09-05,2025,LSTM (2023 design),110711.229485,110900.633413,99414.4375
2025-09-06,2025,LSTM (2023 design),110243.650742,110711.229485,99143.0
2025-09-07,2025,LSTM (2023 design),111307.784421,110243.650742,98954.3125
2025-09-08,2025,LSTM (2023 design),112112.311575,111307.784421,98847.5078125
2025-09-09,2025,LSTM (2023 design),111486.39678,112112.311575,98821.8671875
2025-09-10,2025,LSTM (2023 design),113930.748423,111486.39678,98869.40625
2025-09-11,2025,LSTM (2023 design),115445.812933,113930.748423,98991.78125
2025-09-12,2025,LSTM (2023 design),116149.174032,115445.812933,99195.1328125
2025-09-13,2025,LSTM (2023 design),115965.627551,116149.174032,99483.90625
2025-09-14,2025,LSTM (2023 design),115395.933423,115965.627551,99853.5
2025-09-15,2025,LSTM (2023 design),115420.931814,115395.933423,100288.3046875
2025-09-16,2025,LSTM (2023 design),116798.867051,115420.931814,100766.7109375
2025-09-17,2025,LSTM (2023 design),116575.777629,116798.867051,101271.6796875
2025-09-18,2025,LSTM (2023 design),117014.426762,116575.777629,101784.8515625
2025-09-19,2025,LSTM (2023 design),115612.372542,117014.426762,102290.3046875
2025-09-20,2025,LSTM (2023 design),115753.165961,115612.372542,102766.1796875
2025-09-21,2025,LSTM (2023 design),115320.858829,115753.165961,103193.203125
2025-09-22,2025,LSTM (2023 design),112727.707738,115320.858829,103554.609375
2025-09-23,2025,LSTM (2023 design),112052.393282,112727.707738,103825.265625
2025-09-24,2025,LSTM (2023 design),113324.623592,112052.393282,103984.2421875
2025-09-25,2025,LSTM (2023 design),109166.347975,113324.623592,104028.1640625
2025-09-26,2025,LSTM (2023 design),109669.102167,109166.347975,103942.8515625
2025-09-27,2025,LSTM (2023 design),109644.730693,109669.102167,103726.34375
2025-09-28,2025,LSTM (2023 design),112170.007786,109644.730693,103388.1953125
2025-09-29,2025,LSTM (2023 design),114341.141435,112170.007786,102962.5625
2025-09-30,2025,LSTM (2023 design),113971.742797,114341.141435,102499.78125
2025-10-01,2025,LSTM (2023 design),118393.270386,113971.742797,102047.3046875
2025-10-02,2025,LSTM (2023 design),120558.594007,118393.270386,101666.90625
2025-10-03,2025,LSTM (2023 design),122348.12764,120558.594007,101418.40625
2025-10-04,2025,LSTM (2023 design),122379.744318,122348.12764,101351.4609375
2025-10-05,2025,LSTM (2023 design),123523.768314,122379.744318,101491.1484375
2025-10-06,2025,LSTM (2023 design),124824.453667,123523.768314,101842.9921875
2025-10-07,2025,LSTM (2023 design),121587.699237,124824.453667,102397.484375
2025-10-08,2025,LSTM (2023 design),123390.353095,121587.699237,103108.578125
2025-10-09,2025,LSTM (2023 design),121603.332786,123390.353095,103927.6328125
2025-10-10,2025,LSTM (2023 design),113754.852328,121603.332786,104792.3984375
2025-10-11,2025,LSTM (2023 design),110940.113648,113754.852328,105599.203125
2025-10-12,2025,LSTM (2023 design),115152.917045,110940.113648,106242.015625
2025-10-13,2025,LSTM (2023 design),115332.25293,115152.917045,106668.2734375
2025-10-14,2025,LSTM (2023 design),113327.07941,115332.25293,106862.2578125
2025-10-15,2025,LSTM (2023 design),110862.872485,113327.07941,106824.9765625
2025-10-16,2025,LSTM (2023 design),108135.049606,110862.872485,106564.3671875
2025-10-17,2025,LSTM (2023 design),106625.668651,108135.049606,106088.4609375
2025-10-18,2025,LSTM (2023 design),107143.913935,106625.668651,105411.2109375
2025-10-19,2025,LSTM (2023 design),108706.663764,107143.913935,104563.3984375
2025-10-20,2025,LSTM (2023 design),110640.249515,108706.663764,103596.0
2025-10-21,2025,LSTM (2023 design),108700.382072,110640.249515,102576.171875
2025-10-22,2025,LSTM (2023 design),107667.630188,108700.382072,101559.46875
2025-10-23,2025,LSTM (2023 design),110060.936797,107667.630188,100587.8203125
2025-10-24,2025,LSTM (2023 design),111024.943147,110060.936797,99706.2578125
2025-10-25,2025,LSTM (2023 design),111614.535858,111024.943147,98954.8125
2025-10-26,2025,LSTM (2023 design),114557.100461,111614.535858,98363.7265625
2025-10-27,2025,LSTM (2023 design),114087.773805,114557.100461,97964.1015625
2025-10-28,2025,LSTM (2023 design),112980.685846,114087.773805,97769.625
2025-10-29,2025,LSTM (2023 design),110206.347983,112980.685846,97770.25
2025-10-30,2025,LSTM (2023 design),108019.723842,110206.347983,97926.6328125
2025-10-31,2025,LSTM (2023 design),109554.239628,108019.723842,98179.3671875
2025-11-01,2025,LSTM (2023 design),110005.295855,109554.239628,98478.3203125
2025-11-02,2025,LSTM (2023 design),110389.168627,110005.295855,98785.3203125
2025-11-03,2025,LSTM (2023 design),106495.80279,110389.168627,99074.8203125
2025-11-04,2025,LSTM (2023 design),101349.737232,106495.80279,99310.125
2025-11-05,2025,LSTM (2023 design),103915.884791,101349.737232,99436.0703125
2025-11-06,2025,LSTM (2023 design),101241.573678,103915.884791,99425.453125
2025-11-07,2025,LSTM (2023 design),103428.471747,101241.573678,99258.2421875
2025-11-08,2025,LSTM (2023 design),102335.021439,103428.471747,98944.078125
2025-11-09,2025,LSTM (2023 design),104685.545441,102335.021439,98503.0390625
2025-11-10,2025,LSTM (2023 design),106082.478157,104685.545441,97977.109375
2025-11-11,2025,LSTM (2023 design),102974.405612,106082.478157,97419.9140625
2025-11-12,2025,LSTM (2023 design),101682.126653,102974.405612,96864.59375
2025-11-13,2025,LSTM (2023 design),100035.310145,101682.126653,96328.4765625
2025-11-14,2025,LSTM (2023 design),94502.547603,100035.310145,95814.7265625
2025-11-15,2025,LSTM (2023 design),95541.315839,94502.547603,95294.2265625
2025-11-16,2025,LSTM (2023 design),94182.3131,95541.315839,94744.890625
2025-11-17,2025,LSTM (2023 design),91911.471347,94182.3131,94148.8125
2025-11-18,2025,LSTM (2023 design),92836.441911,91911.471347,93489.5
2025-11-19,2025,LSTM (2023 design),91320.481133,92836.441911,92767.34375
2025-11-20,2025,LSTM (2023 design),86911.298059,91320.481133,91988.609375
2025-11-21,2025,LSTM (2023 design),84948.046321,86911.298059,91146.53125
2025-11-22,2025,LSTM (2023 design),84775.001545,84948.046321,90231.84375
2025-11-23,2025,LSTM (2023 design),86872.454663,84775.001545,89245.72656249999
2025-11-24,2025,LSTM (2023 design),88377.602442,86872.454663,88212.28125000001
2025-11-25,2025,LSTM (2023 design),87434.550611,88377.602442,87173.6640625
2025-11-26,2025,LSTM (2023 design),90449.277068,87434.550611,86170.2109375
2025-11-27,2025,LSTM (2023 design),91336.200045,90449.277068,85253.1796875
2025-11-28,2025,LSTM (2023 design),90990.12661,91336.200045,84470.0390625
2025-11-29,2025,LSTM (2023 design),90842.073824,90990.12661,83853.5703125
2025-11-30,2025,LSTM (2023 design),90607.702151,90842.073824,83419.90625
2025-12-01,2025,LSTM (2023 design),86504.636816,90607.702151,83168.140625
2025-12-02,2025,LSTM (2023 design),91528.024581,86504.636816,83064.359375
2025-12-03,2025,LSTM (2023 design),93609.093866,91528.024581,83090.578125
2025-12-04,2025,LSTM (2023 design),92205.592954,93609.093866,83239.8984375
2025-12-05,2025,LSTM (2023 design),89279.834463,92205.592954,83496.96875
2025-12-06,2025,LSTM (2023 design),89169.557061,89279.834463,83827.203125
2025-12-07,2025,LSTM (2023 design),90067.847399,89169.557061,84192.96875
2025-12-08,2025,LSTM (2023 design),90673.144444,90067.847399,84563.3671875
2025-12-09,2025,LSTM (2023 design),92808.851848,90673.144444,84918.125
2025-12-10,2025,LSTM (2023 design),92102.930092,92808.851848,85255.109375
2025-12-11,2025,LSTM (2023 design),92623.719871,92102.930092,85572.90625
2025-12-12,2025,LSTM (2023 design),90331.608309,92623.719871,85873.390625
2025-12-13,2025,LSTM (2023 design),90245.267264,90331.608309,86147.4375
2025-12-14,2025,LSTM (2023 design),88096.382614,90245.267264,86384.125
2025-12-15,2025,LSTM (2023 design),86352.580257,88096.382614,86563.984375
2025-12-16,2025,LSTM (2023 design),87752.429034,86352.580257,86662.61718750001
2025-12-17,2025,LSTM (2023 design),86059.552224,87752.429034,86670.296875
2025-12-18,2025,LSTM (2023 design),85434.192867,86059.552224,86579.84375
2025-12-19,2025,LSTM (2023 design),88168.073833,85434.192867,86389.84375000001
2025-12-20,2025,LSTM (2023 design),88292.453637,88168.073833,86120.390625
2025-12-21,2025,LSTM (2023 design),88533.430983,88292.453637,85799.6875
2025-12-22,2025,LSTM (2023 design),88474.462233,88533.430983,85458.1875
2025-12-23,2025,LSTM (2023 design),87365.993787,88474.462233,85123.046875
2025-12-24,2025,LSTM (2023 design),87625.67079,87365.993787,84810.1640625
2025-12-25,2025,LSTM (2023 design),87231.304769,87625.67079,84530.5703125
2025-12-26,2025,LSTM (2023 design),87334.807781,87231.304769,84288.1875
2025-12-27,2025,LSTM (2023 design),87695.415908,87334.807781,84084.8984375
2025-12-28,2025,LSTM (2023 design),87747.649155,87695.415908,83921.25
2025-12-29,2025,LSTM (2023 design),87133.510399,87747.649155,83796.5
2025-12-30,2025,LSTM (2023 design),88428.492274,87133.510399,83706.265625
2025-12-31,2025,LSTM (2023 design),87516.978038,88428.492274,83650.5078125
2026-01-01,2026,LSTM (2023 design),88684.217847,87516.978038,89705.0
2026-01-02,2026,LSTM (2023 design),89940.180167,88684.217847,89611.4375
2026-01-03,2026,LSTM (2023 design),90598.130183,89940.180167,89542.4921875
2026-01-04,2026,LSTM (2023 design),91359.763682,90598.130183,89504.3203125
2026-01-05,2026,LSTM (2023 design),93948.582179,91359.763682,89503.296875
2026-01-06,2026,LSTM (2023 design),93574.287112,93948.582179,89549.546875
2026-01-07,2026,LSTM (2023 design),91208.956261,93574.287112,89650.0
2026-01-08,2026,LSTM (2023 design),91096.916155,91208.956261,89801.3671875
2026-01-09,2026,LSTM (2023 design),90539.603229,91096.916155,89995.1484375
2026-01-10,2026,LSTM (2023 design),90406.142411,90539.603229,90219.1796875
2026-01-11,2026,LSTM (2023 design),90717.206315,90406.142411,90459.5703125
2026-01-12,2026,LSTM (2023 design),91141.149849,90717.206315,90704.046875
2026-01-13,2026,LSTM (2023 design),95304.498294,91141.149849,90943.7890625
2026-01-14,2026,LSTM (2023 design),97043.992726,95304.498294,91182.5703125
2026-01-15,2026,LSTM (2023 design),95546.139738,97043.992726,91431.828125
2026-01-16,2026,LSTM (2023 design),95489.12996,95546.139738,91699.09375
2026-01-17,2026,LSTM (2023 design),95106.980463,95489.12996,91988.1328125
2026-01-18,2026,LSTM (2023 design),94261.329431,95106.980463,92298.0078125
2026-01-19,2026,LSTM (2023 design),92526.241964,94261.329431,92622.3671875
2026-01-20,2026,LSTM (2023 design),88236.563192,92526.241964,92948.4765625
2026-01-21,2026,LSTM (2023 design),89599.361875,88236.563192,93251.34375
2026-01-22,2026,LSTM (2023 design),89395.700736,89599.361875,93509.703125
2026-01-23,2026,LSTM (2023 design),89439.771891,89395.700736,93707.671875
2026-01-24,2026,LSTM (2023 design),89185.038699,89439.771891,93836.4453125
2026-01-25,2026,LSTM (2023 design),86445.670593,89185.038699,93892.8359375
2026-01-26,2026,LSTM (2023 design),88337.454551,86445.670593,93871.8515625
2026-01-27,2026,LSTM (2023 design),89260.38054,88337.454551,93776.78906249999
2026-01-28,2026,LSTM (2023 design),89177.789251,89260.38054,93618.5
2026-01-29,2026,LSTM (2023 design),84520.397311,89177.789251,93410.85937500001
2026-01-30,2026,LSTM (2023 design),84017.034029,84520.397311,93156.5546875
2026-01-31,2026,LSTM (2023 design),78702.385503,84017.034029,92854.96874999999
2026-02-01,2026,LSTM (2023 design),76911.052377,78702.385503,92492.59374999999
2026-02-02,2026,LSTM (2023 design),78716.601809,76911.052377,92052.4140625
2026-02-03,2026,LSTM (2023 design),75684.766028,78716.601809,91527.8203125
2026-02-04,2026,LSTM (2023 design),73095.191465,75684.766028,90913.6171875
2026-02-05,2026,LSTM (2023 design),63494.688446,73095.191465,90204.3515625
2026-02-06,2026,LSTM (2023 design),70647.698219,63494.688446,89376.1796875
2026-02-07,2026,LSTM (2023 design),69166.259442,70647.698219,88428.0859375
2026-02-08,2026,LSTM (2023 design),70522.589239,69166.259442,87370.140625
2026-02-09,2026,LSTM (2023 design),70244.101777,70522.589239,86224.7734375
2026-02-10,2026,LSTM (2023 design),68688.793113,70244.101777,85020.390625
2026-02-11,2026,LSTM (2023 design),66989.716592,68688.793113,83783.5078125
2026-02-12,2026,LSTM (2023 design),66221.544312,66989.716592,82535.078125
2026-02-13,2026,LSTM (2023 design),68860.841163,66221.544312,81291.671875
2026-02-14,2026,LSTM (2023 design),69798.079125,68860.841163,80074.40625
2026-02-15,2026,LSTM (2023 design),68629.959976,69798.079125,78906.703125
2026-02-16,2026,LSTM (2023 design),68747.438029,68629.959976,77806.640625
2026-02-17,2026,LSTM (2023 design),67471.050847,68747.438029,76788.0234375
2026-02-18,2026,LSTM (2023 design),66380.706961,67471.050847,75857.0859375
2026-02-19,2026,LSTM (2023 design),66932.352212,66380.706961,75012.65625
2026-02-20,2026,LSTM (2023 design),67977.309261,66932.352212,74251.5546875
2026-02-21,2026,LSTM (2023 design),68020.667761,67977.309261,73572.03125
2026-02-22,2026,LSTM (2023 design),67550.024077,68020.667761,72972.3125
2026-02-23,2026,LSTM (2023 design),64689.912331,67550.024077,72448.703125
2026-02-24,2026,LSTM (2023 design),64123.751078,64689.912331,71989.15625
2026-02-25,2026,LSTM (2023 design),68038.522179,64123.751078,71578.4296875
2026-02-26,2026,LSTM (2023 design),67519.264529,68038.522179,71212.0390625
2026-02-27,2026,LSTM (2023 design),65864.135817,67519.264529,70888.359375
2026-02-28,2026,LSTM (2023 design),66965.635309,65864.135817,70602.8515625
2026-03-01,2026,LSTM (2023 design),65733.52126,66965.635309,70353.0703125
2026-03-02,2026,LSTM (2023 design),68922.624297,65733.52126,70134.234375
2026-03-03,2026,LSTM (2023 design),68431.174031,68922.624297,69948.8203125
2026-03-04,2026,LSTM (2023 design),72667.463058,68431.174031,69799.875
2026-03-05,2026,LSTM (2023 design),70987.427177,72667.463058,69699.4375
2026-03-06,2026,LSTM (2023 design),68226.705393,70987.427177,69655.5234375
2026-03-07,2026,LSTM (2023 design),67315.552914,68226.705393,69664.921875
2026-03-08,2026,LSTM (2023 design),66202.697873,67315.552914,69716.40625
2026-03-09,2026,LSTM (2023 design),68528.53847,66202.697873,69793.3671875
2026-03-10,2026,LSTM (2023 design),69891.823858,68528.53847,69885.1796875
2026-03-11,2026,LSTM (2023 design),70298.575353,69891.823858,69987.5859375
2026-03-12,2026,LSTM (2023 design),70538.107462,70298.575353,70100.2578125
2026-03-13,2026,LSTM (2023 design),70930.013279,70538.107462,70224.5
2026-03-14,2026,LSTM (2023 design),71136.21792,70930.013279,70362.484375
2026-03-15,2026,LSTM (2023 design),72712.146196,71136.21792,70516.109375
2026-03-16,2026,LSTM (2023 design),74723.957553,72712.146196,70689.3515625
2026-03-17,2026,LSTM (2023 design),74086.01361,74723.957553,70890.015625
2026-03-18,2026,LSTM (2023 design),71253.957928,74086.01361,71123.21875
2026-03-19,2026,LSTM (2023 design),69948.904827,71253.957928,71383.75
2026-03-20,2026,LSTM (2023 design),70510.41968,69948.904827,71658.3046875
2026-03-21,2026,LSTM (2023 design),69707.285009,70510.41968,71932.9765625
2026-03-22,2026,LSTM (2023 design),68018.153482,69707.285009,72193.6328125
2026-03-23,2026,LSTM (2023 design),70726.211046,68018.153482,72424.3515625
2026-03-24,2026,LSTM (2023 design),70610.018712,70726.211046,72618.671875
2026-03-25,2026,LSTM (2023 design),71281.297392,70610.018712,72775.03125
2026-03-26,2026,LSTM (2023 design),68722.971837,71281.297392,72897.2421875
2026-03-27,2026,LSTM (2023 design),66214.171513,68722.971837,72984.8046875
2026-03-28,2026,LSTM (2023 design),66351.072525,66214.171513,73030.296875
2026-03-29,2026,LSTM (2023 design),65966.752394,66351.072525,73026.96875
2026-03-30,2026,LSTM (2023 design),66651.232004,65966.752394,72970.0546875
2026-03-31,2026,LSTM (2023 design),68214.868039,66651.232004,72859.8828125
2026-04-01,2026,LSTM (2023 design),68116.816793,68214.868039,72704.7578125
2026-04-02,2026,LSTM (2023 design),66908.317992,68116.816793,72516.2734375
2026-04-03,2026,LSTM (2023 design),66891.742228,66908.317992,72303.9140625
2026-04-04,2026,LSTM (2023 design),67295.130914,66891.742228,72075.7578125
2026-04-05,2026,LSTM (2023 design),68921.806091,67295.130914,71839.8046875
2026-04-06,2026,LSTM (2023 design),68742.913309,68921.806091,71607.4453125
2026-04-07,2026,LSTM (2023 design),72057.124361,68742.913309,71389.1171875
2026-04-08,2026,LSTM (2023 design),71085.05837,72057.124361,71201.375
2026-04-09,2026,LSTM (2023 design),71788.679783,71085.05837,71056.953125
2026-04-10,2026,LSTM (2023 design),72945.070724,71788.679783,70965.390625
2026-04-11,2026,LSTM (2023 design),73119.109117,72945.070724,70934.4140625
2026-04-12,2026,LSTM (2023 design),70685.369702,73119.109117,70968.1171875
2026-04-13,2026,LSTM (2023 design),74632.745586,70685.369702,71060.09375
2026-04-14,2026,LSTM (2023 design),74173.50836,74632.745586,71208.5703125
2026-04-15,2026,LSTM (2023 design),74761.964655,74173.50836,71410.40625
2026-04-16,2026,LSTM (2023 design),75095.744216,74761.964655,71661.4921875
2026-04-17,2026,LSTM (2023 design),77114.481438,75095.744216,71957.09375
2026-04-18,2026,LSTM (2023 design),75792.063751,77114.481438,72295.140625
2026-04-19,2026,LSTM (2023 design),73905.204102,75792.063751,72670.1875
2026-04-20,2026,LSTM (2023 design),75814.145324,73905.204102,73069.3984375
2026-04-21,2026,LSTM (2023 design),76107.443298,75814.145324,73482.734375
2026-04-22,2026,LSTM (2023 design),78317.742272,76107.443298,73902.09375
2026-04-23,2026,LSTM (2023 design),78233.683749,78317.742272,74325.5703125
2026-04-24,2026,LSTM (2023 design),77444.269277,78233.683749,74752.6640625
2026-04-25,2026,LSTM (2023 design),77624.711482,77444.269277,75180.71875
2026-04-26,2026,LSTM (2023 design),78538.773357,77624.711482,75606.2578125
2026-04-27,2026,LSTM (2023 design),77256.29716,78538.773357,76027.1015625
2026-04-28,2026,LSTM (2023 design),76295.531117,77256.29716,76437.890625
2026-04-29,2026,LSTM (2023 design),75795.009853,76295.531117,76830.07031249999
2026-04-30,2026,LSTM (2023 design),76299.616129,75795.009853,77193.7734375
2026-05-01,2026,LSTM (2023 design),78132.643785,76299.616129,77521.6640625
2026-05-02,2026,LSTM (2023 design),78712.538732,78132.643785,77813.7734375
2026-05-03,2026,LSTM (2023 design),78649.173289,78712.538732,78074.8359375
2026-05-04,2026,LSTM (2023 design),79826.107817,78649.173289,78310.8671875
2026-05-05,2026,LSTM (2023 design),80936.754825,79826.107817,78530.3203125
2026-05-06,2026,LSTM (2023 design),81364.620129,80936.754825,78743.59375
2026-05-07,2026,LSTM (2023 design),79988.998734,81364.620129,78960.6796875
2026-05-08,2026,LSTM (2023 design),80179.692296,79988.998734,79185.484375
2026-05-09,2026,LSTM (2023 design),80663.629652,80179.692296,79418.7265625
2026-05-10,2026,LSTM (2023 design),82256.781138,80663.629652,79659.75
2026-05-11,2026,LSTM (2023 design),81714.74205,82256.781138,79910.4921875
2026-05-12,2026,LSTM (2023 design),80525.563025,81714.74205,80170.953125
2026-05-13,2026,LSTM (2023 design),79291.911002,80525.563025,80436.8125
2026-05-14,2026,LSTM (2023 design),81175.827112,79291.911002,80698.8515625
2026-05-15,2026,LSTM (2023 design),79063.414576,81175.827112,80951.7734375
2026-05-16,2026,LSTM (2023 design),78164.495271,79063.414576,81187.09375
2026-05-17,2026,LSTM (2023 design),77497.697113,78164.495271,81394.5234375
2026-05-18,2026,LSTM (2023 design),76975.9112,77497.697113,81563.60156249999
2026-05-19,2026,LSTM (2023 design),76807.460956,76975.9112,81685.3046875
2026-05-20,2026,LSTM (2023 design),77408.172209,76807.460956,81753.7578125
2026-05-21,2026,LSTM (2023 design),77595.386172,77408.172209,81768.75781249999
2026-05-22,2026,LSTM (2023 design),75567.543043,77595.386172,81734.44531250001
2026-05-23,2026,LSTM (2023 design),76619.866609,75567.543043,81652.515625
